,,7,Command area,,,,,,,,,,,,Non-Command area,,,,,,,,,,,,Poor quality,,,,,,,,,,,
Sr.No,Watershed name,,Agriculture,,,,Domestic,,,,Industrial,,,,Agriculture,,,,Domestic,,,,Industrial,,,,Agriculture,,,,,,,,Industrial,,,
,,Type of well,yield,No.of,Days of operation of wells,,yield,No.of,Days of operation of wells,,yield,No.of,Days of operation of wells,,yield,No.of,Days of operation of wells,,yield,No.of,Days of operation of wells,,yield,No.of,Days of operation of wells,,yield,No.of,Days of operation of wells,,,,,,yield,No.of,Days of operation of wells,
,,,lph,wells,Monsoon,Non - Monsoon,lph,wells,Monsoon,Non - Monsoon,lph,wells,Monsoon,Non - Monsoon,lph,wells,Monsoon,Non - Monsoon,lph,wells,Monsoon,Non - Monsoon,lph,wells,Monsoon,Non - Monsoon,lph,wells,Monsoon,Non - Monsoon,,,,,lph,wells,Monsoon,Non - Monsoon
1,ATP_C_65_Amalladinne,DW,4050,176.5714285714,40,90,900,2.2857142857,120,240,3750,0,120,240,4050,384.5714285714,40,90,900,16,120,240,3750,2.1428571429,120,240,4050,0,40,90,,,,,3750,0,120,240
2,ATP_C_65_Amalladinne,DW+PS/DCB,3750,176.5714285714,40,90,4500,2.2857142857,120,240,7500,0,120,240,3750,384.5714285714,40,90,4500,16,120,240,7500,2.1428571429,120,240,7500,0,40,90,,,,,7500,0,120,240
3,ATP_C_65_Amalladinne,BWs,5250,176.5714285714,40,90,6000,2.2857142857,120,240,7500,0,120,240,7500,384.5714285714,40,90,5400,16,120,240,7500,2.1428571429,120,240,15000,0,40,90,,,,,7500,0,120,240
4,ATP_C_65_Amalladinne,STW,23100,176.5714285714,40,90,5400,2.2857142857,120,240,7500,0,120,240,23100,384.5714285714,40,90,5400,16,120,240,7500,2.1428571429,120,240,23100,0,40,90,,,,,7500,0,120,240
5,ATP_C_65_Amalladinne,MTW,47250,176.5714285714,40,90,10800,2.2857142857,120,240,7500,0,120,240,47250,384.5714285714,40,90,10800,16,120,240,7500,2.1428571429,120,240,47250,0,40,90,,,,,7500,0,120,240
6,ATP_C_65_Amalladinne,Deep TW,67500,176.5714285714,40,90,10800,2.2857142857,120,240,15000,0,120,240,67500,384.5714285714,40,90,10800,16,120,240,15000,2.1428571429,120,240,67500,0,40,90,,,,,15000,0,120,240
7,ATP_C_65_Amalladinne,Filter Points,7500,176.5714285714,40,90,5400,2.2857142857,120,240,7500,0,120,240,8250,384.5714285714,40,90,5400,16,120,240,7500,2.1428571429,120,240,7500,0,40,90,,,,,7500,0,120,240
8,ATP_C_46_Chadam,DW,4050,0,40,90,900,0.5714285714,120,240,3750,0,120,240,4050,172.7142857143,40,90,900,4.8571428571,120,240,3750,0,120,240,4050,0,40,90,,,,,3750,0,120,240
9,ATP_C_46_Chadam,DW+PS/DCB,7500,0,40,90,4500,0.5714285714,120,240,7500,0,120,240,6000,172.7142857143,40,90,4500,4.8571428571,120,240,7500,0,120,240,7500,0,40,90,,,,,7500,0,120,240
10,ATP_C_46_Chadam,BWs,15750,0,40,90,5400,0.5714285714,120,240,7500,0,120,240,16500,172.7142857143,40,90,5400,4.8571428571,120,240,7500,0,120,240,15000,0,40,90,,,,,7500,0,120,240
11,ATP_C_46_Chadam,STW,23100,0,40,90,5400,0.5714285714,120,240,7500,0,120,240,23100,172.7142857143,40,90,5400,4.8571428571,120,240,7500,0,120,240,23100,0,40,90,,,,,7500,0,120,240
12,ATP_C_46_Chadam,MTW,47250,0,40,90,10800,0.5714285714,120,240,7500,0,120,240,47250,172.7142857143,40,90,10800,4.8571428571,120,240,7500,0,120,240,47250,0,40,90,,,,,7500,0,120,240
13,ATP_C_46_Chadam,Deep TW,67500,0,40,90,10800,0.5714285714,120,240,15000,0,120,240,67500,172.7142857143,40,90,10800,4.8571428571,120,240,15000,0,120,240,67500,0,40,90,,,,,15000,0,120,240
14,ATP_C_46_Chadam,Filter Points,7500,0,40,90,5400,0.5714285714,120,240,7500,0,120,240,8250,172.7142857143,40,90,5400,4.8571428571,120,240,7500,0,120,240,7500,0,40,90,,,,,7500,0,120,240
15,ATP_D_46_D.Hirehal,DW,4050,273.4285714286,40,90,900,19.2857142857,120,240,3750,0.2857142857,120,240,4050,145.7142857143,40,90,900,17.7142857143,120,240,3750,8.8571428571,120,240,4050,0,40,90,,,,,3750,0,120,240
16,ATP_D_46_D.Hirehal,DW+PS/DCB,3750,273.4285714286,40,90,4500,19.2857142857,120,240,7500,0.2857142857,120,240,6000,145.7142857143,40,90,4500,17.7142857143,120,240,7500,8.8571428571,120,240,7500,0,40,90,,,,,7500,0,120,240
17,ATP_D_46_D.Hirehal,BWs,8250,273.4285714286,40,90,5400,19.2857142857,120,240,7500,0.2857142857,120,240,9000,145.7142857143,40,90,5400,17.7142857143,120,240,7500,8.8571428571,120,240,15000,0,40,90,,,,,7500,0,120,240
18,ATP_D_46_D.Hirehal,STW,23100,273.4285714286,40,90,5400,19.2857142857,120,240,7500,0.2857142857,120,240,23100,145.7142857143,40,90,5400,17.7142857143,120,240,7500,8.8571428571,120,240,23100,0,40,90,,,,,7500,0,120,240
19,ATP_D_46_D.Hirehal,MTW,47250,273.4285714286,40,90,10800,19.2857142857,120,240,7500,0.2857142857,120,240,47250,145.7142857143,40,90,10800,17.7142857143,120,240,7500,8.8571428571,120,240,47250,0,40,90,,,,,7500,0,120,240
20,ATP_D_46_D.Hirehal,Deep TW,67500,273.4285714286,40,90,10800,19.2857142857,120,240,15000,0.2857142857,120,240,67500,145.7142857143,40,90,10800,17.7142857143,120,240,15000,8.8571428571,120,240,67500,0,40,90,,,,,15000,0,120,240
21,ATP_D_46_D.Hirehal,Filter Points,7500,273.4285714286,40,90,5400,19.2857142857,120,240,7500,0.2857142857,120,240,8250,145.7142857143,40,90,5400,17.7142857143,120,240,7500,8.8571428571,120,240,7500,0,40,90,,,,,7500,0,120,240
22,ATP_D_46_Donekal,DW,4050,23.1428571429,40,90,900,10.2857142857,120,240,3750,0,120,240,4050,93,40,90,900,11.1428571429,120,240,3750,0,120,240,4050,0,40,90,,,,,3750,0,120,240
23,ATP_D_46_Donekal,DW+PS/DCB,7500,23.1428571429,40,90,4500,10.2857142857,120,240,7500,0,120,240,6000,93,40,90,4500,11.1428571429,120,240,7500,0,120,240,7500,0,40,90,,,,,7500,0,120,240
24,ATP_D_46_Donekal,BWs,11250,23.1428571429,40,90,5400,10.2857142857,120,240,8250,0,120,240,7500,93,40,90,5400,11.1428571429,120,240,7500,0,120,240,15000,0,40,90,,,,,7500,0,120,240
25,ATP_D_46_Donekal,STW,23100,23.1428571429,40,90,5400,10.2857142857,120,240,7500,0,120,240,23100,93,40,90,5400,11.1428571429,120,240,7500,0,120,240,23100,0,40,90,,,,,7500,0,120,240
26,ATP_D_46_Donekal,MTW,47250,23.1428571429,40,90,10800,10.2857142857,120,240,7500,0,120,240,47250,93,40,90,10800,11.1428571429,120,240,7500,0,120,240,47250,0,40,90,,,,,7500,0,120,240
27,ATP_D_46_Donekal,Deep TW,67500,23.1428571429,40,90,10800,10.2857142857,120,240,15000,0,120,240,67500,93,40,90,10800,11.1428571429,120,240,15000,0,120,240,67500,0,40,90,,,,,15000,0,120,240
28,ATP_D_46_Donekal,Filter Points,7500,23.1428571429,40,90,5400,10.2857142857,120,240,7500,0,120,240,8250,93,40,90,5400,11.1428571429,120,240,7500,0,120,240,7500,0,40,90,,,,,7500,0,120,240
29,ATP_D_46_Kanekal,DW,4050,285,40,90,900,16.5714285714,120,240,3750,0,120,240,4050,128.4285714286,40,90,900,10,120,240,3750,0,120,240,4050,0,40,90,,,,,3750,0,120,240
30,ATP_D_46_Kanekal,DW+PS/DCB,7500,285,40,90,4500,16.5714285714,120,240,7500,0,120,240,6000,128.4285714286,40,90,4500,10,120,240,7500,0,120,240,7500,0,40,90,,,,,7500,0,120,240
31,ATP_D_46_Kanekal,BWs,5250,285,40,90,5400,16.5714285714,120,240,7500,0,120,240,3300,128.4285714286,40,90,5400,10,120,240,7500,0,120,240,15000,0,40,90,,,,,7500,0,120,240
32,ATP_D_46_Kanekal,STW,23100,285,40,90,5400,16.5714285714,120,240,7500,0,120,240,23100,128.4285714286,40,90,5400,10,120,240,7500,0,120,240,23100,0,40,90,,,,,7500,0,120,240
33,ATP_D_46_Kanekal,MTW,47250,285,40,90,10800,16.5714285714,120,240,7500,0,120,240,47250,128.4285714286,40,90,10800,10,120,240,7500,0,120,240,47250,0,40,90,,,,,7500,0,120,240
34,ATP_D_46_Kanekal,Deep TW,67500,285,40,90,10800,16.5714285714,120,240,15000,0,120,240,67500,128.4285714286,40,90,10800,10,120,240,15000,0,120,240,67500,0,40,90,,,,,15000,0,120,240
35,ATP_D_46_Kanekal,Filter Points,7500,285,40,90,5400,16.5714285714,120,240,7500,0,120,240,8250,128.4285714286,40,90,5400,10,120,240,7500,0,120,240,7500,0,40,90,,,,,7500,0,120,240
36,ATP_C_65_Ubicherla,DW,4050,37.2857142857,40,90,900,13.5714285714,120,240,3750,0.7142857143,120,240,4050,156.1428571429,40,90,900,63.4285714286,120,240,3750,0.1428571429,120,240,4050,0,40,90,,,,,3750,0,120,240
37,ATP_C_65_Ubicherla,DW+PS/DCB,3750,37.2857142857,40,90,4500,13.5714285714,120,240,7500,0.7142857143,120,240,6000,156.1428571429,40,90,4500,63.4285714286,120,240,7500,0.1428571429,120,240,7500,0,40,90,,,,,7500,0,120,240
38,ATP_C_65_Ubicherla,BWs,6000,37.2857142857,40,90,5400,13.5714285714,120,240,7500,0.7142857143,120,240,9000,156.1428571429,40,90,5400,63.4285714286,120,240,7500,0.1428571429,120,240,15000,0,40,90,,,,,7500,0,120,240
39,ATP_C_65_Ubicherla,STW,23100,37.2857142857,40,90,5400,13.5714285714,120,240,7500,0.7142857143,120,240,23100,156.1428571429,40,90,5400,63.4285714286,120,240,7500,0.1428571429,120,240,23100,0,40,90,,,,,7500,0,120,240
40,ATP_C_65_Ubicherla,MTW,47250,37.2857142857,40,90,10800,13.5714285714,120,240,7500,0.7142857143,120,240,47250,156.1428571429,40,90,10800,63.4285714286,120,240,7500,0.1428571429,120,240,47250,0,40,90,,,,,7500,0,120,240
41,ATP_C_65_Ubicherla,Deep TW,67500,37.2857142857,40,90,10800,13.5714285714,120,240,15000,0.7142857143,120,240,67500,156.1428571429,40,90,10800,63.4285714286,120,240,15000,0.1428571429,120,240,67500,0,40,90,,,,,15000,0,120,240
42,ATP_C_65_Ubicherla,Filter Points,7500,37.2857142857,40,90,5400,13.5714285714,120,240,7500,0.7142857143,120,240,8250,156.1428571429,40,90,5400,63.4285714286,120,240,7500,0.1428571429,120,240,7500,0,40,90,,,,,7500,0,120,240
43,ATP_C_65_Budedu,DW,4050,270.4285714286,40,90,900,21.4285714286,120,240,3750,0,120,240,4050,0,40,90,900,0,120,240,3750,0,120,240,4050,0,40,90,,,,,3750,0,120,240
44,ATP_C_65_Budedu,DW+PS/DCB,3750,270.4285714286,40,90,4500,21.4285714286,120,240,7500,0,120,240,6000,0,40,90,4500,0,120,240,7500,0,120,240,7500,0,40,90,,,,,7500,0,120,240
45,ATP_C_65_Budedu,BWs,4650,270.4285714286,40,90,5400,21.4285714286,120,240,7500,0,120,240,9000,0,40,90,5400,0,120,240,7500,0,120,240,15000,0,40,90,,,,,7500,0,120,240
46,ATP_C_65_Budedu,STW,23100,270.4285714286,40,90,5400,21.4285714286,120,240,7500,0,120,240,23100,0,40,90,5400,0,120,240,7500,0,120,240,23100,0,40,90,,,,,7500,0,120,240
47,ATP_C_65_Budedu,MTW,47250,270.4285714286,40,90,10800,21.4285714286,120,240,7500,0,120,240,47250,0,40,90,10800,0,120,240,7500,0,120,240,47250,0,40,90,,,,,7500,0,120,240
48,ATP_C_65_Budedu,Deep TW,67500,270.4285714286,40,90,10800,21.4285714286,120,240,15000,0,120,240,67500,0,40,90,10800,0,120,240,15000,0,120,240,67500,0,40,90,,,,,15000,0,120,240
49,ATP_C_65_Budedu,Filter Points,7500,270.4285714286,40,90,5400,21.4285714286,120,240,7500,0,120,240,8250,0,40,90,5400,0,120,240,7500,0,120,240,7500,0,40,90,,,,,7500,0,120,240
50,ATP_C_65_Guntakal,DW,4050,38.1428571429,40,90,900,12.4285714286,120,240,3750,0,120,240,4050,215.2857142857,40,90,900,61.8571428571,120,240,3750,0,120,240,4050,0,40,90,,,,,3750,0,120,240
51,ATP_C_65_Guntakal,DW+PS/DCB,7500,38.1428571429,40,90,4500,12.4285714286,120,240,7500,0,120,240,7500,215.2857142857,40,90,4500,61.8571428571,120,240,7500,0,120,240,7500,0,40,90,,,,,7500,0,120,240
52,ATP_C_65_Guntakal,BWs,12000,38.1428571429,40,90,5400,12.4285714286,120,240,7500,0,120,240,4650,215.2857142857,40,90,5400,61.8571428571,120,240,7500,0,120,240,15000,0,40,90,,,,,7500,0,120,240
53,ATP_C_65_Guntakal,STW,23100,38.1428571429,40,90,5400,12.4285714286,120,240,7500,0,120,240,23100,215.2857142857,40,90,5400,61.8571428571,120,240,7500,0,120,240,23100,0,40,90,,,,,7500,0,120,240
54,ATP_C_65_Guntakal,MTW,47250,38.1428571429,40,90,10800,12.4285714286,120,240,7500,0,120,240,47250,215.2857142857,40,90,10800,61.8571428571,120,240,7500,0,120,240,47250,0,40,90,,,,,7500,0,120,240
55,ATP_C_65_Guntakal,Deep TW,67500,38.1428571429,40,90,10800,12.4285714286,120,240,15000,0,120,240,67500,215.2857142857,40,90,10800,61.8571428571,120,240,15000,0,120,240,67500,0,40,90,,,,,15000,0,120,240
56,ATP_C_65_Guntakal,Filter Points,7500,38.1428571429,40,90,5400,12.4285714286,120,240,7500,0,120,240,8250,215.2857142857,40,90,5400,61.8571428571,120,240,7500,0,120,240,7500,0,40,90,,,,,7500,0,120,240
57,ATP_C_65_Kaderpet,DW,4050,293.1428571429,40,90,900,14.7142857143,120,240,3750,0,120,240,4050,139,40,90,900,30.1428571429,120,240,3750,1.4285714286,120,240,4050,0,40,90,,,,,3750,0,120,240
58,ATP_C_65_Kaderpet,DW+PS/DCB,3750,293.1428571429,40,90,4500,14.7142857143,120,240,7500,0,120,240,6000,139,40,90,4500,30.1428571429,120,240,7500,1.4285714286,120,240,7500,0,40,90,,,,,7500,0,120,240
59,ATP_C_65_Kaderpet,BWs,4200,293.1428571429,40,90,4800,14.7142857143,120,240,5100,0,120,240,5100,139,40,90,4500,30.1428571429,120,240,4800,1.4285714286,120,240,15000,0,40,90,,,,,7500,0,120,240
60,ATP_C_65_Kaderpet,STW,23100,293.1428571429,40,90,5400,14.7142857143,120,240,7500,0,120,240,23100,139,40,90,5400,30.1428571429,120,240,7500,1.4285714286,120,240,23100,0,40,90,,,,,7500,0,120,240
61,ATP_C_65_Kaderpet,MTW,47250,293.1428571429,40,90,10800,14.7142857143,120,240,7500,0,120,240,47250,139,40,90,10800,30.1428571429,120,240,7500,1.4285714286,120,240,47250,0,40,90,,,,,7500,0,120,240
62,ATP_C_65_Kaderpet,Deep TW,67500,293.1428571429,40,90,10800,14.7142857143,120,240,15000,0,120,240,67500,139,40,90,10800,30.1428571429,120,240,15000,1.4285714286,120,240,67500,0,40,90,,,,,15000,0,120,240
63,ATP_C_65_Kaderpet,Filter Points,7500,293.1428571429,40,90,5400,14.7142857143,120,240,7500,0,120,240,8250,139,40,90,5400,30.1428571429,120,240,7500,1.4285714286,120,240,7500,0,40,90,,,,,7500,0,120,240
64,ATP_C_65_Midthuru,DW,4050,107.8571428571,40,90,900,12.4285714286,120,240,3750,0,120,240,4050,18.1428571429,40,90,900,4.8571428571,120,240,3750,0,120,240,4050,0,40,90,,,,,3750,0,120,240
65,ATP_C_65_Midthuru,DW+PS/DCB,3750,107.8571428571,40,90,4500,12.4285714286,120,240,7500,0,120,240,6000,18.1428571429,40,90,4500,4.8571428571,120,240,7500,0,120,240,7500,0,40,90,,,,,7500,0,120,240
66,ATP_C_65_Midthuru,BWs,6000,107.8571428571,40,90,5400,12.4285714286,120,240,7500,0,120,240,9000,18.1428571429,40,90,5400,4.8571428571,120,240,7500,0,120,240,15000,0,40,90,,,,,7500,0,120,240
67,ATP_C_65_Midthuru,STW,23100,107.8571428571,40,90,5400,12.4285714286,120,240,7500,0,120,240,23100,18.1428571429,40,90,5400,4.8571428571,120,240,7500,0,120,240,23100,0,40,90,,,,,7500,0,120,240
68,ATP_C_65_Midthuru,MTW,47250,107.8571428571,40,90,10800,12.4285714286,120,240,7500,0,120,240,47250,18.1428571429,40,90,10800,4.8571428571,120,240,7500,0,120,240,47250,0,40,90,,,,,7500,0,120,240
69,ATP_C_65_Midthuru,Deep TW,67500,107.8571428571,40,90,10800,12.4285714286,120,240,15000,0,120,240,67500,18.1428571429,40,90,10800,4.8571428571,120,240,15000,0,120,240,67500,0,40,90,,,,,15000,0,120,240
70,ATP_C_65_Midthuru,Filter Points,7500,107.8571428571,40,90,5400,12.4285714286,120,240,7500,0,120,240,8250,18.1428571429,40,90,5400,4.8571428571,120,240,7500,0,120,240,7500,0,40,90,,,,,7500,0,120,240
71,ATP_C_65_Tarimala,DW,4050,237.1428571429,40,90,900,15.1428571429,120,240,3750,0,120,240,0,0,,,0,0,,,0,0,,,0,0,,,,,,,0,0,,
72,ATP_C_65_Tarimala,DW+PS/DCB,7500,237.1428571429,40,90,4500,15.1428571429,120,240,7500,0,120,240,0,0,,,0,0,,,0,0,,,0,0,,,,,,,0,0,,
73,ATP_C_65_Tarimala,BWs,5700,237.1428571429,40,90,5400,15.1428571429,120,240,7500,0,120,240,0,0,,,0,0,,,0,0,,,0,0,,,,,,,0,0,,
74,ATP_C_65_Tarimala,STW,23100,237.1428571429,40,90,5400,15.1428571429,120,240,7500,0,120,240,0,0,,,0,0,,,0,0,,,0,0,,,,,,,0,0,,
75,ATP_C_65_Tarimala,MTW,47250,237.1428571429,40,90,10800,15.1428571429,120,240,7500,0,120,240,0,0,,,0,0,,,0,0,,,0,0,,,,,,,0,0,,
76,ATP_C_65_Tarimala,Deep TW,67500,237.1428571429,40,90,10800,15.1428571429,120,240,15000,0,120,240,0,0,,,0,0,,,0,0,,,0,0,,,,,,,0,0,,
77,ATP_C_65_Tarimala,Filter Points,7500,237.1428571429,40,90,5400,15.1428571429,120,240,7500,0,120,240,0,0,,,0,0,,,0,0,,,0,0,,,,,,,0,0,,
78,ATP_C_66_Ananthapuramu,DW,4050,127.7142857143,40,90,900,16,120,240,3750,0,120,240,4050,211.5714285714,40,90,900,294.5714285714,120,240,3750,4.5714285714,120,240,4050,0,40,90,,,,,3750,0,120,240
79,ATP_C_66_Ananthapuramu,DW+PS/DCB,3750,127.7142857143,40,90,4500,16,120,240,7500,0,120,240,6000,211.5714285714,40,90,4500,294.5714285714,120,240,7500,4.5714285714,120,240,7500,0,40,90,,,,,7500,0,120,240
80,ATP_C_66_Ananthapuramu,BWs,6750,127.7142857143,40,90,5400,16,120,240,7500,0,120,240,5700,211.5714285714,40,90,5400,294.5714285714,120,240,7500,4.5714285714,120,240,15000,0,40,90,,,,,7500,0,120,240
81,ATP_C_66_Ananthapuramu,STW,23100,127.7142857143,40,90,5400,16,120,240,7500,0,120,240,23100,211.5714285714,40,90,5400,294.5714285714,120,240,7500,4.5714285714,120,240,23100,0,40,90,,,,,7500,0,120,240
82,ATP_C_66_Ananthapuramu,MTW,47250,127.7142857143,40,90,10800,16,120,240,7500,0,120,240,47250,211.5714285714,40,90,10800,294.5714285714,120,240,7500,4.5714285714,120,240,47250,0,40,90,,,,,7500,0,120,240
83,ATP_C_66_Ananthapuramu,Deep TW,67500,127.7142857143,40,90,10800,16,120,240,15000,0,120,240,67500,211.5714285714,40,90,10800,294.5714285714,120,240,15000,4.5714285714,120,240,67500,0,40,90,,,,,15000,0,120,240
84,ATP_C_66_Ananthapuramu,Filter Points,7500,127.7142857143,40,90,5400,16,120,240,7500,0,120,240,8250,211.5714285714,40,90,5400,294.5714285714,120,240,7500,4.5714285714,120,240,7500,0,40,90,,,,,7500,0,120,240
85,ATP_C_66_Narpala,DW,4050,316.1428571429,40,90,900,7.7142857143,120,240,3750,0,120,240,4050,293.4285714286,40,90,900,33.2857142857,120,240,3750,0,120,240,4050,0,40,90,,,,,3750,0,120,240
86,ATP_C_66_Narpala,DW+PS/DCB,6000,316.1428571429,40,90,4500,7.7142857143,120,240,7500,0,120,240,5250,293.4285714286,40,90,4500,33.2857142857,120,240,7500,0,120,240,7500,0,40,90,,,,,7500,0,120,240
87,ATP_C_66_Narpala,BWs,5700,316.1428571429,40,90,5400,7.7142857143,120,240,7500,0,120,240,4800,293.4285714286,40,90,5400,33.2857142857,120,240,7500,0,120,240,15000,0,40,90,,,,,7500,0,120,240
88,ATP_C_66_Narpala,STW,23100,316.1428571429,40,90,5400,7.7142857143,120,240,7500,0,120,240,23100,293.4285714286,40,90,5400,33.2857142857,120,240,7500,0,120,240,23100,0,40,90,,,,,7500,0,120,240
89,ATP_C_66_Narpala,MTW,47250,316.1428571429,40,90,10800,7.7142857143,120,240,7500,0,120,240,47250,293.4285714286,40,90,10800,33.2857142857,120,240,7500,0,120,240,47250,0,40,90,,,,,7500,0,120,240
90,ATP_C_66_Narpala,Deep TW,67500,316.1428571429,40,90,10800,7.7142857143,120,240,15000,0,120,240,67500,293.4285714286,40,90,10800,33.2857142857,120,240,15000,0,120,240,67500,0,40,90,,,,,15000,0,120,240
91,ATP_C_66_Narpala,Filter Points,7500,316.1428571429,40,90,5400,7.7142857143,120,240,7500,0,120,240,8250,293.4285714286,40,90,5400,33.2857142857,120,240,7500,0,120,240,7500,0,40,90,,,,,7500,0,120,240
92,ATP_C_66_Rotarypuram,DW+PS/DCB,3150,372,40,90,900,19.4285714286,120,240,3750,0.2857142857,120,240,4050,53.5714285714,40,90,900,10.1428571429,120,240,3750,1.4285714286,120,240,4050,0,40,90,,,,,3750,0,120,240
93,ATP_C_66_Rotarypuram,BWs,4800,372,40,90,4500,19.4285714286,120,240,7500,0.2857142857,120,240,6000,53.5714285714,40,90,4500,10.1428571429,120,240,7500,1.4285714286,120,240,7500,0,40,90,,,,,7500,0,120,240
94,ATP_C_66_Rotarypuram,STW,23100,372,40,90,5400,19.4285714286,120,240,7500,0.2857142857,120,240,4800,53.5714285714,40,90,5400,10.1428571429,120,240,7500,1.4285714286,120,240,15000,0,40,90,,,,,7500,0,120,240
95,ATP_C_66_Rotarypuram,MTW,47250,372,40,90,5400,19.4285714286,120,240,7500,0.2857142857,120,240,23100,53.5714285714,40,90,5400,10.1428571429,120,240,7500,1.4285714286,120,240,23100,0,40,90,,,,,7500,0,120,240
96,ATP_C_66_Rotarypuram,Deep TW,67500,372,40,90,10800,19.4285714286,120,240,7500,0.2857142857,120,240,47250,53.5714285714,40,90,10800,10.1428571429,120,240,7500,1.4285714286,120,240,47250,0,40,90,,,,,7500,0,120,240
97,ATP_C_66_Rotarypuram,Filter Points,7500,372,40,90,10800,19.4285714286,120,240,15000,0.2857142857,120,240,67500,53.5714285714,40,90,10800,10.1428571429,120,240,15000,1.4285714286,120,240,67500,0,40,90,,,,,15000,0,120,240
98,ATP_C_66_Salakamcheruvu,DW,4050,19.8571428571,40,90,900,1.8571428571,120,240,3750,0,120,240,0,41,,,900,17,120,240,3750,0,120,240,4050,0,40,90,,,,,3750,0,120,240
99,ATP_C_66_Salakamcheruvu,DW+PS/DCB,7500,19.8571428571,40,90,4500,1.8571428571,120,240,7500,0,120,240,0,41,0,,4500,17,120,240,7500,0,120,240,7500,0,40,90,,,,,7500,0,120,240
100,ATP_C_66_Salakamcheruvu,BWs,12000,19.8571428571,40,90,5400,1.8571428571,120,240,7500,0,120,240,0,41,0,0,5400,17,120,240,7500,0,120,240,15000,0,40,90,,,,,7500,0,120,240
101,ATP_C_66_Salakamcheruvu,STW,23100,19.8571428571,40,90,5400,1.8571428571,120,240,7500,0,120,240,0,41,0,0,5400,17,120,240,7500,0,120,240,23100,0,40,90,,,,,7500,0,120,240
102,ATP_C_66_Salakamcheruvu,MTW,47250,19.8571428571,40,90,10800,1.8571428571,120,240,7500,0,120,240,4050,41,40,90,10800,17,120,240,7500,0,120,240,47250,0,40,90,,,,,7500,0,120,240
103,ATP_C_66_Salakamcheruvu,Deep TW,67500,19.8571428571,40,90,10800,1.8571428571,120,240,15000,0,120,240,7500,41,40,90,10800,17,120,240,15000,0,120,240,67500,0,40,90,,,,,15000,0,120,240
104,ATP_C_66_Salakamcheruvu,Filter Points,7500,19.8571428571,40,90,5400,1.8571428571,120,240,0,0,,,11250,41,40,90,5400,17,120,240,7500,0,120,240,7500,0,40,90,,,,,7500,0,120,240
105,ATP_D_46_Bhupasamudram,DW,0,104.4285714286,40,90,900,6.7142857143,120,240,3750,0,120,240,4050,107.4285714286,40,90,900,6.1428571429,120,240,3750,0,120,240,4050,0,40,90,,,,,3750,0,120,240
106,ATP_D_46_Bhupasamudram,DW+PS/DCB,0,104.4285714286,40,90,3150,6.7142857143,120,240,7500,0,120,240,3000,107.4285714286,40,90,4500,6.1428571429,120,240,7500,0,120,240,7500,0,40,90,,,,,7500,0,120,240
107,ATP_D_46_Bhupasamudram,BWs,6300,104.4285714286,40,90,3150,6.7142857143,120,240,7500,0,120,240,3150,107.4285714286,40,90,5400,6.1428571429,120,240,7500,0,120,240,15000,0,40,90,,,,,7500,0,120,240
108,ATP_D_46_Bhupasamudram,STW,0,104.4285714286,40,90,5400,6.7142857143,120,240,7500,0,120,240,23100,107.4285714286,40,90,5400,6.1428571429,120,240,7500,0,120,240,23100,0,40,90,,,,,7500,0,120,240
109,ATP_D_46_Bhupasamudram,MTW,0,104.4285714286,40,90,10800,6.7142857143,120,240,7500,0,120,240,47250,107.4285714286,40,90,10800,6.1428571429,120,240,7500,0,120,240,47250,0,40,90,,,,,7500,0,120,240
110,ATP_D_46_Bhupasamudram,Deep TW,0,104.4285714286,40,90,10800,6.7142857143,120,240,15000,0,120,240,67500,107.4285714286,40,90,10800,6.1428571429,120,240,15000,0,120,240,67500,0,40,90,,,,,15000,0,120,240
111,ATP_D_46_Bhupasamudram,Filter Points,0,104.4285714286,40,90,5400,6.7142857143,120,240,7500,0,120,240,8250,107.4285714286,40,90,5400,6.1428571429,120,240,7500,0,120,240,7500,0,40,90,,,,,7500,0,120,240
112,ATP-D-46-Havalgi,DW,4050,200.4285714286,40,90,900,14.5714285714,120,240,3750,0,120,240,4050,4,40,90,900,7.1428571429,120,240,3750,0,120,240,4050,0,40,90,,,,,3750,0,120,240
113,ATP-D-46-Havalgi,DW+PS/DCB,7500,200.4285714286,40,90,4500,14.5714285714,120,240,7500,0,120,240,6000,4,40,90,4500,7.1428571429,120,240,7500,0,120,240,7500,0,40,90,,,,,7500,0,120,240
114,ATP-D-46-Havalgi,BWs,12000,200.4285714286,40,90,5400,14.5714285714,120,240,7500,0,120,240,9000,4,40,90,5400,7.1428571429,120,240,7500,0,120,240,15000,0,40,90,,,,,7500,0,120,240
115,ATP-D-46-Havalgi,STW,23100,200.4285714286,40,90,5400,14.5714285714,120,240,7500,0,120,240,23100,4,40,90,5400,7.1428571429,120,240,7500,0,120,240,23100,0,40,90,,,,,7500,0,120,240
116,ATP-D-46-Havalgi,MTW,47250,200.4285714286,40,90,10800,14.5714285714,120,240,7500,0,120,240,47250,4,40,90,10800,7.1428571429,120,240,7500,0,120,240,47250,0,40,90,,,,,7500,0,120,240
117,ATP-D-46-Havalgi,Deep TW,67500,200.4285714286,40,90,10800,14.5714285714,120,240,15000,0,120,240,67500,4,40,90,10800,7.1428571429,120,240,15000,0,120,240,67500,0,40,90,,,,,15000,0,120,240
118,ATP-D-46-Havalgi,Filter Points,7500,200.4285714286,40,90,5400,14.5714285714,120,240,7500,0,120,240,8250,4,40,90,5400,7.1428571429,120,240,7500,0,120,240,7500,0,40,90,,,,,7500,0,120,240
119,ATP_D_46_Kadlur,DW,4050,412.4285714286,40,90,900,6.2857142857,120,240,3750,0,120,240,4050,144.2857142857,40,90,900,4.2857142857,120,240,3750,0,120,240,4050,0,40,90,,,,,3750,0,120,240
120,ATP_D_46_Kadlur,DW+PS/DCB,7500,412.4285714286,40,90,4500,6.2857142857,120,240,7500,0,120,240,5250,144.2857142857,40,90,4500,4.2857142857,120,240,7500,0,120,240,7500,0,40,90,,,,,7500,0,120,240
121,ATP_D_46_Kadlur,BWs,5250,412.4285714286,40,90,5400,6.2857142857,120,240,7500,0,120,240,8250,144.2857142857,40,90,5400,4.2857142857,120,240,7500,0,120,240,15000,0,40,90,,,,,7500,0,120,240
122,ATP_D_46_Kadlur,STW,23100,412.4285714286,40,90,5400,6.2857142857,120,240,7500,0,120,240,23100,144.2857142857,40,90,5400,4.2857142857,120,240,7500,0,120,240,23100,0,40,90,,,,,7500,0,120,240
123,ATP_D_46_Kadlur,MTW,47250,412.4285714286,40,90,10800,6.2857142857,120,240,7500,0,120,240,47250,144.2857142857,40,90,10800,4.2857142857,120,240,7500,0,120,240,47250,0,40,90,,,,,7500,0,120,240
124,ATP_D_46_Kadlur,Deep TW,67500,412.4285714286,40,90,10800,6.2857142857,120,240,15000,0,120,240,67500,144.2857142857,40,90,10800,4.2857142857,120,240,15000,0,120,240,67500,0,40,90,,,,,15000,0,120,240
125,ATP_D_46_Kadlur,Filter Points,7500,412.4285714286,40,90,5400,6.2857142857,120,240,7500,0,120,240,8250,144.2857142857,40,90,5400,4.2857142857,120,240,7500,0,120,240,7500,0,40,90,,,,,7500,0,120,240
126,ATP_D_46_Rayadurg,DW,4050,173.2857142857,40,90,900,9.5714285714,120,240,3750,0,120,240,4050,188.1428571429,40,90,900,30.5714285714,120,240,3750,0.1428571429,120,240,4050,0,40,90,,,,,3750,0,120,240
127,ATP_D_46_Rayadurg,DW+PS/DCB,7500,173.2857142857,40,90,4500,9.5714285714,120,240,7500,0,120,240,3750,188.1428571429,40,90,3750,30.5714285714,120,240,7500,0.1428571429,120,240,7500,0,40,90,,,,,7500,0,120,240
128,ATP_D_46_Rayadurg,BWs,5700,173.2857142857,40,90,5400,9.5714285714,120,240,7500,0,120,240,4200,188.1428571429,40,90,4200,30.5714285714,120,240,7500,0.1428571429,120,240,15000,0,40,90,,,,,7500,0,120,240
129,ATP_D_46_Rayadurg,STW,23100,173.2857142857,40,90,5400,9.5714285714,120,240,7500,0,120,240,23100,188.1428571429,40,90,5400,30.5714285714,120,240,7500,0.1428571429,120,240,23100,0,40,90,,,,,7500,0,120,240
130,ATP_D_46_Rayadurg,MTW,47250,173.2857142857,40,90,10800,9.5714285714,120,240,7500,0,120,240,47250,188.1428571429,40,90,10800,30.5714285714,120,240,7500,0.1428571429,120,240,47250,0,40,90,,,,,7500,0,120,240
131,ATP_D_46_Rayadurg,Deep TW,67500,173.2857142857,40,90,10800,9.5714285714,120,240,15000,0,120,240,67500,188.1428571429,40,90,10800,30.5714285714,120,240,15000,0.1428571429,120,240,67500,0,40,90,,,,,15000,0,120,240
132,ATP_D_46_Rayadurg,Filter Points,7500,173.2857142857,40,90,5400,9.5714285714,120,240,7500,0,120,240,8250,188.1428571429,40,90,5400,30.5714285714,120,240,7500,0.1428571429,120,240,7500,0,40,90,,,,,7500,0,120,240
133,ATP_D_46_Sollapuram,DW,4050,78.8571428571,40,90,900,2.1428571429,120,240,3750,0,120,240,4050,50.2857142857,40,90,900,6,120,240,3750,0,120,240,4050,0,40,90,,,,,3750,0,120,240
134,ATP_D_46_Sollapuram,DW+PS/DCB,7500,78.8571428571,40,90,4500,2.1428571429,120,240,7500,0,120,240,6000,50.2857142857,40,90,4500,6,120,240,7500,0,120,240,7500,0,40,90,,,,,7500,0,120,240
135,ATP_D_46_Sollapuram,BWs,8550,78.8571428571,40,90,5400,2.1428571429,120,240,7500,0,120,240,5550,50.2857142857,40,90,4650,6,120,240,7500,0,120,240,15000,0,40,90,,,,,7500,0,120,240
136,ATP_D_46_Sollapuram,STW,23100,78.8571428571,40,90,5400,2.1428571429,120,240,7500,0,120,240,23100,50.2857142857,40,90,5400,6,120,240,7500,0,120,240,23100,0,40,90,,,,,7500,0,120,240
137,ATP_D_46_Sollapuram,MTW,47250,78.8571428571,40,90,10800,2.1428571429,120,240,7500,0,120,240,47250,50.2857142857,40,90,10800,6,120,240,7500,0,120,240,47250,0,40,90,,,,,7500,0,120,240
138,ATP_D_46_Sollapuram,Deep TW,67500,78.8571428571,40,90,10800,2.1428571429,120,240,15000,0,120,240,67500,50.2857142857,40,90,10800,6,120,240,15000,0,120,240,67500,0,40,90,,,,,15000,0,120,240
139,ATP_D_46_Sollapuram,Filter Points,7500,78.8571428571,40,90,5400,2.1428571429,120,240,7500,0,120,240,8250,50.2857142857,40,90,5400,6,120,240,7500,0,120,240,7500,0,40,90,,,,,7500,0,120,240
140,ATP_D_46_Uravakonda,DW,4050,28.2857142857,40,90,900,5.7142857143,120,240,3750,0,120,240,4050,43.1428571429,40,90,900,30,120,240,3750,0,120,240,4050,0,40,90,,,,,3750,0,120,240
141,ATP_D_46_Uravakonda,DW+PS/DCB,7500,28.2857142857,40,90,4500,5.7142857143,120,240,7500,0,120,240,6000,43.1428571429,40,90,4500,30,120,240,7500,0,120,240,7500,0,40,90,,,,,7500,0,120,240
142,ATP_D_46_Uravakonda,BWs,12000,28.2857142857,40,90,5400,5.7142857143,120,240,7500,0,120,240,9750,43.1428571429,40,90,4500,30,120,240,7500,0,120,240,15000,0,40,90,,,,,7500,0,120,240
143,ATP_D_46_Uravakonda,STW,23100,28.2857142857,40,90,5400,5.7142857143,120,240,7500,0,120,240,23100,43.1428571429,40,90,5400,30,120,240,7500,0,120,240,23100,0,40,90,,,,,7500,0,120,240
144,ATP_D_46_Uravakonda,MTW,47250,28.2857142857,40,90,10800,5.7142857143,120,240,7500,0,120,240,47250,43.1428571429,40,90,10800,30,120,240,7500,0,120,240,47250,0,40,90,,,,,7500,0,120,240
145,ATP_D_46_Uravakonda,Deep TW,67500,28.2857142857,40,90,10800,5.7142857143,120,240,15000,0,120,240,67500,43.1428571429,40,90,10800,30,120,240,15000,0,120,240,67500,0,40,90,,,,,15000,0,120,240
146,ATP_D_46_Uravakonda,Filter Points,7500,28.2857142857,40,90,5400,5.7142857143,120,240,7500,0,120,240,8250,43.1428571429,40,90,5400,30,120,240,7500,0,120,240,7500,0,40,90,,,,,7500,0,120,240
147,ATP_C_67_Yellanur,DW,4050,228.4285714286,40,90,900,13.1428571429,120,240,3750,0,120,240,4050,96,40,90,900,6.2857142857,120,240,3750,1.4285714286,120,240,4050,0,40,90,,,,,3750,0,120,240
148,ATP_C_67_Yellanur,DW+PS/DCB,2250,228.4285714286,40,90,4500,13.1428571429,120,240,7500,0,120,240,6000,96,40,90,4500,6.2857142857,120,240,7500,1.4285714286,120,240,7500,0,40,90,,,,,7500,0,120,240
149,ATP_C_67_Yellanur,BWs,4500,228.4285714286,40,90,5400,13.1428571429,120,240,7500,0,120,240,9000,96,40,90,5400,6.2857142857,120,240,7500,1.4285714286,120,240,15000,0,40,90,,,,,7500,0,120,240
150,ATP_C_67_Yellanur,STW,23100,228.4285714286,40,90,5400,13.1428571429,120,240,7500,0,120,240,23100,96,40,90,5400,6.2857142857,120,240,7500,1.4285714286,120,240,23100,0,40,90,,,,,7500,0,120,240
151,ATP_C_67_Yellanur,MTW,47250,228.4285714286,40,90,10800,13.1428571429,120,240,7500,0,120,240,47250,96,40,90,10800,6.2857142857,120,240,7500,1.4285714286,120,240,47250,0,40,90,,,,,7500,0,120,240
152,ATP_C_67_Yellanur,Deep TW,67500,228.4285714286,40,90,10800,13.1428571429,120,240,15000,0,120,240,67500,96,40,90,10800,6.2857142857,120,240,15000,1.4285714286,120,240,67500,0,40,90,,,,,15000,0,120,240
153,ATP_C_67_Yellanur,Filter Points,7500,228.4285714286,40,90,5400,13.1428571429,120,240,7500,0,120,240,8250,96,40,90,5400,6.2857142857,120,240,7500,1.4285714286,120,240,7500,0,40,90,,,,,7500,0,120,240
154,ATP_C_65_Tadipatri,DW,4050,0,40,90,900,1,120,240,3750,0,120,240,4050,231.5714285714,40,90,900,31.1428571429,120,240,3750,18.2857142857,120,240,4050,0,40,90,,,,,3750,0,120,240
155,ATP_C_65_Tadipatri,DW+PS/DCB,7500,0,40,90,4500,1,120,240,7500,0,120,240,6000,231.5714285714,40,90,4500,31.1428571429,120,240,7500,18.2857142857,120,240,7500,0,40,90,,,,,7500,0,120,240
156,ATP_C_65_Tadipatri,BWs,11250,0,40,90,5400,1,120,240,7500,0,120,240,8250,231.5714285714,40,90,5400,31.1428571429,120,240,7500,18.2857142857,120,240,15000,0,40,90,,,,,7500,0,120,240
157,ATP_C_65_Tadipatri,STW,23100,0,40,90,5400,1,120,240,7500,0,120,240,23100,231.5714285714,40,90,5400,31.1428571429,120,240,7500,18.2857142857,120,240,23100,0,40,90,,,,,7500,0,120,240
158,ATP_C_65_Tadipatri,MTW,47250,0,40,90,10800,1,120,240,7500,0,120,240,47250,231.5714285714,40,90,10800,31.1428571429,120,240,7500,18.2857142857,120,240,47250,0,40,90,,,,,7500,0,120,240
159,ATP_C_65_Tadipatri,Deep TW,67500,0,40,90,10800,1,120,240,15000,0,120,240,67500,231.5714285714,40,90,10800,31.1428571429,120,240,15000,18.2857142857,120,240,67500,0,40,90,,,,,15000,0,120,240
160,ATP_C_65_Tadipatri,Filter Points,7500,0,40,90,5400,1,120,240,7500,0,120,240,8250,231.5714285714,40,90,5400,31.1428571429,120,240,7500,18.2857142857,120,240,7500,0,40,90,,,,,7500,0,120,240
161,ATP_C_59_Kacharlakunta,DW,4050,19.4285714286,40,90,900,1,120,240,3750,0,120,240,4050,0,40,90,900,0,120,240,3750,0,120,240,4050,0,40,90,,,,,3750,0,120,240
162,ATP_C_59_Kacharlakunta,DW+PS/DCB,7500,19.4285714286,40,90,4500,1,120,240,7500,0,120,240,6000,0,40,90,4500,0,120,240,7500,0,120,240,7500,0,40,90,,,,,7500,0,120,240
163,ATP_C_59_Kacharlakunta,BWs,11250,19.4285714286,40,90,5400,1,120,240,7500,0,120,240,8250,0,40,90,5400,0,120,240,7500,0,120,240,15000,0,40,90,,,,,7500,0,120,240
164,ATP_C_59_Kacharlakunta,STW,23100,19.4285714286,40,90,5400,1,120,240,7500,0,120,240,23100,0,40,90,5400,0,120,240,7500,0,120,240,23100,0,40,90,,,,,7500,0,120,240
165,ATP_C_59_Kacharlakunta,MTW,47250,19.4285714286,40,90,10800,1,120,240,7500,0,120,240,47250,0,40,90,10800,0,120,240,7500,0,120,240,47250,0,40,90,,,,,7500,0,120,240
166,ATP_C_59_Kacharlakunta,Deep TW,67500,19.4285714286,40,90,10800,1,120,240,15000,0,120,240,67500,0,40,90,10800,0,120,240,15000,0,120,240,67500,0,40,90,,,,,15000,0,120,240
167,ATP_C_59_Kacharlakunta,Filter Points,7500,19.4285714286,40,90,5400,1,120,240,7500,0,120,240,8250,0,40,90,5400,0,120,240,7500,0,120,240,7500,0,40,90,,,,,7500,0,120,240
168,ATP_C_63_Bucherla,DW,0,0,,,0,0,,,0,0,,,0,26.8571428571,40,90,600,0,120,240,3750,0,120,240,0,0,,,,,,,0,0,,
169,ATP_C_63_Bucherla,DW+PS/DCB,0,0,,,0,0,,,0,0,,,3750,26.8571428571,45,88,4800,0,120,240,7500,0,120,240,0,0,,,,,,,0,0,,
170,ATP_C_63_Bucherla,BWs,0,0,,,0,0,,,0,0,,,10500,26.8571428571,45,90,9750,0,120,240,7500,0,120,240,0,0,,,,,,,0,0,,
171,ATP_C_63_Bucherla,S TW,0,0,,,0,0,,,0,0,,,0,26.8571428571,40,90,5400,0,120,240,7500,0,120,240,0,0,,,,,,,0,0,,
172,ATP_C_63_Bucherla,M TW,0,0,,,0,0,,,0,0,,,0,26.8571428571,40,90,10800,0,120,240,7500,0,120,240,0,0,,,,,,,0,0,,
173,ATP_C_63_Bucherla,D TW,0,0,,,0,0,,,0,0,,,0,26.8571428571,40,90,10800,0,120,240,15000,0,120,240,0,0,,,,,,,0,0,,
174,ATP_C_63_Bucherla,Filter Points,0,0,,,0,0,,,0,0,,,0,26.8571428571,40,90,5400,0,120,240,7500,0,120,240,0,0,,,,,,,0,0,,
175,ATP_C_63_Cherukuru,DW,0,0,,,0,0,,,0,0,,,0,0,40,90,600,0,120,240,3750,0,120,240,0,0,,,,,,,0,0,,
176,ATP_C_63_Cherukuru,DW+PS/DCB,0,0,,,0,0,,,0,0,,,5700,0,45,88,4800,0,120,240,7500,0,120,240,0,0,,,,,,,0,0,,
177,ATP_C_63_Cherukuru,BWs,0,0,,,0,0,,,0,0,,,10500,0,45,90,5400,0,120,240,7500,0,120,240,0,0,,,,,,,0,0,,
178,ATP_C_63_Cherukuru,S TW,0,0,,,0,0,,,0,0,,,0,0,40,90,5400,0,120,240,7500,0,120,240,0,0,,,,,,,0,0,,
179,ATP_C_63_Cherukuru,M TW,0,0,,,0,0,,,0,0,,,0,0,40,90,10800,0,120,240,7500,0,120,240,0,0,,,,,,,0,0,,
180,ATP_C_63_Cherukuru,D TW,0,0,,,0,0,,,0,0,,,0,0,40,90,10800,0,120,240,15000,0,120,240,0,0,,,,,,,0,0,,
181,ATP_C_63_Cherukuru,Filter Points,0,0,,,0,0,,,0,0,,,0,0,40,90,5400,0,120,240,7500,0,120,240,0,0,,,,,,,0,0,,
182,ATP_C_67_Chilmathur,DW,0,0,,,0,0,,,0,0,,,0,0,40,90,600,0,120,240,3750,0,120,240,0,0,,,,,,,0,0,,
183,ATP_C_67_Chilmathur,DW+PS/DCB,0,0,,,0,0,,,0,0,,,6000,0,45,88,4800,0,120,240,7500,0,120,240,0,0,,,,,,,0,0,,
184,ATP_C_67_Chilmathur,BWs,0,0,,,0,0,,,0,0,,,7200,0,45,90,5400,0,120,240,7500,0,120,240,0,0,,,,,,,0,0,,
185,ATP_C_67_Chilmathur,S TW,0,0,,,0,0,,,0,0,,,0,0,40,90,5400,0,120,240,7500,0,120,240,0,0,,,,,,,0,0,,
186,ATP_C_67_Chilmathur,M TW,0,0,,,0,0,,,0,0,,,0,0,40,90,10800,0,120,240,7500,0,120,240,0,0,,,,,,,0,0,,
187,ATP_C_67_Chilmathur,D TW,0,0,,,0,0,,,0,0,,,0,0,40,90,10800,0,120,240,15000,0,120,240,0,0,,,,,,,0,0,,
188,ATP_C_67_Chilmathur,Filter Points,0,0,,,0,0,,,0,0,,,0,0,40,90,5400,0,120,240,7500,0,120,240,0,0,,,,,,,0,0,,
189,ATP_C_63_Gowrajupalli,DW,0,0,,,0,0,,,0,0,,,0,50.5714285714,40,90,600,0,120,240,3750,0,120,240,0,0,,,,,,,0,0,,
190,ATP_C_63_Gowrajupalli,DW+PS/DCB,0,0,,,0,0,,,0,0,,,0,50.5714285714,45,88,4800,0,120,240,7500,0,120,240,0,0,,,,,,,0,0,,
191,ATP_C_63_Gowrajupalli,BWs,0,0,,,0,0,,,0,0,,,10650,50.5714285714,45,90,5400,0,120,240,7500,0,120,240,0,0,,,,,,,0,0,,
192,ATP_C_63_Gowrajupalli,S TW,0,0,,,0,0,,,0,0,,,0,50.5714285714,40,90,5400,0,120,240,7500,0,120,240,0,0,,,,,,,0,0,,
193,ATP_C_63_Gowrajupalli,M TW,0,0,,,0,0,,,0,0,,,0,50.5714285714,40,90,10800,0,120,240,7500,0,120,240,0,0,,,,,,,0,0,,
194,ATP_C_63_Gowrajupalli,D TW,0,0,,,0,0,,,0,0,,,0,50.5714285714,40,90,10800,0,120,240,15000,0,120,240,0,0,,,,,,,0,0,,
195,ATP_C_63_Gowrajupalli,Filter Points,0,0,,,0,0,,,0,0,,,0,50.5714285714,40,90,5400,0,120,240,7500,0,120,240,0,0,,,,,,,0,0,,
196,ATP_C_63_Hindupur,DW,0,0,,,0,0,,,0,0,,,4050,0,40,90,600,0,120,240,3750,0,120,240,0,0,,,,,,,0,0,,
197,ATP_C_63_Hindupur,DW+PS/DCB,0,0,,,0,0,,,0,0,,,4650,0,45,88,4800,0,120,240,7500,0,120,240,0,0,,,,,,,0,0,,
198,ATP_C_63_Hindupur,BWs,0,0,,,0,0,,,0,0,,,10950,0,45,90,5400,0,120,240,6600,0,120,240,0,0,,,,,,,0,0,,
199,ATP_C_63_Hindupur,S TW,0,0,,,0,0,,,0,0,,,23100,0,40,90,5400,0,120,240,7500,0,120,240,0,0,,,,,,,0,0,,
200,ATP_C_63_Hindupur,M TW,0,0,,,0,0,,,0,0,,,47250,0,40,90,10800,0,120,240,7500,0,120,240,0,0,,,,,,,0,0,,
201,ATP_C_63_Hindupur,D TW,0,0,,,0,0,,,0,0,,,67500,0,40,90,10800,0,120,240,15000,0,120,240,0,0,,,,,,,0,0,,
202,ATP_C_63_Hindupur,Filter Points,0,0,,,0,0,,,0,0,,,7500,0,40,90,5400,0,120,240,7500,0,120,240,0,0,,,,,,,0,0,,
203,ATP_C_64_Kogira,DW,0,0,,,0,0,,,0,0,,,0,44.7142857143,40,90,600,0,120,240,3750,0,120,240,0,0,,,,,,,0,0,,
204,ATP_C_64_Kogira,DW+PS/DCB,0,0,,,0,0,,,0,0,,,7200,44.7142857143,45,88,4800,0,120,240,7500,0,120,240,0,0,,,,,,,0,0,,
205,ATP_C_64_Kogira,BWs,0,0,,,0,0,,,0,0,,,11550,44.7142857143,45,90,12000,0,120,240,7500,0,120,240,0,0,,,,,,,0,0,,
206,ATP_C_64_Kogira,S TW,0,0,,,0,0,,,0,0,,,0,44.7142857143,40,90,5400,0,120,240,7500,0,120,240,0,0,,,,,,,0,0,,
207,ATP_C_64_Kogira,M TW,0,0,,,0,0,,,0,0,,,0,44.7142857143,40,90,10800,0,120,240,7500,0,120,240,0,0,,,,,,,0,0,,
208,ATP_C_64_Kogira,D TW,0,0,,,0,0,,,0,0,,,0,44.7142857143,40,90,10800,0,120,240,15000,0,120,240,0,0,,,,,,,0,0,,
209,ATP_C_64_Kogira,Filter Points,0,0,,,0,0,,,0,0,,,0,44.7142857143,40,90,5400,0,120,240,7500,0,120,240,0,0,,,,,,,0,0,,
210,ATP_C_63_Lepakshi,DW,0,0,,,0,0,,,0,0,,,0,216.1428571429,,,600,0,120,240,3750,0.2857142857,120,240,0,0,,,,,,,0,0,,
211,ATP_C_63_Lepakshi,DW+PS/DCB,0,0,,,0,0,,,0,0,,,7500,216.1428571429,45,88,4800,0,120,240,7500,0.2857142857,120,240,0,0,,,,,,,0,0,,
212,ATP_C_63_Lepakshi,BWs,0,0,,,0,0,,,0,0,,,10200,216.1428571429,45,90,5400,0,120,240,7500,0.2857142857,120,240,0,0,,,,,,,0,0,,
213,ATP_C_63_Lepakshi,S TW,0,0,,,0,0,,,0,0,,,0,216.1428571429,40,90,7500,0,40,90,7500,0.2857142857,40,90,0,0,,,,,,,0,0,,
214,ATP_C_63_Lepakshi,M TW,0,0,,,0,0,,,0,0,,,0,216.1428571429,40,90,7500,0,40,90,7500,0.2857142857,40,90,0,0,,,,,,,0,0,,
215,ATP_C_63_Lepakshi,D TW,0,0,,,0,0,,,0,0,,,0,216.1428571429,40,90,7500,0,40,90,7500,0.2857142857,40,90,0,0,,,,,,,0,0,,
216,ATP_C_63_Lepakshi,Filter Points,0,0,,,0,0,,,0,0,,,0,216.1428571429,40,90,7500,0,40,90,7500,0.2857142857,40,90,0,0,,,,,,,0,0,,
217,ATP_C_63_Madakasira,DW,0,0,,,0,0,,,0,0,,,0,362.4285714286,40,90,600,0,120,240,3750,0.1428571429,120,240,0,0,,,,,,,0,0,,
218,ATP_C_63_Madakasira,DW+PS/DCB,0,0,,,0,0,,,0,0,,,7500,362.4285714286,45,88,4800,0,120,240,7500,0.1428571429,120,240,0,0,,,,,,,0,0,,
219,ATP_C_63_Madakasira,BWs,0,0,,,0,0,,,0,0,,,10800,362.4285714286,45,90,5400,0,120,240,7500,0.1428571429,120,240,0,0,,,,,,,0,0,,
220,ATP_C_63_Madakasira,S TW,0,0,,,0,0,,,0,0,,,0,362.4285714286,40,90,5400,0,120,240,7500,0.1428571429,120,240,0,0,,,,,,,0,0,,
221,ATP_C_63_Madakasira,M TW,0,0,,,0,0,,,0,0,,,0,362.4285714286,40,90,10800,0,120,240,7500,0.1428571429,120,240,0,0,,,,,,,0,0,,
222,ATP_C_63_Madakasira,D TW,0,0,,,0,0,,,0,0,,,0,362.4285714286,40,90,10800,0,120,240,15000,0.1428571429,120,240,0,0,,,,,,,0,0,,
223,ATP_C_63_Madakasira,Filter Points,0,0,,,0,0,,,0,0,,,0,362.4285714286,40,90,5400,0,120,240,7500,0.1428571429,120,240,0,0,,,,,,,0,0,,
224,ATP_C_63_Malaguru,DW,0,0,,,0,0,,,0,0,,,0,0,40,90,600,0,120,240,3750,0,120,240,0,0,,,,,,,0,0,,
225,ATP_C_63_Malaguru,DW+PS/DCB,0,0,,,0,0,,,0,0,,,5700,0,45,88,4800,0,120,240,7500,0,120,240,0,0,,,,,,,0,0,,
226,ATP_C_63_Malaguru,BWs,0,0,,,0,0,,,0,0,,,10950,0,45,90,5400,0,120,240,7500,0,120,240,0,0,,,,,,,0,0,,
227,ATP_C_63_Malaguru,S TW,0,0,,,0,0,,,0,0,,,0,0,40,90,5400,0,120,240,7500,0,120,240,0,0,,,,,,,0,0,,
228,ATP_C_63_Malaguru,M TW,0,0,,,0,0,,,0,0,,,0,0,40,90,10800,0,120,240,7500,0,120,240,0,0,,,,,,,0,0,,
229,ATP_C_63_Malaguru,D TW,0,0,,,0,0,,,0,0,,,0,0,40,90,10800,0,120,240,15000,0,120,240,0,0,,,,,,,0,0,,
230,ATP_C_63_Malaguru,Filter Points,0,0,,,0,0,,,0,0,,,0,0,40,90,5400,0,120,240,7500,0,120,240,0,0,,,,,,,0,0,,
231,ATP_C_63_Parigi,DW,0,0,,,0,0,,,0,0,,,0,0,40,90,600,0,120,240,3750,0,120,240,0,0,,,,,,,0,0,,
232,ATP_C_63_Parigi,DW+PS/DCB,0,0,,,0,0,,,0,0,,,6000,0,45,88,4800,0,120,240,7500,0,120,240,0,0,,,,,,,0,0,,
233,ATP_C_63_Parigi,BWs,0,0,,,0,0,,,0,0,,,10650,0,45,90,5400,0,120,240,7500,0,120,240,0,0,,,,,,,0,0,,
234,ATP_C_63_Parigi,S TW,0,0,,,0,0,,,0,0,,,0,0,40,90,5400,0,120,240,7500,0,120,240,0,0,,,,,,,0,0,,
235,ATP_C_63_Parigi,M TW,0,0,,,0,0,,,0,0,,,0,0,40,90,10800,0,120,240,7500,0,120,240,0,0,,,,,,,0,0,,
236,ATP_C_63_Parigi,D TW,0,0,,,0,0,,,0,0,,,0,0,40,90,10800,0,120,240,15000,0,120,240,0,0,,,,,,,0,0,,
237,ATP_C_63_Parigi,Filter Points,0,0,,,0,0,,,0,0,,,0,0,40,90,5400,0,120,240,7500,0,120,240,0,0,,,,,,,0,0,,
238,ATP_C_63_Roddam,DW,0,0,,,0,0,,,0,0,,,0,93.7142857143,40,90,600,0,120,240,3750,0,120,240,0,0,,,,,,,0,0,,
239,ATP_C_63_Roddam,DW+PS/DCB,0,0,,,0,0,,,0,0,,,7500,93.7142857143,45,88,4800,0,120,240,7500,0,120,240,0,0,,,,,,,0,0,,
240,ATP_C_63_Roddam,BWs,0,0,,,0,0,,,0,0,,,10650,93.7142857143,45,90,5400,0,120,240,7500,0,120,240,0,0,,,,,,,0,0,,
241,ATP_C_63_Roddam,S TW,0,0,,,0,0,,,0,0,,,0,93.7142857143,40,90,5400,0,120,240,7500,0,120,240,0,0,,,,,,,0,0,,
242,ATP_C_63_Roddam,M TW,0,0,,,0,0,,,0,0,,,0,93.7142857143,40,90,10800,0,120,240,7500,0,120,240,0,0,,,,,,,0,0,,
243,ATP_C_63_Roddam,D TW,0,0,,,0,0,,,0,0,,,0,93.7142857143,40,90,10800,0,120,240,15000,0,120,240,0,0,,,,,,,0,0,,
244,ATP_C_63_Roddam,Filter Points,0,0,,,0,0,,,0,0,,,0,93.7142857143,40,90,5400,0,120,240,7500,0,120,240,0,0,,,,,,,0,0,,
245,ATP_C_63_Somandepalli,DW,0,0,,,0,0,,,0,0,,,0,319.7142857143,40,90,600,0,120,240,3750,0,120,240,0,0,,,,,,,0,0,,
246,ATP_C_63_Somandepalli,DW+PS/DCB,0,0,,,0,0,,,0,0,,,4200,319.7142857143,45,88,4800,0,120,240,7500,0,120,240,0,0,,,,,,,0,0,,
247,ATP_C_63_Somandepalli,BWs,0,0,,,0,0,,,0,0,,,9150,319.7142857143,45,90,12000,0,120,240,7500,0,120,240,0,0,,,,,,,0,0,,
248,ATP_C_63_Somandepalli,S TW,0,0,,,0,0,,,0,0,,,0,319.7142857143,40,90,5400,0,120,240,7500,0,120,240,0,0,,,,,,,0,0,,
249,ATP_C_63_Somandepalli,M TW,0,0,,,0,0,,,0,0,,,0,319.7142857143,40,90,10800,0,120,240,7500,0,120,240,0,0,,,,,,,0,0,,
250,ATP_C_63_Somandepalli,D TW,0,0,,,0,0,,,0,0,,,0,319.7142857143,40,90,10800,0,120,240,15000,0,120,240,0,0,,,,,,,0,0,,
251,ATP_C_63_Somandepalli,Filter Points,0,0,,,0,0,,,0,0,,,0,319.7142857143,40,90,5400,0,120,240,7500,0,120,240,0,0,,,,,,,0,0,,
252,ATP_C_64_Amidala,DW,0,0,,,0,0,,,0,0,,,0,103.8571428571,40,90,600,0,120,240,3750,0,120,240,0,0,,,,,,,0,0,,
253,ATP_C_64_Amidala,DW+PS/DCB,0,0,,,0,0,,,0,0,,,7500,103.8571428571,45,88,4800,0,120,240,7500,0,120,240,0,0,,,,,,,0,0,,
254,ATP_C_64_Amidala,BWs,0,0,,,0,0,,,0,0,,,10500,103.8571428571,45,90,5400,0,120,240,7500,0,120,240,0,0,,,,,,,0,0,,
255,ATP_C_64_Amidala,S TW,0,0,,,0,0,,,0,0,,,0,103.8571428571,40,90,5400,0,120,240,7500,0,120,240,0,0,,,,,,,0,0,,
256,ATP_C_64_Amidala,M TW,0,0,,,0,0,,,0,0,,,0,103.8571428571,40,90,10800,0,120,240,7500,0,120,240,0,0,,,,,,,0,0,,
257,ATP_C_64_Amidala,D TW,0,0,,,0,0,,,0,0,,,0,103.8571428571,40,90,10800,0,120,240,15000,0,120,240,0,0,,,,,,,0,0,,
258,ATP_C_64_Amidala,Filter Points,0,0,,,0,0,,,0,0,,,0,103.8571428571,40,90,5400,0,120,240,7500,0,120,240,0,0,,,,,,,0,0,,
259,ATP_C_46_Enumuladoddi,DW,0,0,,,0,0,,,0,0,,,0,0,40,90,600,0,120,240,3750,0,120,240,0,0,,,,,,,0,0,,
260,ATP_C_46_Enumuladoddi,DW+PS/DCB,0,0,,,0,0,,,0,0,,,6300,0,45,88,4800,0,120,240,7500,0,120,240,0,0,,,,,,,0,0,,
261,ATP_C_46_Enumuladoddi,BWs,0,0,,,0,0,,,0,0,,,10950,0,45,90,5400,0,120,240,7500,0,120,240,0,0,,,,,,,0,0,,
262,ATP_C_46_Enumuladoddi,S TW,0,0,,,0,0,,,0,0,,,0,0,40,90,5400,0,120,240,7500,0,120,240,0,0,,,,,,,0,0,,
263,ATP_C_46_Enumuladoddi,M TW,0,0,,,0,0,,,0,0,,,0,0,40,90,10800,0,120,240,7500,0,120,240,0,0,,,,,,,0,0,,
264,ATP_C_46_Enumuladoddi,D TW,0,0,,,0,0,,,0,0,,,0,0,40,90,10800,0,120,240,15000,0,120,240,0,0,,,,,,,0,0,,
265,ATP_C_46_Enumuladoddi,Filter Points,0,0,,,0,0,,,0,0,,,0,0,40,90,5400,0,120,240,7500,0,120,240,0,0,,,,,,,0,0,,
266,ATP_C_64_Golla,DW,0,0,,,0,0,,,0,0,,,0,33.5714285714,40,90,600,0,120,240,3750,0,120,240,0,0,,,,,,,0,0,,
267,ATP_C_64_Golla,DW+PS/DCB,0,0,,,0,0,,,0,0,,,6750,33.5714285714,45,88,4800,0,120,240,7500,0,120,240,0,0,,,,,,,0,0,,
268,ATP_C_64_Golla,BWs,0,0,,,0,0,,,0,0,,,10650,33.5714285714,45,90,5400,0,120,240,7500,0,120,240,0,0,,,,,,,0,0,,
269,ATP_C_64_Golla,S TW,0,0,,,0,0,,,0,0,,,0,33.5714285714,40,90,5400,0,120,240,7500,0,120,240,0,0,,,,,,,0,0,,
270,ATP_C_64_Golla,M TW,0,0,,,0,0,,,0,0,,,0,33.5714285714,40,90,10800,0,120,240,7500,0,120,240,0,0,,,,,,,0,0,,
271,ATP_C_64_Golla,D TW,0,0,,,0,0,,,0,0,,,0,33.5714285714,40,90,10800,0,120,240,15000,0,120,240,0,0,,,,,,,0,0,,
272,ATP_C_64_Golla,Filter Points,0,0,,,0,0,,,0,0,,,0,33.5714285714,40,90,5400,0,120,240,7500,0,120,240,0,0,,,,,,,0,0,,
273,ATP_C_64_Korrakodu,DW,0,0,,,0,0,,,0,0,,,0,39,40,90,600,0,120,240,3750,0,120,240,0,0,,,,,,,0,0,,
274,ATP_C_64_Korrakodu,DW+PS/DCB,0,0,,,0,0,,,0,0,,,3450,39,45,88,4800,0,120,240,7500,0,120,240,0,0,,,,,,,0,0,,
275,ATP_C_64_Korrakodu,BWs,0,0,,,0,0,,,0,0,,,7500,39,45,90,5250,0,120,240,7050,0,120,240,0,0,,,,,,,0,0,,
276,ATP_C_64_Korrakodu,S TW,0,0,,,0,0,,,0,0,,,0,39,40,90,5400,0,120,240,7500,0,120,240,0,0,,,,,,,0,0,,
277,ATP_C_64_Korrakodu,M TW,0,0,,,0,0,,,0,0,,,0,39,40,90,10800,0,120,240,7500,0,120,240,0,0,,,,,,,0,0,,
278,ATP_C_64_Korrakodu,D TW,0,0,,,0,0,,,0,0,,,0,39,40,90,10800,0,120,240,15000,0,120,240,0,0,,,,,,,0,0,,
279,ATP_C_64_Korrakodu,Filter Points,0,0,,,0,0,,,0,0,,,0,39,40,90,5400,0,120,240,7500,0,120,240,0,0,,,,,,,0,0,,
280,ATP_C_64_M.C. Palli,DW,0,0,,,0,0,,,0,0,,,0,80.2857142857,40,90,600,0,120,240,3750,0,120,240,0,0,,,,,,,0,0,,
281,ATP_C_64_M.C. Palli,DW+PS/DCB,0,0,,,0,0,,,0,0,,,4500,80.2857142857,45,88,4800,0,120,240,7500,0,120,240,0,0,,,,,,,0,0,,
282,ATP_C_64_M.C. Palli,BWs,0,0,,,0,0,,,0,0,,,6750,80.2857142857,45,90,5400,0,120,240,7500,0,120,240,0,0,,,,,,,0,0,,
283,ATP_C_64_M.C. Palli,S TW,0,0,,,0,0,,,0,0,,,0,80.2857142857,40,90,5400,0,120,240,7500,0,120,240,0,0,,,,,,,0,0,,
284,ATP_C_64_M.C. Palli,M TW,0,0,,,0,0,,,0,0,,,0,80.2857142857,40,90,10800,0,120,240,7500,0,120,240,0,0,,,,,,,0,0,,
285,ATP_C_64_M.C. Palli,D TW,0,0,,,0,0,,,0,0,,,0,80.2857142857,40,90,10800,0,120,240,15000,0,120,240,0,0,,,,,,,0,0,,
286,ATP_C_64_M.C. Palli,Filter Points,0,0,,,0,0,,,0,0,,,0,80.2857142857,40,90,5400,0,120,240,7500,0,120,240,0,0,,,,,,,0,0,,
287,ATP_C_64_Manirevu,DW,0,0,,,0,0,,,0,0,,,4050,36.5714285714,40,90,600,0,120,240,3750,0,120,240,0,0,,,,,,,0,0,,
288,ATP_C_64_Manirevu,DW+PS/DCB,0,0,,,0,0,,,0,0,,,5250,36.5714285714,45,88,4800,0,120,240,7500,0,120,240,0,0,,,,,,,0,0,,
289,ATP_C_64_Manirevu,BWs,0,0,,,0,0,,,0,0,,,8550,36.5714285714,45,90,5400,0,120,240,7500,0,120,240,0,0,,,,,,,0,0,,
290,ATP_C_64_Manirevu,S TW,0,0,,,0,0,,,0,0,,,23100,36.5714285714,40,90,5400,0,120,240,7500,0,120,240,0,0,,,,,,,0,0,,
291,ATP_C_64_Manirevu,M TW,0,0,,,0,0,,,0,0,,,47250,36.5714285714,40,90,10800,0,120,240,7500,0,120,240,0,0,,,,,,,0,0,,
292,ATP_C_64_Manirevu,D TW,0,0,,,0,0,,,0,0,,,67500,36.5714285714,40,90,10800,0,120,240,15000,0,120,240,0,0,,,,,,,0,0,,
293,ATP_C_64_Manirevu,Filter Points,0,0,,,0,0,,,0,0,,,7500,36.5714285714,40,90,5400,0,120,240,7500,0,120,240,0,0,,,,,,,0,0,,
294,ATP_C_64_Mulakanur,DW,0,0,,,0,0,,,0,0,,,0,237.1428571429,40,90,600,0,120,240,3750,0,120,240,0,0,,,,,,,0,0,,
295,ATP_C_64_Mulakanur,DW+PS/DCB,0,0,,,0,0,,,0,0,,,3000,237.1428571429,45,88,4800,0,120,240,7500,0,120,240,0,0,,,,,,,0,0,,
296,ATP_C_64_Mulakanur,BWs,0,0,,,0,0,,,0,0,,,10200,237.1428571429,45,90,5400,0,120,240,7500,0,120,240,0,0,,,,,,,0,0,,
297,ATP_C_64_Mulakanur,S TW,0,0,,,0,0,,,0,0,,,0,237.1428571429,40,90,5400,0,120,240,7500,0,120,240,0,0,,,,,,,0,0,,
298,ATP_C_64_Mulakanur,M TW,0,0,,,0,0,,,0,0,,,0,237.1428571429,40,90,10800,0,120,240,7500,0,120,240,0,0,,,,,,,0,0,,
299,ATP_C_64_Mulakanur,D TW,0,0,,,0,0,,,0,0,,,0,237.1428571429,40,90,10800,0,120,240,15000,0,120,240,0,0,,,,,,,0,0,,
300,ATP_C_64_Mulakanur,Filter Points,0,0,,,0,0,,,0,0,,,0,237.1428571429,40,90,5400,0,120,240,7500,0,120,240,0,0,,,,,,,0,0,,
301,ATP_C_64_Nutimadugu,DW,0,0,,,0,0,,,0,0,,,0,165.7142857143,40,90,600,0,120,240,3750,0,120,240,0,0,,,,,,,0,0,,
302,ATP_C_64_Nutimadugu,DW+PS/DCB,0,0,,,0,0,,,0,0,,,6000,165.7142857143,45,88,4800,0,120,240,7500,0,120,240,0,0,,,,,,,0,0,,
303,ATP_C_64_Nutimadugu,BWs,0,0,,,0,0,,,0,0,,,8400,165.7142857143,45,90,5400,0,120,240,7500,0,120,240,0,0,,,,,,,0,0,,
304,ATP_C_64_Nutimadugu,S TW,0,0,,,0,0,,,0,0,,,0,165.7142857143,40,90,5400,0,120,240,7500,0,120,240,0,0,,,,,,,0,0,,
305,ATP_C_64_Nutimadugu,M TW,0,0,,,0,0,,,0,0,,,0,165.7142857143,40,90,10800,0,120,240,7500,0,120,240,0,0,,,,,,,0,0,,
306,ATP_C_64_Nutimadugu,D TW,0,0,,,0,0,,,0,0,,,0,165.7142857143,40,90,10800,0,120,240,15000,0,120,240,0,0,,,,,,,0,0,,
307,ATP_C_64_Nutimadugu,Filter Points,0,0,,,0,0,,,0,0,,,0,165.7142857143,40,90,5400,0,120,240,7500,0,120,240,0,0,,,,,,,0,0,,
308,ATP_C_64_Palavai,DW,0,0,,,0,0,,,0,0,,,0,185.8571428571,40,90,600,0,120,240,3750,0,120,240,0,0,,,,,,,0,0,,
309,ATP_C_64_Palavai,DW+PS/DCB,0,0,,,0,0,,,0,0,,,6750,185.8571428571,45,88,4800,0,120,240,7500,0,120,240,0,0,,,,,,,0,0,,
310,ATP_C_64_Palavai,BWs,0,0,,,0,0,,,0,0,,,14850,185.8571428571,45,90,5400,0,120,240,7500,0,120,240,0,0,,,,,,,0,0,,
311,ATP_C_64_Palavai,S TW,0,0,,,0,0,,,0,0,,,0,185.8571428571,40,90,5400,0,120,240,7500,0,120,240,0,0,,,,,,,0,0,,
312,ATP_C_64_Palavai,M TW,0,0,,,0,0,,,0,0,,,0,185.8571428571,40,90,10800,0,120,240,7500,0,120,240,0,0,,,,,,,0,0,,
313,ATP_C_64_Palavai,D TW,0,0,,,0,0,,,0,0,,,0,185.8571428571,40,90,10800,0,120,240,15000,0,120,240,0,0,,,,,,,0,0,,
314,ATP_C_64_Palavai,Filter Points,0,0,,,0,0,,,0,0,,,0,185.8571428571,40,90,5400,0,120,240,7500,0,120,240,0,0,,,,,,,0,0,,
315,ATP_C_64_Ramapuram,DW,0,0,,,0,0,,,0,0,,,0,78.5714285714,40,90,600,0,120,240,3750,0,120,240,0,0,,,,,,,0,0,,
316,ATP_C_64_Ramapuram,DW+PS/DCB,0,0,,,0,0,,,0,0,,,6000,78.5714285714,45,88,4800,0,120,240,7500,0,120,240,0,0,,,,,,,0,0,,
317,ATP_C_64_Ramapuram,BWs,0,0,,,0,0,,,0,0,,,5100,78.5714285714,45,90,5400,0,120,240,7500,0,120,240,0,0,,,,,,,0,0,,
318,ATP_C_64_Ramapuram,S TW,0,0,,,0,0,,,0,0,,,0,78.5714285714,40,90,5400,0,120,240,7500,0,120,240,0,0,,,,,,,0,0,,
319,ATP_C_64_Ramapuram,M TW,0,0,,,0,0,,,0,0,,,0,78.5714285714,40,90,10800,0,120,240,7500,0,120,240,0,0,,,,,,,0,0,,
320,ATP_C_64_Ramapuram,D TW,0,0,,,0,0,,,0,0,,,0,78.5714285714,40,90,10800,0,120,240,15000,0,120,240,0,0,,,,,,,0,0,,
321,ATP_C_64_Ramapuram,Filter Points,0,0,,,0,0,,,0,0,,,0,78.5714285714,40,90,5400,0,120,240,7500,0,120,240,0,0,,,,,,,0,0,,
322,ATP_C_64_Udiripikonda,DW,0,0,,,0,0,,,0,0,,,0,91.7142857143,40,90,600,0,120,240,3750,0,120,240,0,0,,,,,,,0,0,,
323,ATP_C_64_Udiripikonda,DW+PS/DCB,0,0,,,0,0,,,0,0,,,3000,91.7142857143,45,88,4800,0,120,240,7500,0,120,240,0,0,,,,,,,0,0,,
324,ATP_C_64_Udiripikonda,BWs,0,0,,,0,0,,,0,0,,,8400,91.7142857143,45,90,5400,0,120,240,7500,0,120,240,0,0,,,,,,,0,0,,
325,ATP_C_64_Udiripikonda,S TW,0,0,,,0,0,,,0,0,,,0,91.7142857143,40,90,5400,0,120,240,7500,0,120,240,0,0,,,,,,,0,0,,
326,ATP_C_64_Udiripikonda,M TW,0,0,,,0,0,,,0,0,,,0,91.7142857143,40,90,10800,0,120,240,7500,0,120,240,0,0,,,,,,,0,0,,
327,ATP_C_64_Udiripikonda,D TW,0,0,,,0,0,,,0,0,,,0,91.7142857143,40,90,10800,0,120,240,15000,0,120,240,0,0,,,,,,,0,0,,
328,ATP_C_64_Udiripikonda,Filter Points,0,0,,,0,0,,,0,0,,,0,91.7142857143,40,90,5400,0,120,240,7500,0,120,240,0,0,,,,,,,0,0,,
329,ATP_C_65_Alluru,DW,0,0,,,0,0,,,0,0,,,0,115.2857142857,40,90,600,0,120,240,3750,1.4285714286,120,240,0,0,,,,,,,0,0,,
330,ATP_C_65_Alluru,DW+PS/DCB,0,0,,,0,0,,,0,0,,,6000,115.2857142857,45,88,4800,0,120,240,7500,1.4285714286,120,240,0,0,,,,,,,0,0,,
331,ATP_C_65_Alluru,BWs,0,0,,,0,0,,,0,0,,,10650,115.2857142857,45,90,5400,0,120,240,7500,1.4285714286,120,240,0,0,,,,,,,0,0,,
332,ATP_C_65_Alluru,S TW,0,0,,,0,0,,,0,0,,,0,115.2857142857,40,90,5400,0,120,240,7500,1.4285714286,120,240,0,0,,,,,,,0,0,,
333,ATP_C_65_Alluru,M TW,0,0,,,0,0,,,0,0,,,0,115.2857142857,40,90,10800,0,120,240,7500,1.4285714286,120,240,0,0,,,,,,,0,0,,
334,ATP_C_65_Alluru,D TW,0,0,,,0,0,,,0,0,,,0,115.2857142857,40,90,10800,0,120,240,15000,1.4285714286,120,240,0,0,,,,,,,0,0,,
335,ATP_C_65_Alluru,Filter Points,0,0,,,0,0,,,0,0,,,0,115.2857142857,40,90,5400,0,120,240,7500,1.4285714286,120,240,0,0,,,,,,,0,0,,
336,ATP_C_65_Gudipadu,DW,0,0,,,0,0,,,0,0,,,0,0,40,90,600,0,120,240,3750,0,120,240,0,0,,,,,,,0,0,,
337,ATP_C_65_Gudipadu,DW+PS/DCB,0,0,,,0,0,,,0,0,,,7500,0,45,88,4800,0,120,240,7500,0,120,240,0,0,,,,,,,0,0,,
338,ATP_C_65_Gudipadu,BWs,0,0,,,0,0,,,0,0,,,10950,0,45,90,5400,0,120,240,7200,0,120,240,0,0,,,,,,,0,0,,
339,ATP_C_65_Gudipadu,S TW,0,0,,,0,0,,,0,0,,,0,0,40,90,5400,0,120,240,7500,0,120,240,0,0,,,,,,,0,0,,
340,ATP_C_65_Gudipadu,M TW,0,0,,,0,0,,,0,0,,,0,0,40,90,10800,0,120,240,7500,0,120,240,0,0,,,,,,,0,0,,
341,ATP_C_65_Gudipadu,D TW,0,0,,,0,0,,,0,0,,,0,0,40,90,10800,0,120,240,15000,0,120,240,0,0,,,,,,,0,0,,
342,ATP_C_65_Gudipadu,Filter Points,0,0,,,0,0,,,0,0,,,0,0,40,90,5400,0,120,240,7500,0,120,240,0,0,,,,,,,0,0,,
343,ATP_C_65_Igaduru,DW,0,0,,,0,0,,,0,0,,,0,64.4285714286,40,90,600,0,120,240,3750,0,120,240,0,0,,,,,,,0,0,,
344,ATP_C_65_Igaduru,DW+PS/DCB,0,0,,,0,0,,,0,0,,,3450,64.4285714286,45,88,4800,0,120,240,7500,0,120,240,0,0,,,,,,,0,0,,
345,ATP_C_65_Igaduru,BWs,0,0,,,0,0,,,0,0,,,10950,64.4285714286,45,90,5400,0,120,240,7500,0,120,240,0,0,,,,,,,0,0,,
346,ATP_C_65_Igaduru,S TW,0,0,,,0,0,,,0,0,,,0,64.4285714286,40,90,5400,0,120,240,7500,0,120,240,0,0,,,,,,,0,0,,
347,ATP_C_65_Igaduru,M TW,0,0,,,0,0,,,0,0,,,0,64.4285714286,40,90,10800,0,120,240,7500,0,120,240,0,0,,,,,,,0,0,,
348,ATP_C_65_Igaduru,D TW,0,0,,,0,0,,,0,0,,,0,64.4285714286,40,90,10800,0,120,240,15000,0,120,240,0,0,,,,,,,0,0,,
349,ATP_C_65_Igaduru,Filter Points,0,0,,,0,0,,,0,0,,,0,64.4285714286,40,90,5400,0,120,240,7500,0,120,240,0,0,,,,,,,0,0,,
350,ATP_C_65_Kristipadu,DW,0,0,,,0,0,,,0,0,,,0,285.4285714286,40,90,600,0,120,240,3750,0.2857142857,120,240,0,0,,,,,,,0,0,,
351,ATP_C_65_Kristipadu,DW+PS/DCB,0,0,,,0,0,,,0,0,,,3450,285.4285714286,45,88,4800,0,120,240,7500,0.2857142857,120,240,0,0,,,,,,,0,0,,
352,ATP_C_65_Kristipadu,BWs,0,0,,,0,0,,,0,0,,,10500,285.4285714286,45,90,5400,0,120,240,7500,0.2857142857,120,240,0,0,,,,,,,0,0,,
353,ATP_C_65_Kristipadu,S TW,0,0,,,0,0,,,0,0,,,0,285.4285714286,40,90,5400,0,120,240,7500,0.2857142857,120,240,0,0,,,,,,,0,0,,
354,ATP_C_65_Kristipadu,M TW,0,0,,,0,0,,,0,0,,,0,285.4285714286,40,90,10800,0,120,240,7500,0.2857142857,120,240,0,0,,,,,,,0,0,,
355,ATP_C_65_Kristipadu,D TW,0,0,,,0,0,,,0,0,,,0,285.4285714286,40,90,10800,0,120,240,15000,0.2857142857,120,240,0,0,,,,,,,0,0,,
356,ATP_C_65_Kristipadu,Filter Points,0,0,,,0,0,,,0,0,,,0,285.4285714286,40,90,5400,0,120,240,7500,0.2857142857,120,240,0,0,,,,,,,0,0,,
357,ATP_C_65_Puppala,DW,0,0,,,0,0,,,0,0,,,0,432.4285714286,40,90,600,0,120,240,3750,0,120,240,0,0,,,,,,,0,0,,
358,ATP_C_65_Puppala,DW+PS/DCB,0,0,,,0,0,,,0,0,,,3000,432.4285714286,45,88,4800,0,120,240,7500,0,120,240,0,0,,,,,,,0,0,,
359,ATP_C_65_Puppala,BWs,0,0,,,0,0,,,0,0,,,8250,432.4285714286,45,90,5400,0,120,240,7200,0,120,240,0,0,,,,,,,0,0,,
360,ATP_C_65_Puppala,S TW,0,0,,,0,0,,,0,0,,,0,432.4285714286,40,90,5400,0,120,240,7500,0,120,240,0,0,,,,,,,0,0,,
361,ATP_C_65_Puppala,M TW,0,0,,,0,0,,,0,0,,,0,432.4285714286,40,90,10800,0,120,240,7500,0,120,240,0,0,,,,,,,0,0,,
362,ATP_C_65_Puppala,D TW,0,0,,,0,0,,,0,0,,,0,432.4285714286,40,90,10800,0,120,240,15000,0,120,240,0,0,,,,,,,0,0,,
363,ATP_C_65_Puppala,Filter Points,0,0,,,0,0,,,0,0,,,0,432.4285714286,40,90,5400,0,120,240,7500,0,120,240,0,0,,,,,,,0,0,,
364,ATP_C_65_Urachinthala,DW,0,0,,,0,0,,,0,0,,,0,2.2857142857,40,90,600,1.1428571429,120,240,3750,1.1428571429,120,240,0,0,,,,,,,0,0,,
365,ATP_C_65_Urachinthala,DW+PS/DCB,0,0,,,0,0,,,0,0,,,3750,2.2857142857,45,88,4800,1.1428571429,120,240,7500,1.1428571429,120,240,0,0,,,,,,,0,0,,
366,ATP_C_65_Urachinthala,BWs,0,0,,,0,0,,,0,0,,,10800,2.2857142857,45,90,5400,1.1428571429,120,240,7500,1.1428571429,120,240,0,0,,,,,,,0,0,,
367,ATP_C_65_Urachinthala,S TW,0,0,,,0,0,,,0,0,,,0,2.2857142857,40,90,5400,1.1428571429,120,240,7500,1.1428571429,120,240,0,0,,,,,,,0,0,,
368,ATP_C_65_Urachinthala,M TW,0,0,,,0,0,,,0,0,,,0,2.2857142857,40,90,10800,1.1428571429,120,240,7500,1.1428571429,120,240,0,0,,,,,,,0,0,,
369,ATP_C_65_Urachinthala,D TW,0,0,,,0,0,,,0,0,,,0,2.2857142857,40,90,10800,1.1428571429,120,240,15000,1.1428571429,120,240,0,0,,,,,,,0,0,,
370,ATP_C_65_Urachinthala,Filter Points,0,0,,,0,0,,,0,0,,,0,2.2857142857,40,90,5400,1.1428571429,120,240,7500,1.1428571429,120,240,0,0,,,,,,,0,0,,
371,ATP_C_65_Utakal,DW,0,0,,,0,0,,,0,0,,,4050,53,40,90,600,0,120,240,3750,0,120,240,0,0,,,,,,,0,0,,
372,ATP_C_65_Utakal,DW+PS/DCB,0,0,,,0,0,,,0,0,,,5250,53,45,88,4800,0,120,240,7500,0,120,240,0,0,,,,,,,0,0,,
373,ATP_C_65_Utakal,BWs,0,0,,,0,0,,,0,0,,,8550,53,45,90,5100,0,120,240,6750,0,120,240,0,0,,,,,,,0,0,,
374,ATP_C_65_Utakal,S TW,0,0,,,0,0,,,0,0,,,0,53,40,90,5400,0,120,240,7500,0,120,240,0,0,,,,,,,0,0,,
375,ATP_C_65_Utakal,M TW,0,0,,,0,0,,,0,0,,,0,53,40,90,10800,0,120,240,7500,0,120,240,0,0,,,,,,,0,0,,
376,ATP_C_65_Utakal,D TW,0,0,,,0,0,,,0,0,,,0,53,40,90,10800,0,120,240,15000,0,120,240,0,0,,,,,,,0,0,,
377,ATP_C_65_Utakal,Filter Points,0,0,,,0,0,,,0,0,,,0,53,40,90,5400,0,120,240,7500,0,120,240,0,0,,,,,,,0,0,,
378,ATP_C_66_Kanaganapalli,DW,0,0,,,0,0,,,0,0,,,4050,254.5714285714,40,90,600,0,120,240,3750,0,120,240,0,0,,,,,,,0,0,,
379,ATP_C_66_Kanaganapalli,DW+PS/DCB,0,0,,,0,0,,,0,0,,,5250,254.5714285714,45,88,4800,0,120,240,7500,0,120,240,0,0,,,,,,,0,0,,
380,ATP_C_66_Kanaganapalli,BWs,0,0,,,0,0,,,0,0,,,10200,254.5714285714,45,90,5100,0,120,240,7500,0,120,240,0,0,,,,,,,0,0,,
381,ATP_C_66_Kanaganapalli,S TW,0,0,,,0,0,,,0,0,,,0,254.5714285714,40,90,5400,0,120,240,7500,0,120,240,0,0,,,,,,,0,0,,
382,ATP_C_66_Kanaganapalli,M TW,0,0,,,0,0,,,0,0,,,0,254.5714285714,40,90,10800,0,120,240,7500,0,120,240,0,0,,,,,,,0,0,,
383,ATP_C_66_Kanaganapalli,D TW,0,0,,,0,0,,,0,0,,,0,254.5714285714,40,90,10800,0,120,240,15000,0,120,240,0,0,,,,,,,0,0,,
384,ATP_C_66_Kanaganapalli,Filter Points,0,0,,,0,0,,,0,0,,,0,254.5714285714,40,90,5400,0,120,240,7500,0,120,240,0,0,,,,,,,0,0,,
385,ATP_C_67_Chigicherla,DW,0,0,,,0,0,,,0,0,,,0,183.2857142857,40,90,600,0,120,240,3750,0,120,240,0,0,,,,,,,0,0,,
386,ATP_C_67_Chigicherla,DW+PS/DCB,0,0,,,0,0,,,0,0,,,6000,183.2857142857,45,88,4800,0,120,240,7500,0,120,240,0,0,,,,,,,0,0,,
387,ATP_C_67_Chigicherla,BWs,0,0,,,0,0,,,0,0,,,11100,183.2857142857,45,90,5400,0,120,240,7500,0,120,240,0,0,,,,,,,0,0,,
388,ATP_C_67_Chigicherla,S TW,0,0,,,0,0,,,0,0,,,0,183.2857142857,40,90,5400,0,120,240,7500,0,120,240,0,0,,,,,,,0,0,,
389,ATP_C_67_Chigicherla,M TW,0,0,,,0,0,,,0,0,,,0,183.2857142857,40,90,10800,0,120,240,7500,0,120,240,0,0,,,,,,,0,0,,
390,ATP_C_67_Chigicherla,D TW,0,0,,,0,0,,,0,0,,,0,183.2857142857,40,90,10800,0,120,240,15000,0,120,240,0,0,,,,,,,0,0,,
391,ATP_C_67_Chigicherla,Filter Points,0,0,,,0,0,,,0,0,,,0,183.2857142857,40,90,5400,0,120,240,7500,0,120,240,0,0,,,,,,,0,0,,
392,ATP_C_67_Gonipeta,DW,0,0,,,0,0,,,0,0,,,0,170.7142857143,40,90,600,0,120,240,3750,0.5714285714,120,240,0,0,,,,,,,0,0,,
393,ATP_C_67_Gonipeta,DW+PS/DCB,0,0,,,0,0,,,0,0,,,7500,170.7142857143,45,88,4800,0,120,240,7500,0.5714285714,120,240,0,0,,,,,,,0,0,,
394,ATP_C_67_Gonipeta,BWs,0,0,,,0,0,,,0,0,,,11100,170.7142857143,45,90,5400,0,120,240,7500,0.5714285714,120,240,0,0,,,,,,,0,0,,
395,ATP_C_67_Gonipeta,S TW,0,0,,,0,0,,,0,0,,,0,170.7142857143,40,90,5400,0,120,240,7500,0.5714285714,120,240,0,0,,,,,,,0,0,,
396,ATP_C_67_Gonipeta,M TW,0,0,,,0,0,,,0,0,,,0,170.7142857143,40,90,10800,0,120,240,7500,0.5714285714,120,240,0,0,,,,,,,0,0,,
397,ATP_C_67_Gonipeta,D TW,0,0,,,0,0,,,0,0,,,0,170.7142857143,40,90,10800,0,120,240,15000,0.5714285714,120,240,0,0,,,,,,,0,0,,
398,ATP_C_67_Gonipeta,Filter Points,0,0,,,0,0,,,0,0,,,0,170.7142857143,40,90,5400,0,120,240,7500,0.5714285714,120,240,0,0,,,,,,,0,0,,
399,ATP_C_67_Kadiri,DW,0,0,,,0,0,,,0,0,,,0,173.2857142857,40,90,600,0,120,240,3750,5.1428571429,120,240,0,0,,,,,,,0,0,,
400,ATP_C_67_Kadiri,DW+PS/DCB,0,0,,,0,0,,,0,0,,,7500,173.2857142857,45,88,4800,0,120,240,7500,5.1428571429,120,240,0,0,,,,,,,0,0,,
401,ATP_C_67_Kadiri,BWs,0,0,,,0,0,,,0,0,,,7050,173.2857142857,45,90,5400,0,120,240,7500,5.1428571429,120,240,0,0,,,,,,,0,0,,
402,ATP_C_67_Kadiri,S TW,0,0,,,0,0,,,0,0,,,0,173.2857142857,40,90,5400,0,120,240,7500,5.1428571429,120,240,0,0,,,,,,,0,0,,
403,ATP_C_67_Kadiri,M TW,0,0,,,0,0,,,0,0,,,0,173.2857142857,40,90,10800,0,120,240,7500,5.1428571429,120,240,0,0,,,,,,,0,0,,
404,ATP_C_67_Kadiri,D TW,0,0,,,0,0,,,0,0,,,0,173.2857142857,40,90,10800,0,120,240,15000,5.1428571429,120,240,0,0,,,,,,,0,0,,
405,ATP_C_67_Kadiri,Filter Points,0,0,,,0,0,,,0,0,,,0,173.2857142857,40,90,5400,0,120,240,7500,5.1428571429,120,240,0,0,,,,,,,0,0,,
406,ATP_C_67_Kalasamudram,DW,0,0,,,0,0,,,0,0,,,0,110.1428571429,40,90,600,0,120,240,3750,0,120,240,0,0,,,,,,,0,0,,
407,ATP_C_67_Kalasamudram,DW+PS/DCB,0,0,,,0,0,,,0,0,,,6750,110.1428571429,45,88,4800,0,120,240,7500,0,120,240,0,0,,,,,,,0,0,,
408,ATP_C_67_Kalasamudram,BWs,0,0,,,0,0,,,0,0,,,5700,110.1428571429,45,90,5400,0,120,240,0,0,120,240,0,0,,,,,,,0,0,,
409,ATP_C_67_Kalasamudram,S TW,0,0,,,0,0,,,0,0,,,0,110.1428571429,40,90,5400,0,120,240,7500,0,120,240,0,0,,,,,,,0,0,,
410,ATP_C_67_Kalasamudram,M TW,0,0,,,0,0,,,0,0,,,0,110.1428571429,40,90,10800,0,120,240,7500,0,120,240,0,0,,,,,,,0,0,,
411,ATP_C_67_Kalasamudram,D TW,0,0,,,0,0,,,0,0,,,0,110.1428571429,40,90,10800,0,120,240,15000,0,120,240,0,0,,,,,,,0,0,,
412,ATP_C_67_Kalasamudram,Filter Points,0,0,,,0,0,,,0,0,,,0,110.1428571429,40,90,5400,0,120,240,7500,0,120,240,0,0,,,,,,,0,0,,
413,ATP_C_67_Kanumukkala,DW,0,0,,,0,0,,,0,0,,,0,488.7142857143,40,90,600,23,120,240,3750,0,120,240,0,0,,,,,,,0,0,,
414,ATP_C_67_Kanumukkala,DW+PS/DCB,0,0,,,0,0,,,0,0,,,6750,488.7142857143,45,88,4800,23,120,240,7500,0,120,240,0,0,,,,,,,0,0,,
415,ATP_C_67_Kanumukkala,BWs,0,0,,,0,0,,,0,0,,,11100,488.7142857143,45,90,5400,23,120,240,0,0,120,240,0,0,,,,,,,0,0,,
416,ATP_C_67_Kanumukkala,S TW,0,0,,,0,0,,,0,0,,,0,488.7142857143,40,90,5400,23,120,240,7500,0,120,240,0,0,,,,,,,0,0,,
417,ATP_C_67_Kanumukkala,M TW,0,0,,,0,0,,,0,0,,,0,488.7142857143,40,90,10800,23,120,240,7500,0,120,240,0,0,,,,,,,0,0,,
418,ATP_C_67_Kanumukkala,D TW,0,0,,,0,0,,,0,0,,,0,488.7142857143,40,90,10800,23,120,240,15000,0,120,240,0,0,,,,,,,0,0,,
419,ATP_C_67_Kanumukkala,Filter Points,0,0,,,0,0,,,0,0,,,0,488.7142857143,40,90,5400,23,120,240,7500,0,120,240,0,0,,,,,,,0,0,,
420,ATP_C_67_Kondakamarla,DW,0,0,,,0,0,,,0,0,,,0,202.7142857143,40,90,600,38.4285714286,120,240,3750,0,120,240,0,0,,,,,,,0,0,,
421,ATP_C_67_Kondakamarla,DW+PS/DCB,0,0,,,0,0,,,0,0,,,6000,202.7142857143,45,88,4800,38.4285714286,120,240,7500,0,120,240,0,0,,,,,,,0,0,,
422,ATP_C_67_Kondakamarla,BWs,0,0,,,0,0,,,0,0,,,11100,202.7142857143,45,90,5400,38.4285714286,120,240,0,0,120,240,0,0,,,,,,,0,0,,
423,ATP_C_67_Kondakamarla,S TW,0,0,,,0,0,,,0,0,,,0,202.7142857143,40,90,5400,38.4285714286,120,240,7500,0,120,240,0,0,,,,,,,0,0,,
424,ATP_C_67_Kondakamarla,M TW,0,0,,,0,0,,,0,0,,,0,202.7142857143,40,90,10800,38.4285714286,120,240,7500,0,120,240,0,0,,,,,,,0,0,,
425,ATP_C_67_Kondakamarla,D TW,0,0,,,0,0,,,0,0,,,0,202.7142857143,40,90,10800,38.4285714286,120,240,15000,0,120,240,0,0,,,,,,,0,0,,
426,ATP_C_67_Kondakamarla,Filter Points,0,0,,,0,0,,,0,0,,,0,202.7142857143,40,90,5400,38.4285714286,120,240,7500,0,120,240,0,0,,,,,,,0,0,,
427,ATP_C_67_Kunuthuru,DW,0,0,,,0,0,,,0,0,,,0,388.5714285714,40,90,600,32.7142857143,120,240,3750,0.2857142857,120,240,0,0,,,,,,,0,0,,
428,ATP_C_67_Kunuthuru,DW+PS/DCB,0,0,,,0,0,,,0,0,,,0,388.5714285714,45,88,4800,32.7142857143,120,240,7500,0.2857142857,120,240,0,0,,,,,,,0,0,,
429,ATP_C_67_Kunuthuru,BWs,0,0,,,0,0,,,0,0,,,6750,388.5714285714,45,90,5400,32.7142857143,120,240,7500,0.2857142857,120,240,0,0,,,,,,,0,0,,
430,ATP_C_67_Kunuthuru,S TW,0,0,,,0,0,,,0,0,,,0,388.5714285714,40,90,5400,32.7142857143,120,240,7500,0.2857142857,120,240,0,0,,,,,,,0,0,,
431,ATP_C_67_Kunuthuru,M TW,0,0,,,0,0,,,0,0,,,0,388.5714285714,40,90,10800,32.7142857143,120,240,7500,0.2857142857,120,240,0,0,,,,,,,0,0,,
432,ATP_C_67_Kunuthuru,D TW,0,0,,,0,0,,,0,0,,,0,388.5714285714,40,90,10800,32.7142857143,120,240,15000,0.2857142857,120,240,0,0,,,,,,,0,0,,
433,ATP_C_67_Kunuthuru,Filter Points,0,0,,,0,0,,,0,0,,,0,388.5714285714,40,90,5400,32.7142857143,120,240,7500,0.2857142857,120,240,0,0,,,,,,,0,0,,
434,ATP_C_67_Kurli,DW,0,0,,,0,0,,,0,0,,,4050,0,40,90,600,0,120,240,3750,0,120,240,0,0,,,,,,,0,0,,
435,ATP_C_67_Kurli,DW+PS/DCB,0,0,,,0,0,,,0,0,,,7500,0,45,88,4800,0,120,240,7500,0,120,240,0,0,,,,,,,0,0,,
436,ATP_C_67_Kurli,BWs,0,0,,,0,0,,,0,0,,,11100,0,45,90,5400,0,120,240,18000,0,120,240,0,0,,,,,,,0,0,,
437,ATP_C_67_Kurli,S TW,0,0,,,0,0,,,0,0,,,0,0,40,90,5400,0,120,240,7500,0,120,240,0,0,,,,,,,0,0,,
438,ATP_C_67_Kurli,M TW,0,0,,,0,0,,,0,0,,,0,0,40,90,10800,0,120,240,7500,0,120,240,0,0,,,,,,,0,0,,
439,ATP_C_67_Kurli,D TW,0,0,,,0,0,,,0,0,,,0,0,40,90,10800,0,120,240,15000,0,120,240,0,0,,,,,,,0,0,,
440,ATP_C_67_Kurli,Filter Points,0,0,,,0,0,,,0,0,,,0,0,40,90,5400,0,120,240,7500,0,120,240,0,0,,,,,,,0,0,,
441,ATP_C_67_Mudigubba,DW,0,0,,,0,0,,,0,0,,,0,292.4285714286,40,90,600,24.2857142857,120,240,3750,0,120,240,0,0,,,,,,,0,0,,
442,ATP_C_67_Mudigubba,DW+PS/DCB,0,0,,,0,0,,,0,0,,,8250,292.4285714286,45,88,4800,24.2857142857,120,240,7500,0,120,240,0,0,,,,,,,0,0,,
443,ATP_C_67_Mudigubba,BWs,0,0,,,0,0,,,0,0,,,11100,292.4285714286,45,90,5400,24.2857142857,120,240,7500,0,120,240,0,0,,,,,,,0,0,,
444,ATP_C_67_Mudigubba,S TW,0,0,,,0,0,,,0,0,,,0,292.4285714286,40,90,5400,24.2857142857,120,240,7500,0,120,240,0,0,,,,,,,0,0,,
445,ATP_C_67_Mudigubba,M TW,0,0,,,0,0,,,0,0,,,0,292.4285714286,40,90,10800,24.2857142857,120,240,7500,0,120,240,0,0,,,,,,,0,0,,
446,ATP_C_67_Mudigubba,D TW,0,0,,,0,0,,,0,0,,,0,292.4285714286,40,90,10800,24.2857142857,120,240,15000,0,120,240,0,0,,,,,,,0,0,,
447,ATP_C_67_Mudigubba,Filter Points,0,0,,,0,0,,,0,0,,,0,292.4285714286,40,90,5400,24.2857142857,120,240,7500,0,120,240,0,0,,,,,,,0,0,,
448,ATP_C_67_Munimadugu,DW,0,0,,,0,0,,,0,0,,,0,182.1428571429,40,90,600,26.4285714286,120,240,3750,1,120,240,0,0,,,,,,,0,0,,
449,ATP_C_67_Munimadugu,DW+PS/DCB,0,0,,,0,0,,,0,0,,,6000,182.1428571429,45,88,4800,26.4285714286,120,240,7500,1,120,240,0,0,,,,,,,0,0,,
450,ATP_C_67_Munimadugu,BWs,0,0,,,0,0,,,0,0,,,8250,182.1428571429,45,90,5400,26.4285714286,120,240,7500,1,120,240,0,0,,,,,,,0,0,,
451,ATP_C_67_Munimadugu,S TW,0,0,,,0,0,,,0,0,,,0,182.1428571429,40,90,5400,26.4285714286,120,240,7500,1,120,240,0,0,,,,,,,0,0,,
452,ATP_C_67_Munimadugu,M TW,0,0,,,0,0,,,0,0,,,0,182.1428571429,40,90,10800,26.4285714286,120,240,7500,1,120,240,0,0,,,,,,,0,0,,
453,ATP_C_67_Munimadugu,D TW,0,0,,,0,0,,,0,0,,,0,182.1428571429,40,90,10800,26.4285714286,120,240,15000,1,120,240,0,0,,,,,,,0,0,,
454,ATP_C_67_Munimadugu,Filter Points,0,0,,,0,0,,,0,0,,,0,182.1428571429,40,90,5400,26.4285714286,120,240,7500,1,120,240,0,0,,,,,,,0,0,,
455,ATP_C_67_Nallacheruvu,DW,0,0,,,0,0,,,0,0,,,0,0,40,90,600,0,120,240,3750,0,120,240,0,0,,,,,,,0,0,,
456,ATP_C_67_Nallacheruvu,DW+PS/DCB,0,0,,,0,0,,,0,0,,,7500,0,45,88,4800,0,120,240,7500,0,120,240,0,0,,,,,,,0,0,,
457,ATP_C_67_Nallacheruvu,BWs,0,0,,,0,0,,,0,0,,,11100,0,45,90,5400,0,120,240,7500,0,120,240,0,0,,,,,,,0,0,,
458,ATP_C_67_Nallacheruvu,S TW,0,0,,,0,0,,,0,0,,,0,0,40,90,5400,0,120,240,7500,0,120,240,0,0,,,,,,,0,0,,
459,ATP_C_67_Nallacheruvu,M TW,0,0,,,0,0,,,0,0,,,0,0,40,90,10800,0,120,240,7500,0,120,240,0,0,,,,,,,0,0,,
460,ATP_C_67_Nallacheruvu,D TW,0,0,,,0,0,,,0,0,,,0,0,40,90,10800,0,120,240,15000,0,120,240,0,0,,,,,,,0,0,,
461,ATP_C_67_Nallacheruvu,Filter Points,0,0,,,0,0,,,0,0,,,0,0,40,90,5400,0,120,240,7500,0,120,240,0,0,,,,,,,0,0,,
462,ATP_C_67_Nallamada,DW,0,0,,,0,0,,,0,0,,,0,288.5714285714,40,90,600,40.5714285714,120,240,3750,0,120,240,0,0,,,,,,,0,0,,
463,ATP_C_67_Nallamada,DW+PS/DCB,0,0,,,0,0,,,0,0,,,4500,288.5714285714,45,88,4800,40.5714285714,120,240,7500,0,120,240,0,0,,,,,,,0,0,,
464,ATP_C_67_Nallamada,BWs,0,0,,,0,0,,,0,0,,,11100,288.5714285714,45,90,5400,40.5714285714,120,240,7500,0,120,240,0,0,,,,,,,0,0,,
465,ATP_C_67_Nallamada,S TW,0,0,,,0,0,,,0,0,,,0,288.5714285714,40,90,5400,40.5714285714,120,240,7500,0,120,240,0,0,,,,,,,0,0,,
466,ATP_C_67_Nallamada,M TW,0,0,,,0,0,,,0,0,,,0,288.5714285714,40,90,10800,40.5714285714,120,240,7500,0,120,240,0,0,,,,,,,0,0,,
467,ATP_C_67_Nallamada,D TW,0,0,,,0,0,,,0,0,,,0,288.5714285714,40,90,10800,40.5714285714,120,240,15000,0,120,240,0,0,,,,,,,0,0,,
468,ATP_C_67_Nallamada,Filter Points,0,0,,,0,0,,,0,0,,,0,288.5714285714,40,90,5400,40.5714285714,120,240,7500,0,120,240,0,0,,,,,,,0,0,,
469,ATP_C_67_Pamudurthi,DW,0,0,,,0,0,,,0,0,,,0,147.7142857143,40,90,600,11.2857142857,120,240,3750,0,120,240,0,0,,,,,,,0,0,,
470,ATP_C_67_Pamudurthi,DW+PS/DCB,0,0,,,0,0,,,0,0,,,6750,147.7142857143,45,88,4800,11.2857142857,120,240,7500,0,120,240,0,0,,,,,,,0,0,,
471,ATP_C_67_Pamudurthi,BWs,0,0,,,0,0,,,0,0,,,6750,147.7142857143,45,90,5400,11.2857142857,120,240,7500,0,120,240,0,0,,,,,,,0,0,,
472,ATP_C_67_Pamudurthi,S TW,0,0,,,0,0,,,0,0,,,0,147.7142857143,40,90,5400,11.2857142857,120,240,7500,0,120,240,0,0,,,,,,,0,0,,
473,ATP_C_67_Pamudurthi,M TW,0,0,,,0,0,,,0,0,,,0,147.7142857143,40,90,10800,11.2857142857,120,240,7500,0,120,240,0,0,,,,,,,0,0,,
474,ATP_C_67_Pamudurthi,D TW,0,0,,,0,0,,,0,0,,,0,147.7142857143,40,90,10800,11.2857142857,120,240,15000,0,120,240,0,0,,,,,,,0,0,,
475,ATP_C_67_Pamudurthi,Filter Points,0,0,,,0,0,,,0,0,,,0,147.7142857143,40,90,5400,11.2857142857,120,240,7500,0,120,240,0,0,,,,,,,0,0,,
476,ATP_C_67_Polepalli,DW,0,0,,,0,0,,,0,0,,,0,299.7142857143,40,90,600,22.1428571429,120,240,3750,0,120,240,0,0,,,,,,,0,0,,
477,ATP_C_67_Polepalli,DW+PS/DCB,0,0,,,0,0,,,0,0,,,7350,299.7142857143,45,88,4800,22.1428571429,120,240,7500,0,120,240,0,0,,,,,,,0,0,,
478,ATP_C_67_Polepalli,BWs,0,0,,,0,0,,,0,0,,,11100,299.7142857143,45,90,5400,22.1428571429,120,240,7500,0,120,240,0,0,,,,,,,0,0,,
479,ATP_C_67_Polepalli,S TW,0,0,,,0,0,,,0,0,,,0,299.7142857143,40,90,5400,22.1428571429,120,240,7500,0,120,240,0,0,,,,,,,0,0,,
480,ATP_C_67_Polepalli,M TW,0,0,,,0,0,,,0,0,,,0,299.7142857143,40,90,10800,22.1428571429,120,240,7500,0,120,240,0,0,,,,,,,0,0,,
481,ATP_C_67_Polepalli,D TW,0,0,,,0,0,,,0,0,,,0,299.7142857143,40,90,10800,22.1428571429,120,240,15000,0,120,240,0,0,,,,,,,0,0,,
482,ATP_C_67_Polepalli,Filter Points,0,0,,,0,0,,,0,0,,,0,299.7142857143,40,90,5400,22.1428571429,120,240,7500,0,120,240,0,0,,,,,,,0,0,,
483,ATP_C_67_Puttaparthi,DW,0,0,,,0,0,,,0,0,,,0,412.7142857143,40,90,600,18.5714285714,120,240,3750,0,120,240,0,0,,,,,,,0,0,,
484,ATP_C_67_Puttaparthi,DW+PS/DCB,0,0,,,0,0,,,0,0,,,6750,412.7142857143,45,88,4800,18.5714285714,120,240,7500,0,120,240,0,0,,,,,,,0,0,,
485,ATP_C_67_Puttaparthi,BWs,0,0,,,0,0,,,0,0,,,11100,412.7142857143,45,90,5400,18.5714285714,120,240,7500,0,120,240,0,0,,,,,,,0,0,,
486,ATP_C_67_Puttaparthi,S TW,0,0,,,0,0,,,0,0,,,0,412.7142857143,40,90,5400,18.5714285714,120,240,7500,0,120,240,0,0,,,,,,,0,0,,
487,ATP_C_67_Puttaparthi,M TW,0,0,,,0,0,,,0,0,,,0,412.7142857143,40,90,10800,18.5714285714,120,240,7500,0,120,240,0,0,,,,,,,0,0,,
488,ATP_C_67_Puttaparthi,D TW,0,0,,,0,0,,,0,0,,,0,412.7142857143,40,90,10800,18.5714285714,120,240,15000,0,120,240,0,0,,,,,,,0,0,,
489,ATP_C_67_Puttaparthi,Filter Points,0,0,,,0,0,,,0,0,,,0,412.7142857143,40,90,5400,18.5714285714,120,240,7500,0,120,240,0,0,,,,,,,0,0,,
490,ATP_C_67_Ravulachervu,DW,0,0,,,0,0,,,0,0,,,0,216.4285714286,40,90,600,4.1428571429,120,240,3750,0,120,240,0,0,,,,,,,0,0,,
491,ATP_C_67_Ravulachervu,DW+PS/DCB,0,0,,,0,0,,,0,0,,,5700,216.4285714286,45,88,4800,4.1428571429,120,240,7500,0,120,240,0,0,,,,,,,0,0,,
492,ATP_C_67_Ravulachervu,BWs,0,0,,,0,0,,,0,0,,,7200,216.4285714286,45,90,5400,4.1428571429,120,240,7500,0,120,240,0,0,,,,,,,0,0,,
493,ATP_C_67_Ravulachervu,S TW,0,0,,,0,0,,,0,0,,,0,216.4285714286,40,90,5400,4.1428571429,120,240,7500,0,120,240,0,0,,,,,,,0,0,,
494,ATP_C_67_Ravulachervu,M TW,0,0,,,0,0,,,0,0,,,0,216.4285714286,40,90,10800,4.1428571429,120,240,7500,0,120,240,0,0,,,,,,,0,0,,
495,ATP_C_67_Ravulachervu,D TW,0,0,,,0,0,,,0,0,,,0,216.4285714286,40,90,10800,4.1428571429,120,240,15000,0,120,240,0,0,,,,,,,0,0,,
496,ATP_C_67_Ravulachervu,Filter Points,0,0,,,0,0,,,0,0,,,0,216.4285714286,40,90,5400,4.1428571429,120,240,7500,0,120,240,0,0,,,,,,,0,0,,
497,Atp_C_67_Sanivaripalli,DW,0,0,,,0,0,,,0,0,,,0,21.5714285714,40,90,600,2.4285714286,120,240,3750,0,120,240,0,0,,,,,,,0,0,,
498,Atp_C_67_Sanivaripalli,DW+PS/DCB,0,0,,,0,0,,,0,0,,,4800,21.5714285714,45,88,4800,2.4285714286,120,240,7500,0,120,240,0,0,,,,,,,0,0,,
499,Atp_C_67_Sanivaripalli,BWs,0,0,,,0,0,,,0,0,,,5700,21.5714285714,45,90,5400,2.4285714286,120,240,7500,0,120,240,0,0,,,,,,,0,0,,
500,Atp_C_67_Sanivaripalli,S TW,0,0,,,0,0,,,0,0,,,0,21.5714285714,40,90,5400,2.4285714286,120,240,7500,0,120,240,0,0,,,,,,,0,0,,
501,Atp_C_67_Sanivaripalli,M TW,0,0,,,0,0,,,0,0,,,0,21.5714285714,40,90,9000,2.4285714286,120,240,7500,0,120,240,0,0,,,,,,,0,0,,
502,Atp_C_67_Sanivaripalli,D TW,0,0,,,0,0,,,0,0,,,0,21.5714285714,40,90,10800,2.4285714286,120,240,15000,0,120,240,0,0,,,,,,,0,0,,
503,Atp_C_67_Sanivaripalli,Filter Points,0,0,,,0,0,,,0,0,,,0,21.5714285714,40,90,5400,2.4285714286,120,240,7500,0,120,240,0,0,,,,,,,0,0,,
504,ATP_C_67_Somagatta,DW,0,0,,,0,0,,,0,0,,,0,0,40,90,600,0,120,240,3750,0,120,240,0,0,,,,,,,0,0,,
505,ATP_C_67_Somagatta,DW+PS/DCB,0,0,,,0,0,,,0,0,,,7500,0,45,88,4800,0,120,240,7500,0,120,240,0,0,,,,,,,0,0,,
506,ATP_C_67_Somagatta,BWs,0,0,,,0,0,,,0,0,,,11100,0,45,90,5400,0,120,240,7500,0,120,240,0,0,,,,,,,0,0,,
507,ATP_C_67_Somagatta,S TW,0,0,,,0,0,,,0,0,,,0,0,40,90,5400,0,120,240,7500,0,120,240,0,0,,,,,,,0,0,,
508,ATP_C_67_Somagatta,M TW,0,0,,,0,0,,,0,0,,,0,0,40,90,10800,0,120,240,7500,0,120,240,0,0,,,,,,,0,0,,
509,ATP_C_67_Somagatta,D TW,0,0,,,0,0,,,0,0,,,0,0,40,90,10800,0,120,240,15000,0,120,240,0,0,,,,,,,0,0,,
510,ATP_C_67_Somagatta,Filter Points,0,0,,,0,0,,,0,0,,,0,0,40,90,5400,0,120,240,7500,0,120,240,0,0,,,,,,,0,0,,
511,ATP_C_67_Tadimarri,DW,0,0,,,0,0,,,0,0,,,0,497.4285714286,40,90,600,29.7142857143,120,240,3750,0,120,240,0,0,,,,,,,0,0,,
512,ATP_C_67_Tadimarri,DW+PS/DCB,0,0,,,0,0,,,0,0,,,6000,497.4285714286,45,88,4800,29.7142857143,120,240,7500,0,120,240,0,0,,,,,,,0,0,,
513,ATP_C_67_Tadimarri,BWs,0,0,,,0,0,,,0,0,,,11100,497.4285714286,45,90,5400,29.7142857143,120,240,14250,0,120,240,0,0,,,,,,,0,0,,
514,ATP_C_67_Tadimarri,S TW,0,0,,,0,0,,,0,0,,,0,497.4285714286,40,90,5400,29.7142857143,120,240,7500,0,120,240,0,0,,,,,,,0,0,,
515,ATP_C_67_Tadimarri,M TW,0,0,,,0,0,,,0,0,,,0,497.4285714286,40,90,10800,29.7142857143,120,240,7500,0,120,240,0,0,,,,,,,0,0,,
516,ATP_C_67_Tadimarri,D TW,0,0,,,0,0,,,0,0,,,0,497.4285714286,40,90,10800,29.7142857143,120,240,15000,0,120,240,0,0,,,,,,,0,0,,
517,ATP_C_67_Tadimarri,Filter Points,0,0,,,0,0,,,0,0,,,0,497.4285714286,40,90,5400,29.7142857143,120,240,7500,0,120,240,0,0,,,,,,,0,0,,
518,ATP_C_67_Talamarla,DW,0,0,,,0,0,,,0,0,,,0,75.1428571429,40,90,600,7,120,240,3750,0,120,240,0,0,,,,,,,0,0,,
519,ATP_C_67_Talamarla,DW+PS/DCB,0,0,,,0,0,,,0,0,,,6000,75.1428571429,45,88,4800,7,120,240,7500,0,120,240,0,0,,,,,,,0,0,,
520,ATP_C_67_Talamarla,BWs,0,0,,,0,0,,,0,0,,,11100,75.1428571429,45,90,5400,7,120,240,7500,0,120,240,0,0,,,,,,,0,0,,
521,ATP_C_67_Talamarla,S TW,0,0,,,0,0,,,0,0,,,0,75.1428571429,40,90,5400,7,120,240,7500,0,120,240,0,0,,,,,,,0,0,,
522,ATP_C_67_Talamarla,M TW,0,0,,,0,0,,,0,0,,,0,75.1428571429,40,90,10800,7,120,240,7500,0,120,240,0,0,,,,,,,0,0,,
523,ATP_C_67_Talamarla,D TW,0,0,,,0,0,,,0,0,,,0,75.1428571429,40,90,10800,7,120,240,15000,0,120,240,0,0,,,,,,,0,0,,
524,ATP_C_67_Talamarla,Filter Points,0,0,,,0,0,,,0,0,,,0,75.1428571429,40,90,5400,7,120,240,7500,0,120,240,0,0,,,,,,,0,0,,
525,ATP_C_67_Talupula,DW,0,0,,,0,0,,,0,0,,,0,275.5714285714,40,90,600,36,120,240,3750,0,120,240,0,0,,,,,,,0,0,,
526,ATP_C_67_Talupula,DW+PS/DCB,0,0,,,0,0,,,0,0,,,6750,275.5714285714,45,88,4800,36,120,240,7500,0,120,240,0,0,,,,,,,0,0,,
527,ATP_C_67_Talupula,BWs,0,0,,,0,0,,,0,0,,,11100,275.5714285714,45,90,5400,36,120,240,7500,0,120,240,0,0,,,,,,,0,0,,
528,ATP_C_67_Talupula,S TW,0,0,,,0,0,,,0,0,,,0,275.5714285714,40,90,5400,36,120,240,7500,0,120,240,0,0,,,,,,,0,0,,
529,ATP_C_67_Talupula,M TW,0,0,,,0,0,,,0,0,,,0,275.5714285714,40,90,10800,36,120,240,7500,0,120,240,0,0,,,,,,,0,0,,
530,ATP_C_67_Talupula,D TW,0,0,,,0,0,,,0,0,,,0,275.5714285714,40,90,10800,36,120,240,15000,0,120,240,0,0,,,,,,,0,0,,
531,ATP_C_67_Talupula,Filter Points,0,0,,,0,0,,,0,0,,,0,275.5714285714,40,90,5400,36,120,240,7500,0,120,240,0,0,,,,,,,0,0,,
532,ATP_C_67_Thimmampalli,DW,0,0,,,0,0,,,0,0,,,0,712.2857142857,40,90,600,23.2857142857,120,240,3750,0,120,240,0,0,,,,,,,0,0,,
533,ATP_C_67_Thimmampalli,DW+PS/DCB,0,0,,,0,0,,,0,0,,,4500,712.2857142857,45,88,4800,23.2857142857,120,240,7500,0,120,240,0,0,,,,,,,0,0,,
534,ATP_C_67_Thimmampalli,BWs,0,0,,,0,0,,,0,0,,,8250,712.2857142857,45,90,16500,23.2857142857,120,240,0,0,120,240,0,0,,,,,,,0,0,,
535,ATP_C_67_Thimmampalli,S TW,0,0,,,0,0,,,0,0,,,0,712.2857142857,40,90,5400,23.2857142857,120,240,7500,0,120,240,0,0,,,,,,,0,0,,
536,ATP_C_67_Thimmampalli,M TW,0,0,,,0,0,,,0,0,,,0,712.2857142857,40,90,10800,23.2857142857,120,240,7500,0,120,240,0,0,,,,,,,0,0,,
537,ATP_C_67_Thimmampalli,D TW,0,0,,,0,0,,,0,0,,,0,712.2857142857,40,90,10800,23.2857142857,120,240,15000,0,120,240,0,0,,,,,,,0,0,,
538,ATP_C_67_Thimmampalli,Filter Points,0,0,,,0,0,,,0,0,,,0,712.2857142857,40,90,5400,23.2857142857,120,240,7500,0,120,240,0,0,,,,,,,0,0,,
539,ATP_C_59_Amadaguru,DW,0,0,,,0,0,,,0,0,,,0,201.1428571429,40,90,600,0,120,240,3750,0,120,240,0,0,,,,,,,0,0,,
540,ATP_C_59_Amadaguru,DW+PS/DCB,0,0,,,0,0,,,0,0,,,6000,201.1428571429,45,88,4800,0,120,240,7500,0,120,240,0,0,,,,,,,0,0,,
541,ATP_C_59_Amadaguru,BWs,0,0,,,0,0,,,0,0,,,11100,201.1428571429,45,90,5400,0,120,240,0,0,120,240,0,0,,,,,,,0,0,,
542,ATP_C_59_Amadaguru,S TW,0,0,,,0,0,,,0,0,,,0,201.1428571429,40,90,5400,0,120,240,7500,0,120,240,0,0,,,,,,,0,0,,
543,ATP_C_59_Amadaguru,M TW,0,0,,,0,0,,,0,0,,,0,201.1428571429,40,90,10800,0,120,240,7500,0,120,240,0,0,,,,,,,0,0,,
544,ATP_C_59_Amadaguru,D TW,0,0,,,0,0,,,0,0,,,0,201.1428571429,40,90,10800,0,120,240,15000,0,120,240,0,0,,,,,,,0,0,,
545,ATP_C_59_Amadaguru,Filter Points,0,0,,,0,0,,,0,0,,,0,201.1428571429,40,90,5400,0,120,240,7500,0,120,240,0,0,,,,,,,0,0,,
546,ATP_C_67_Cheekatimanapalli,DW,0,0,,,0,0,,,0,0,,,0,0,40,90,600,0,120,240,3750,0,120,240,0,0,,,,,,,0,0,,
547,ATP_C_67_Cheekatimanapalli,DW+PS/DCB,0,0,,,0,0,,,0,0,,,6750,0,45,88,4800,0,120,240,7500,0,120,240,0,0,,,,,,,0,0,,
548,ATP_C_67_Cheekatimanapalli,BWs,0,0,,,0,0,,,0,0,,,11100,0,45,90,5400,0,120,240,0,0,120,240,0,0,,,,,,,0,0,,
549,ATP_C_67_Cheekatimanapalli,S TW,0,0,,,0,0,,,0,0,,,0,0,40,90,5400,0,120,240,7500,0,120,240,0,0,,,,,,,0,0,,
550,ATP_C_67_Cheekatimanapalli,M TW,0,0,,,0,0,,,0,0,,,0,0,40,90,10800,0,120,240,7500,0,120,240,0,0,,,,,,,0,0,,
551,ATP_C_67_Cheekatimanapalli,D TW,0,0,,,0,0,,,0,0,,,0,0,40,90,10800,0,120,240,15000,0,120,240,0,0,,,,,,,0,0,,
552,ATP_C_67_Cheekatimanapalli,Filter Points,0,0,,,0,0,,,0,0,,,0,0,40,90,5400,0,120,240,7500,0,120,240,0,0,,,,,,,0,0,,
553,ATP_C_69_Kokkanti,DW,0,0,,,0,0,,,0,0,,,0,0,40,90,600,0,120,240,3750,0,120,240,0,0,,,,,,,0,0,,
554,ATP_C_69_Kokkanti,DW+PS/DCB,0,0,,,0,0,,,0,0,,,6750,0,45,88,4800,0,120,240,7500,0,120,240,0,0,,,,,,,0,0,,
555,ATP_C_69_Kokkanti,BWs,0,0,,,0,0,,,0,0,,,5700,0,45,90,5400,0,120,240,0,0,120,240,0,0,,,,,,,0,0,,
556,ATP_C_69_Kokkanti,S TW,0,0,,,0,0,,,0,0,,,0,0,40,90,5400,0,120,240,7500,0,120,240,0,0,,,,,,,0,0,,
557,ATP_C_69_Kokkanti,M TW,0,0,,,0,0,,,0,0,,,0,0,40,90,10800,0,120,240,7500,0,120,240,0,0,,,,,,,0,0,,
558,ATP_C_69_Kokkanti,D TW,0,0,,,0,0,,,0,0,,,0,0,40,90,10800,0,120,240,15000,0,120,240,0,0,,,,,,,0,0,,
559,ATP_C_69_Kokkanti,Filter Points,0,0,,,0,0,,,0,0,,,0,0,40,90,5400,0,120,240,7500,0,120,240,0,0,,,,,,,0,0,,
560,ATP_C_69_N.P. Kunta,DW,0,0,,,0,0,,,0,0,,,0,260.5714285714,40,90,600,0,120,240,3750,0,120,240,0,0,,,,,,,0,0,,
561,ATP_C_69_N.P. Kunta,DW+PS/DCB,0,0,,,0,0,,,0,0,,,7500,260.5714285714,45,88,4800,0,120,240,7500,0,120,240,0,0,,,,,,,0,0,,
562,ATP_C_69_N.P. Kunta,BWs,0,0,,,0,0,,,0,0,,,11100,260.5714285714,45,90,5400,0,120,240,0,0,120,240,0,0,,,,,,,0,0,,
563,ATP_C_69_N.P. Kunta,S TW,0,0,,,0,0,,,0,0,,,0,260.5714285714,40,90,5400,0,120,240,7500,0,120,240,0,0,,,,,,,0,0,,
564,ATP_C_69_N.P. Kunta,M TW,0,0,,,0,0,,,0,0,,,0,260.5714285714,40,90,10800,0,120,240,7500,0,120,240,0,0,,,,,,,0,0,,
565,ATP_C_69_N.P. Kunta,D TW,0,0,,,0,0,,,0,0,,,0,260.5714285714,40,90,10800,0,120,240,15000,0,120,240,0,0,,,,,,,0,0,,
566,ATP_C_69_N.P. Kunta,Filter Points,0,0,,,0,0,,,0,0,,,0,260.5714285714,40,90,5400,0,120,240,7500,0,120,240,0,0,,,,,,,0,0,,
567,ATP_C_69_Pedaballi,DW,0,0,,,0,0,,,0,0,,,0,32.5714285714,40,90,600,0,120,240,3750,0,120,240,0,0,,,,,,,0,0,,
568,ATP_C_69_Pedaballi,DW+PS/DCB,0,0,,,0,0,,,0,0,,,6000,32.5714285714,45,88,4800,0,120,240,7500,0,120,240,0,0,,,,,,,0,0,,
569,ATP_C_69_Pedaballi,BWs,0,0,,,0,0,,,0,0,,,11100,32.5714285714,45,90,5400,0,120,240,0,0,120,240,0,0,,,,,,,0,0,,
570,ATP_C_69_Pedaballi,S TW,0,0,,,0,0,,,0,0,,,0,32.5714285714,40,90,5400,0,120,240,7500,0,120,240,0,0,,,,,,,0,0,,
571,ATP_C_69_Pedaballi,M TW,0,0,,,0,0,,,0,0,,,0,32.5714285714,40,90,10800,0,120,240,7500,0,120,240,0,0,,,,,,,0,0,,
572,ATP_C_69_Pedaballi,D TW,0,0,,,0,0,,,0,0,,,0,32.5714285714,40,90,10800,0,120,240,15000,0,120,240,0,0,,,,,,,0,0,,
573,ATP_C_69_Pedaballi,Filter Points,0,0,,,0,0,,,0,0,,,0,32.5714285714,40,90,5400,0,120,240,7500,0,120,240,0,0,,,,,,,0,0,,
574,ATP_C_69_Velichalamala,DW,0,0,,,0,0,,,0,0,,,0,89.7142857143,40,90,600,0,120,240,3750,0,120,240,0,0,,,,,,,0,0,,
575,ATP_C_69_Velichalamala,DW+PS/DCB,0,0,,,0,0,,,0,0,,,6750,89.7142857143,45,88,4800,0,120,240,7500,0,120,240,0,0,,,,,,,0,0,,
576,ATP_C_69_Velichalamala,BWs,0,0,,,0,0,,,0,0,,,7200,89.7142857143,45,90,5400,0,120,240,0,0,120,240,0,0,,,,,,,0,0,,
577,ATP_C_69_Velichalamala,S TW,0,0,,,0,0,,,0,0,,,0,89.7142857143,40,90,5400,0,120,240,7500,0,120,240,0,0,,,,,,,0,0,,
578,ATP_C_69_Velichalamala,M TW,0,0,,,0,0,,,0,0,,,0,89.7142857143,40,90,10800,0,120,240,7500,0,120,240,0,0,,,,,,,0,0,,
579,ATP_C_69_Velichalamala,D TW,0,0,,,0,0,,,0,0,,,0,89.7142857143,40,90,10800,0,120,240,15000,0,120,240,0,0,,,,,,,0,0,,
580,ATP_C_69_Velichalamala,Filter Points,0,0,,,0,0,,,0,0,,,0,89.7142857143,40,90,5400,0,120,240,7500,0,120,240,0,0,,,,,,,0,0,,
581,ATP_D_46_Agali,DW,0,0,,,0,0,,,0,0,,,0,566.4285714286,40,90,600,0,120,240,3750,0.1428571429,120,240,0,0,,,,,,,0,0,,
582,ATP_D_46_Agali,DW+PS/DCB,0,0,,,0,0,,,0,0,,,6750,566.4285714286,45,88,4800,0,120,240,7500,0.1428571429,120,240,0,0,,,,,,,0,0,,
583,ATP_D_46_Agali,BWs,0,0,,,0,0,,,0,0,,,11100,566.4285714286,45,90,5400,0,120,240,0,0.1428571429,120,240,0,0,,,,,,,0,0,,
584,ATP_D_46_Agali,S TW,0,0,,,0,0,,,0,0,,,0,566.4285714286,40,90,5400,0,120,240,7500,0.1428571429,120,240,0,0,,,,,,,0,0,,
585,ATP_D_46_Agali,M TW,0,0,,,0,0,,,0,0,,,0,566.4285714286,40,90,10800,0,120,240,7500,0.1428571429,120,240,0,0,,,,,,,0,0,,
586,ATP_D_46_Agali,D TW,0,0,,,0,0,,,0,0,,,0,566.4285714286,40,90,10800,0,120,240,15000,0.1428571429,120,240,0,0,,,,,,,0,0,,
587,ATP_D_46_Agali,Filter Points,0,0,,,0,0,,,0,0,,,0,566.4285714286,40,90,5400,0,120,240,7500,0.1428571429,120,240,0,0,,,,,,,0,0,,
588,ATP_D_46_Amarapuram,DW,0,0,,,0,0,,,0,0,,,0,223,40,90,600,0,120,240,3750,0,120,240,0,0,,,,,,,0,0,,
589,ATP_D_46_Amarapuram,DW+PS/DCB,0,0,,,0,0,,,0,0,,,6750,223,45,88,4800,0,120,240,7500,0,120,240,0,0,,,,,,,0,0,,
590,ATP_D_46_Amarapuram,BWs,0,0,,,0,0,,,0,0,,,11100,223,45,90,5400,0,120,240,0,0,120,240,0,0,,,,,,,0,0,,
591,ATP_D_46_Amarapuram,S TW,0,0,,,0,0,,,0,0,,,0,223,40,90,5400,0,120,240,7500,0,120,240,0,0,,,,,,,0,0,,
592,ATP_D_46_Amarapuram,M TW,0,0,,,0,0,,,0,0,,,0,223,40,90,10800,0,120,240,7500,0,120,240,0,0,,,,,,,0,0,,
593,ATP_D_46_Amarapuram,D TW,0,0,,,0,0,,,0,0,,,0,223,40,90,10800,0,120,240,15000,0,120,240,0,0,,,,,,,0,0,,
594,ATP_D_46_Amarapuram,Filter Points,0,0,,,0,0,,,0,0,,,0,223,40,90,5400,0,120,240,7500,0,120,240,0,0,,,,,,,0,0,,
595,ATP_D_B.G. Halli,DW,0,0,,,0,0,,,0,0,,,0,355.8571428571,40,90,600,0,120,240,3750,0,120,240,0,0,,,,,,,0,0,,
596,ATP_D_B.G. Halli,DW+PS/DCB,0,0,,,0,0,,,0,0,,,6450,355.8571428571,45,88,4800,0,120,240,7500,0,120,240,0,0,,,,,,,0,0,,
597,ATP_D_B.G. Halli,BWs,0,0,,,0,0,,,0,0,,,11100,355.8571428571,45,90,5400,0,120,240,0,0,120,240,0,0,,,,,,,0,0,,
598,ATP_D_B.G. Halli,S TW,0,0,,,0,0,,,0,0,,,0,355.8571428571,40,90,5400,0,120,240,7500,0,120,240,0,0,,,,,,,0,0,,
599,ATP_D_B.G. Halli,M TW,0,0,,,0,0,,,0,0,,,0,355.8571428571,40,90,10800,0,120,240,7500,0,120,240,0,0,,,,,,,0,0,,
600,ATP_D_B.G. Halli,D TW,0,0,,,0,0,,,0,0,,,0,355.8571428571,40,90,10800,0,120,240,15000,0,120,240,0,0,,,,,,,0,0,,
601,ATP_D_B.G. Halli,Filter Points,0,0,,,0,0,,,0,0,,,0,355.8571428571,40,90,5400,0,120,240,7500,0,120,240,0,0,,,,,,,0,0,,
602,ATP_D_46_Basavanahalli,DW,0,0,,,0,0,,,0,0,,,0,226.1428571429,40,90,600,0,120,240,3750,0,120,240,0,0,,,,,,,0,0,,
603,ATP_D_46_Basavanahalli,DW+PS/DCB,0,0,,,0,0,,,0,0,,,10500,226.1428571429,45,88,4800,0,120,240,7500,0,120,240,0,0,,,,,,,0,0,,
604,ATP_D_46_Basavanahalli,BWs,0,0,,,0,0,,,0,0,,,11100,226.1428571429,45,90,5400,0,120,240,0,0,120,240,0,0,,,,,,,0,0,,
605,ATP_D_46_Basavanahalli,S TW,0,0,,,0,0,,,0,0,,,0,226.1428571429,40,90,5400,0,120,240,7500,0,120,240,0,0,,,,,,,0,0,,
606,ATP_D_46_Basavanahalli,M TW,0,0,,,0,0,,,0,0,,,0,226.1428571429,40,90,10800,0,120,240,7500,0,120,240,0,0,,,,,,,0,0,,
607,ATP_D_46_Basavanahalli,D TW,0,0,,,0,0,,,0,0,,,0,226.1428571429,40,90,10800,0,120,240,15000,0,120,240,0,0,,,,,,,0,0,,
608,ATP_D_46_Basavanahalli,Filter Points,0,0,,,0,0,,,0,0,,,0,226.1428571429,40,90,5400,0,120,240,7500,0,120,240,0,0,,,,,,,0,0,,
609,ATP_D_46_Beluguppa,DW,0,0,,,0,0,,,0,0,,,0,133.4285714286,40,90,600,0,120,240,3750,0,120,240,0,0,,,,,,,0,0,,
610,ATP_D_46_Beluguppa,DW+PS/DCB,0,0,,,0,0,,,0,0,,,6750,133.4285714286,45,88,4800,0,120,240,7500,0,120,240,0,0,,,,,,,0,0,,
611,ATP_D_46_Beluguppa,BWs,0,0,,,0,0,,,0,0,,,11100,133.4285714286,45,90,5400,0,120,240,0,0,120,240,0,0,,,,,,,0,0,,
612,ATP_D_46_Beluguppa,S TW,0,0,,,0,0,,,0,0,,,0,133.4285714286,40,90,5400,0,120,240,7500,0,120,240,0,0,,,,,,,0,0,,
613,ATP_D_46_Beluguppa,M TW,0,0,,,0,0,,,0,0,,,0,133.4285714286,40,90,10800,0,120,240,7500,0,120,240,0,0,,,,,,,0,0,,
614,ATP_D_46_Beluguppa,D TW,0,0,,,0,0,,,0,0,,,0,133.4285714286,40,90,10800,0,120,240,15000,0,120,240,0,0,,,,,,,0,0,,
615,ATP_D_46_Beluguppa,Filter Points,0,0,,,0,0,,,0,0,,,0,133.4285714286,40,90,5400,0,120,240,7500,0,120,240,0,0,,,,,,,0,0,,
616,ATP_D_46_Brahmasamudram,DW,0,0,,,0,0,,,0,0,,,0,518,40,90,600,0,120,240,3750,0,120,240,0,0,,,,,,,0,0,,
617,ATP_D_46_Brahmasamudram,DW+PS/DCB,0,0,,,0,0,,,0,0,,,7500,518,45,88,4800,0,120,240,7500,0,120,240,0,0,,,,,,,0,0,,
618,ATP_D_46_Brahmasamudram,BWs,0,0,,,0,0,,,0,0,,,11100,518,45,90,5400,0,120,240,0,0,120,240,0,0,,,,,,,0,0,,
619,ATP_D_46_Brahmasamudram,S TW,0,0,,,0,0,,,0,0,,,0,518,40,90,5400,0,120,240,7500,0,120,240,0,0,,,,,,,0,0,,
620,ATP_D_46_Brahmasamudram,M TW,0,0,,,0,0,,,0,0,,,0,518,40,90,10800,0,120,240,7500,0,120,240,0,0,,,,,,,0,0,,
621,ATP_D_46_Brahmasamudram,D TW,0,0,,,0,0,,,0,0,,,0,518,40,90,10800,0,120,240,15000,0,120,240,0,0,,,,,,,0,0,,
622,ATP_D_46_Brahmasamudram,Filter Points,0,0,,,0,0,,,0,0,,,0,518,40,90,5400,0,120,240,7500,0,120,240,0,0,,,,,,,0,0,,
623,ATP_D_46_Kunduripi,DW,0,0,,,0,0,,,0,0,,,0,0,40,90,600,0,120,240,3750,0,120,240,0,0,,,,,,,0,0,,
624,ATP_D_46_Kunduripi,DW+PS/DCB,0,0,,,0,0,,,0,0,,,3450,0,45,88,4800,0,120,240,7500,0,120,240,0,0,,,,,,,0,0,,
625,ATP_D_46_Kunduripi,BWs,0,0,,,0,0,,,0,0,,,10500,0,45,90,5400,0,120,240,0,0,120,240,0,0,,,,,,,0,0,,
626,ATP_D_46_Kunduripi,S TW,0,0,,,0,0,,,0,0,,,0,0,40,90,5400,0,120,240,7500,0,120,240,0,0,,,,,,,0,0,,
627,ATP_D_46_Kunduripi,M TW,0,0,,,0,0,,,0,0,,,0,0,40,90,10800,0,120,240,7500,0,120,240,0,0,,,,,,,0,0,,
628,ATP_D_46_Kunduripi,D TW,0,0,,,0,0,,,0,0,,,0,0,40,90,10800,0,120,240,15000,0,120,240,0,0,,,,,,,0,0,,
629,ATP_D_46_Kunduripi,Filter Points,0,0,,,0,0,,,0,0,,,0,0,40,90,5400,0,120,240,7500,0,120,240,0,0,,,,,,,0,0,,
630,ATP_D_46_Settur,DW,0,0,,,0,0,,,0,0,,,0,290.1428571429,40,90,600,0,120,240,3750,0,120,240,0,0,,,,,,,0,0,,
631,ATP_D_46_Settur,DW+PS/DCB,0,0,,,0,0,,,0,0,,,6750,290.1428571429,45,88,4800,0,120,240,7500,0,120,240,0,0,,,,,,,0,0,,
632,ATP_D_46_Settur,BWs,0,0,,,0,0,,,0,0,,,11100,290.1428571429,45,90,5400,0,120,240,0,0,120,240,0,0,,,,,,,0,0,,
633,ATP_D_46_Settur,S TW,0,0,,,0,0,,,0,0,,,0,290.1428571429,40,90,5400,0,120,240,7500,0,120,240,0,0,,,,,,,0,0,,
634,ATP_D_46_Settur,M TW,0,0,,,0,0,,,0,0,,,0,290.1428571429,40,90,10800,0,120,240,7500,0,120,240,0,0,,,,,,,0,0,,
635,ATP_D_46_Settur,D TW,0,0,,,0,0,,,0,0,,,0,290.1428571429,40,90,10800,0,120,240,15000,0,120,240,0,0,,,,,,,0,0,,
636,ATP_D_46_Settur,Filter Points,0,0,,,0,0,,,0,0,,,0,290.1428571429,40,90,5400,0,120,240,7500,0,120,240,0,0,,,,,,,0,0,,
637,ATP_C_66_Hampapuram,DW,0,0,,,0,0,,,0,0,,,0,174.8571428571,40,90,600,0,120,240,3750,0,120,240,0,0,,,,,,,0,0,,
638,ATP_C_66_Hampapuram,DW+PS/DCB,0,0,,,0,0,,,0,0,,,6750,174.8571428571,45,88,4800,0,120,240,7500,0,120,240,0,0,,,,,,,0,0,,
639,ATP_C_66_Hampapuram,BWs,0,0,,,0,0,,,0,0,,,11100,174.8571428571,45,90,5400,0,120,240,0,0,120,240,0,0,,,,,,,0,0,,
640,ATP_C_66_Hampapuram,S TW,0,0,,,0,0,,,0,0,,,0,174.8571428571,40,90,5400,0,120,240,7500,0,120,240,0,0,,,,,,,0,0,,
641,ATP_C_66_Hampapuram,M TW,0,0,,,0,0,,,0,0,,,0,174.8571428571,40,90,10800,0,120,240,7500,0,120,240,0,0,,,,,,,0,0,,
642,ATP_C_66_Hampapuram,D TW,0,0,,,0,0,,,0,0,,,0,174.8571428571,40,90,10800,0,120,240,15000,0,120,240,0,0,,,,,,,0,0,,
643,ATP_C_66_Hampapuram,Filter Points,0,0,,,0,0,,,0,0,,,0,174.8571428571,40,90,5400,0,120,240,7500,0,120,240,0,0,,,,,,,0,0,,
644,ATP_C_67_VonavoluG,DW,0,0,,,0,0,,,0,0,,,0,196.7142857143,40,90,600,0,120,240,3750,0,120,240,0,0,,,,,,,0,0,,
645,ATP_C_67_VonavoluG,DW+PS/DCB,0,0,,,0,0,,,0,0,,,6750,196.7142857143,45,88,4800,0,120,240,7500,0,120,240,0,0,,,,,,,0,0,,
646,ATP_C_67_VonavoluG,BWs,0,0,,,0,0,,,0,0,,,11100,196.7142857143,45,90,5400,0,120,240,0,0,120,240,0,0,,,,,,,0,0,,
647,ATP_C_67_VonavoluG,S TW,0,0,,,0,0,,,0,0,,,0,196.7142857143,40,90,5400,0,120,240,7500,0,120,240,0,0,,,,,,,0,0,,
648,ATP_C_67_VonavoluG,M TW,0,0,,,0,0,,,0,0,,,0,196.7142857143,40,90,10800,0,120,240,7500,0,120,240,0,0,,,,,,,0,0,,
649,ATP_C_67_VonavoluG,D TW,0,0,,,0,0,,,0,0,,,0,196.7142857143,40,90,10800,0,120,240,15000,0,120,240,0,0,,,,,,,0,0,,
650,ATP_C_67_VonavoluG,Filter Points,0,0,,,0,0,,,0,0,,,0,196.7142857143,40,90,5400,0,120,240,7500,0,120,240,0,0,,,,,,,0,0,,
651,ATP_D_46_Appilepalli,DW,0,0,,,0,0,,,0,0,,,0,211.1428571429,40,90,600,0,120,240,3750,0,120,240,0,0,,,,,,,0,0,,
652,ATP_D_46_Appilepalli,DW+PS/DCB,0,0,,,0,0,,,0,0,,,6750,211.1428571429,45,88,4800,0,120,240,7500,0,120,240,0,0,,,,,,,0,0,,
653,ATP_D_46_Appilepalli,BWs,0,0,,,0,0,,,0,0,,,11100,211.1428571429,45,90,5400,0,120,240,0,0,120,240,0,0,,,,,,,0,0,,
654,ATP_D_46_Appilepalli,S TW,0,0,,,0,0,,,0,0,,,0,211.1428571429,40,90,5400,0,120,240,7500,0,120,240,0,0,,,,,,,0,0,,
655,ATP_D_46_Appilepalli,M TW,0,0,,,0,0,,,0,0,,,0,211.1428571429,40,90,10800,0,120,240,7500,0,120,240,0,0,,,,,,,0,0,,
656,ATP_D_46_Appilepalli,D TW,0,0,,,0,0,,,0,0,,,0,211.1428571429,40,90,10800,0,120,240,15000,0,120,240,0,0,,,,,,,0,0,,
657,ATP_D_46_Appilepalli,Filter Points,0,0,,,0,0,,,0,0,,,0,211.1428571429,40,90,5400,0,120,240,7500,0,120,240,0,0,,,,,,,0,0,,
658,ATP_C_67_Thippepalli,DW,0,0,,,0,0,,,0,0,,,0,310.1428571429,40,90,600,4.7142857143,120,240,3750,0,120,240,0,0,,,,,,,0,0,,
659,ATP_C_67_Thippepalli,DW+PS/DCB,0,0,,,0,0,,,0,0,,,6750,310.1428571429,45,88,4800,4.7142857143,120,240,7500,0,120,240,0,0,,,,,,,0,0,,
660,ATP_C_67_Thippepalli,BWs,0,0,,,0,0,,,0,0,,,11100,310.1428571429,45,90,5400,4.7142857143,120,240,0,0,120,240,0,0,,,,,,,0,0,,
661,ATP_C_67_Thippepalli,S TW,0,0,,,0,0,,,0,0,,,0,310.1428571429,40,90,5400,4.7142857143,120,240,7500,0,120,240,0,0,,,,,,,0,0,,
662,ATP_C_67_Thippepalli,M TW,0,0,,,0,0,,,0,0,,,0,310.1428571429,40,90,10800,4.7142857143,120,240,7500,0,120,240,0,0,,,,,,,0,0,,
663,ATP_C_67_Thippepalli,D TW,0,0,,,0,0,,,0,0,,,0,310.1428571429,40,90,10800,4.7142857143,120,240,15000,0,120,240,0,0,,,,,,,0,0,,
664,ATP_C_67_Thippepalli,Filter Points,0,0,,,0,0,,,0,0,,,0,310.1428571429,40,90,5400,4.7142857143,120,240,7500,0,120,240,0,0,,,,,,,0,0,,
665,ATP_C_66_Kurugunta,DW,0,0,,,0,0,,,0,0,,,0,170.4285714286,40,90,600,0,120,240,3750,0,120,240,0,0,,,,,,,0,0,,
666,ATP_C_66_Kurugunta,DW+PS/DCB,0,0,,,0,0,,,0,0,,,6750,170.4285714286,45,88,4800,0,120,240,7500,0,120,240,0,0,,,,,,,0,0,,
667,ATP_C_66_Kurugunta,BWs,0,0,,,0,0,,,0,0,,,11100,170.4285714286,45,90,5400,0,120,240,0,0,120,240,0,0,,,,,,,0,0,,
668,ATP_C_66_Kurugunta,S TW,0,0,,,0,0,,,0,0,,,0,170.4285714286,40,90,5400,0,120,240,7500,0,120,240,0,0,,,,,,,0,0,,
669,ATP_C_66_Kurugunta,M TW,0,0,,,0,0,,,0,0,,,0,170.4285714286,40,90,10800,0,120,240,7500,0,120,240,0,0,,,,,,,0,0,,
670,ATP_C_66_Kurugunta,D TW,0,0,,,0,0,,,0,0,,,0,170.4285714286,40,90,10800,0,120,240,15000,0,120,240,0,0,,,,,,,0,0,,
671,ATP_C_66_Kurugunta,Filter Points,0,0,,,0,0,,,0,0,,,0,170.4285714286,40,90,5400,0,120,240,7500,0,120,240,0,0,,,,,,,0,0,,
672,ATP_C_66_Thumucherla,DW,0,0,,,0,0,,,0,0,,,0,169,40,90,600,0,120,240,3750,0,120,240,0,0,,,,,,,0,0,,
673,ATP_C_66_Thumucherla,DW+PS/DCB,0,0,,,0,0,,,0,0,,,6750,169,45,88,4800,0,120,240,7500,0,120,240,0,0,,,,,,,0,0,,
674,ATP_C_66_Thumucherla,BWs,0,0,,,0,0,,,0,0,,,11100,169,45,90,5400,0,120,240,0,0,120,240,0,0,,,,,,,0,0,,
675,ATP_C_66_Thumucherla,S TW,0,0,,,0,0,,,0,0,,,0,169,40,90,5400,0,120,240,7500,0,120,240,0,0,,,,,,,0,0,,
676,ATP_C_66_Thumucherla,M TW,0,0,,,0,0,,,0,0,,,0,169,40,90,10800,0,120,240,7500,0,120,240,0,0,,,,,,,0,0,,
677,ATP_C_66_Thumucherla,D TW,0,0,,,0,0,,,0,0,,,0,169,40,90,10800,0,120,240,15000,0,120,240,0,0,,,,,,,0,0,,
678,ATP_C_66_Thumucherla,Filter Points,0,0,,,0,0,,,0,0,,,0,169,40,90,5400,0,120,240,7500,0,120,240,0,0,,,,,,,0,0,,
679,ATP_C_66_Vaddupalli,DW,0,0,,,0,0,,,0,0,,,0,269.7142857143,40,90,600,0,120,240,3750,0.2857142857,120,240,0,0,,,,,,,0,0,,
680,ATP_C_66_Vaddupalli,DW+PS/DCB,0,0,,,0,0,,,0,0,,,6750,269.7142857143,45,88,4800,0,120,240,7500,0.2857142857,120,240,0,0,,,,,,,0,0,,
681,ATP_C_66_Vaddupalli,BWs,0,0,,,0,0,,,0,0,,,11100,269.7142857143,45,90,5400,0,120,240,0,0.2857142857,120,240,0,0,,,,,,,0,0,,
682,ATP_C_66_Vaddupalli,S TW,0,0,,,0,0,,,0,0,,,0,269.7142857143,40,90,5400,0,120,240,7500,0.2857142857,120,240,0,0,,,,,,,0,0,,
683,ATP_C_66_Vaddupalli,M TW,0,0,,,0,0,,,0,0,,,0,269.7142857143,40,90,10800,0,120,240,7500,0.2857142857,120,240,0,0,,,,,,,0,0,,
684,ATP_C_66_Vaddupalli,D TW,0,0,,,0,0,,,0,0,,,0,269.7142857143,40,90,10800,0,120,240,15000,0.2857142857,120,240,0,0,,,,,,,0,0,,
685,ATP_C_66_Vaddupalli,Filter Points,0,0,,,0,0,,,0,0,,,0,269.7142857143,40,90,5400,0,120,240,7500,0.2857142857,120,240,0,0,,,,,,,0,0,,
686,ATP_C_67_Dorigallu,DW,0,0,,,0,0,,,0,0,,,0,243.1428571429,40,90,600,0,120,240,3750,0,120,240,0,0,,,,,,,0,0,,
687,ATP_C_67_Dorigallu,DW+PS/DCB,0,0,,,0,0,,,0,0,,,6750,243.1428571429,45,88,4800,0,120,240,7500,0,120,240,0,0,,,,,,,0,0,,
688,ATP_C_67_Dorigallu,BWs,0,0,,,0,0,,,0,0,,,11100,243.1428571429,45,90,5400,0,120,240,0,0,120,240,0,0,,,,,,,0,0,,
689,ATP_C_67_Dorigallu,S TW,0,0,,,0,0,,,0,0,,,0,243.1428571429,40,90,5400,0,120,240,7500,0,120,240,0,0,,,,,,,0,0,,
690,ATP_C_67_Dorigallu,M TW,0,0,,,0,0,,,0,0,,,0,243.1428571429,40,90,10800,0,120,240,7500,0,120,240,0,0,,,,,,,0,0,,
691,ATP_C_67_Dorigallu,D TW,0,0,,,0,0,,,0,0,,,0,243.1428571429,40,90,10800,0,120,240,15000,0,120,240,0,0,,,,,,,0,0,,
692,ATP_C_67_Dorigallu,Filter Points,0,0,,,0,0,,,0,0,,,0,243.1428571429,40,90,5400,0,120,240,7500,0,120,240,0,0,,,,,,,0,0,,
