S.No,Watershed code,Watershed Name, Village Name,Length ,Design depth of flow,Bed width,Side Slopes,WettedPerimeter,Wetted area,Canal seepage factor, No.of operating days of canal,, Recharge from canal (ha.m),,Annual Recharge
,,,,mts,mts,mts,( degrees ),mts,( m.sq mts.),( ha.m/d/m.sq.m ),Monsoon ,N-Monsoon,Monsoon ,Non-Monsoon,( ha.m )
2,07-C-54-60,GNT_C_54_Amarthaluru,Kuchipudi,500,1.5,6,45,8.5455844123,0.0042727922,15,90,90,5.7682694783,5.7682694783,11.5365389566
3,07-C-54-60,GNT_C_54_Amarthaluru,Mulpur,600,1.5,6,45,8.5455844123,0.0051273506,15,90,90,6.9219233739,6.9219233739,13.8438467479
4,07-C-54-60,GNT_C_54_Amarthaluru,Pedapudi,700,1.5,6,45,8.5455844123,0.0059819091,15,90,90,8.0755772696,8.0755772696,16.1511545392
5,07-C-54-60,GNT_C_54_Amarthaluru,Koditadiparru,400,1.5,6,45,8.5455844123,0.0034182338,15,90,90,4.6146155826,4.6146155826,9.2292311653
6,07-C-54-60,GNT_C_54_Amarthaluru,Moparru,650,1.5,6,45,8.5455844123,0.0055546299,15,90,90,7.4987503218,7.4987503218,14.9975006435
7,07-C-54-60,GNT_C_54_Amarthaluru,Turumella,400,1.5,6,45,8.5455844123,0.0034182338,15,90,90,4.6146155826,4.6146155826,9.2292311653
8,07-C-54-60,GNT_C_54_Amarthaluru,Amartaluru,600,1.5,6,45,8.5455844123,0.0051273506,15,90,90,6.9219233739,6.9219233739,13.8438467479
9,07-C-54-60,GNT_C_54_Amarthaluru,Panchalavaram,300,1.5,6,45,8.5455844123,0.0025636753,15,90,90,3.460961687,3.460961687,6.9219233739
10,07-C-54-60,GNT_C_54_Amarthaluru,Govada,450,1.5,6,45,8.5455844123,0.003845513,15,90,90,5.1914425305,5.1914425305,10.3828850609
11,07-C-54-60,GNT_C_54_Amarthaluru,Yalavarru,400,1.5,6,45,8.5455844123,0.0034182338,15,90,90,4.6146155826,4.6146155826,9.2292311653
12,07-C-54-60,GNT_C_54_Amarthaluru,Intur,600,1.5,6,45,8.5455844123,0.0051273506,15,90,90,6.9219233739,6.9219233739,13.8438467479
13,07-C-54-60,GNT_C_54_Amarthaluru,Pyapparru,350,1.5,6,45,8.5455844123,0.0029909545,15,90,90,4.0377886348,4.0377886348,8.0755772696
14,07-C-54-60,GNT_C_54_Amarthaluru,Bodapadu,290,1.5,6,45,8.5455844123,0.0024782195,15,90,90,3.3455962974,3.3455962974,6.6911925948
15,07-C-54-61,GNT_C_54_Bapatla,Gopapuram,600,2,6,45,9.3941125497,0.0056364675,15,90,55,7.6092311653,4.6500857121,12.2593168774
16,07-C-54-61,GNT_C_54_Bapatla,Poondla,700,2,6,45,9.3941125497,0.0065758788,15,90,55,8.8774363595,5.4250999974,14.3025363569
17,07-C-54-61,GNT_C_54_Bapatla,Etheru,500,2,6,45,9.3941125497,0.0046970563,15,90,55,6.341025971,3.8750714267,10.2160973978
18,07-C-54-61,GNT_C_54_Bapatla,Palaparthipadu,100,2,6,45,9.3941125497,0.0009394113,15,90,55,1.2682051942,0.7750142853,2.0432194796
19,07-C-54-61,GNT_C_54_Bapatla,Gudipudi,400,2,6,45,9.3941125497,0.003757645,15,90,55,5.0728207768,3.1000571414,8.1728779182
20,07-C-54-61,GNT_C_54_Bapatla,Neredupalli,350,2,6,45,9.3941125497,0.0032879394,15,90,55,4.4387181797,2.7125499987,7.1512681785
21,07-C-54-61,GNT_C_54_Bapatla,Bharthipudi,500,2,6,45,9.3941125497,0.0046970563,15,90,55,6.341025971,3.8750714267,10.2160973978
22,07-C-54-61,GNT_C_54_Bapatla,Appikatla,300,2,6,45,9.3941125497,0.0028182338,15,90,55,3.8046155826,2.325042856,6.1296584387
23,07-C-54-61,GNT_C_54_Bapatla,Velicherla,200,2,6,45,9.3941125497,0.0018788225,15,90,55,2.5364103884,1.5500285707,4.0864389591
24,07-C-54-48,GNT_C_54_Bhattiprollu,Sivangulapalem,900,1,6,45,7.6970562748,0.0069273506,15,140,50,14.5474363595,5.1955129855,19.742949345
25,07-C-54-48,GNT_C_54_Bhattiprollu,Addepalli,1200,1,6,45,7.6970562748,0.0092364675,15,140,50,19.3965818126,6.9273506474,26.32393246
26,07-C-54-48,GNT_C_54_Bhattiprollu,Vellaturu,1300,1,6,45,7.6970562748,0.0100061732,15,140,50,21.0129636303,7.504629868,28.5175934983
27,07-C-54-48,GNT_C_54_Bhattiprollu,Pesaralanka,0,1,6,45,7.6970562748,0,15,140,50,0,0,0
28,07-C-54-48,GNT_C_54_Bhattiprollu,Pedalanka,0,1,6,45,7.6970562748,0,15,140,50,0,0,0
29,07-C-54-48,GNT_C_54_Bhattiprollu,Oleru,1200,1,6,45,7.6970562748,0.0092364675,15,140,50,19.3965818126,6.9273506474,26.32393246
30,07-C-54-48,GNT_C_54_Bhattiprollu,Gorigapudi,900,1,6,45,7.6970562748,0.0069273506,15,140,50,14.5474363595,5.1955129855,19.742949345
31,07-C-54-48,GNT_C_54_Bhattiprollu,Pedapulivarru,1400,1,6,45,7.6970562748,0.0107758788,15,140,50,22.6293454481,8.0819090886,30.7112545366
32,07-C-54-48,GNT_C_54_Bhattiprollu,Surepalle,1200,1,6,45,7.6970562748,0.0092364675,15,140,50,19.3965818126,6.9273506474,26.32393246
33,07-C-54-48,GNT_C_54_Bhattiprollu,Konetipuram,900,1,6,45,7.6970562748,0.0069273506,15,140,50,14.5474363595,5.1955129855,19.742949345
34,07-C-54-48,GNT_C_54_Bhattiprollu,Pallekona,1100,1,6,45,7.6970562748,0.0084667619,15,140,50,17.7801999949,6.3500714267,24.1302714216
35,07-C-54-48,GNT_C_54_Bhattiprollu,Bhattiprolu,1400,1,6,45,7.6970562748,0.0107758788,15,140,50,22.6293454481,8.0819090886,30.7112545366
36,07-C-54-47,GNT-C-54-Cherukupalli,Rambhotlapalem,800,1,6,45,7.6970562748,0.006157645,15,140,40,12.9310545417,3.6945870119,16.6256415537
37,07-C-54-47,GNT-C-54-Cherukupalli,Kavur,900,1,6,45,7.6970562748,0.0069273506,15,140,40,14.5474363595,4.1564103884,18.7038467479
38,07-C-54-47,GNT-C-54-Cherukupalli,Arumbaka,700,1,6,45,7.6970562748,0.0053879394,15,140,40,11.314672724,3.2327636354,14.5474363595
39,07-C-54-47,GNT-C-54-Cherukupalli,Ponnpalli,800,1,6,45,7.6970562748,0.006157645,15,140,40,12.9310545417,3.6945870119,16.6256415537
40,07-C-54-47,GNT-C-54-Cherukupalli,Nadimpalli,600,1,6,45,7.6970562748,0.0046182338,15,140,40,9.6982909063,2.7709402589,12.4692311653
41,07-C-54-47,GNT-C-54-Cherukupalli,Gudavalli,550,1,6,45,7.6970562748,0.004233381,15,140,40,8.8900999974,2.5400285707,11.4301285681
42,07-C-54-47,GNT-C-54-Cherukupalli,Kanagala,800,1,6,45,7.6970562748,0.006157645,15,140,40,12.9310545417,3.6945870119,16.6256415537
43,07-C-54-47,GNT-C-54-Cherukupalli,Rajavolu,600,1,6,45,7.6970562748,0.0046182338,15,140,40,9.6982909063,2.7709402589,12.4692311653
44,07-C-54-47,GNT-C-54-Cherukupalli,Arepalli,800,1,6,45,7.6970562748,0.006157645,15,140,40,12.9310545417,3.6945870119,16.6256415537
45,07-C-54-47,GNT-C-54-Cherukupalli,Balusulapalem,620,1,6,45,7.6970562748,0.0047721749,15,140,40,10.0215672699,2.8633049342,12.8848722041
46,07-C-54-62,GNT-C-54-Duggirala,Chiluvuru,600,2,8,45,11.3941125497,0.0068364675,15,140,40,14.3565818126,4.1018805179,18.4584623305
47,07-C-54-62,GNT-C-54-Duggirala,Tummapudi,500,2,8,45,11.3941125497,0.0056970563,15,140,40,11.9638181772,3.4182337649,15.3820519421
48,07-C-54-62,GNT-C-54-Duggirala,Srungarapuram,200,2,8,45,11.3941125497,0.0022788225,15,140,40,4.7855272709,1.367293506,6.1528207768
49,07-C-54-62,GNT-C-54-Duggirala,Pedakonduru,600,2,8,45,11.3941125497,0.0068364675,15,140,40,14.3565818126,4.1018805179,18.4584623305
50,07-C-54-62,GNT-C-54-Duggirala,Godavarru,500,2,8,45,11.3941125497,0.0056970563,15,140,40,11.9638181772,3.4182337649,15.3820519421
51,07-C-54-62,GNT-C-54-Duggirala,Chinapalem,650,2,8,45,11.3941125497,0.0074061732,15,140,40,15.5529636303,4.4437038944,19.9966675247
52,07-C-54-62,GNT-C-54-Duggirala,Perikalapudi,350,2,8,45,11.3941125497,0.0039879394,15,140,40,8.374672724,2.3927636354,10.7674363595
53,07-C-54-62,GNT-C-54-Duggirala,Morampudi,300,2,8,45,11.3941125497,0.0034182338,15,140,40,7.1782909063,2.0509402589,9.2292311653
54,07-C-54-62,GNT-C-54-Duggirala,K.Konduru,700,2,8,45,11.3941125497,0.0079758788,15,140,40,16.7493454481,4.7855272709,21.5348727189
55,07-C-54-62,GNT-C-54-Duggirala,Penumuli,800,2,8,45,11.3941125497,0.00911529,15,140,40,19.1421090835,5.4691740239,24.6112831073
56,07-C-54-62,GNT-C-54-Duggirala,Duggirala,800,2,8,45,11.3941125497,0.00911529,15,140,40,19.1421090835,5.4691740239,24.6112831073
57,07-C-54-62,GNT-C-54-Duggirala,Emani,600,2,8,45,11.3941125497,0.0068364675,15,140,40,14.3565818126,4.1018805179,18.4584623305
58,07-C-54-62,GNT-C-54-Duggirala,Chintalapudi,400,2,8,45,11.3941125497,0.004557645,15,140,40,9.5710545417,2.7345870119,12.3056415537
59,07-C-54-62,GNT-C-54-Duggirala,Devarapalli Agraharam,50,2,8,45,11.3941125497,0.0005697056,15,140,40,1.1963818177,0.3418233765,1.5382051942
60,07-C-54-52,GNT-C-54-Karlapalem,Yazali,600,1,6,45,7.6970562748,0.0046182338,15,140,40,9.6982909063,2.7709402589,12.4692311653
61,07-C-54-52,GNT-C-54-Karlapalem,Bhuddam,300,1,6,45,7.6970562748,0.0023091169,15,140,40,4.8491454532,1.3854701295,6.2346155826
62,07-C-54-52,GNT-C-54-Karlapalem,Karlapalem,700,1,6,45,7.6970562748,0.0053879394,15,140,40,11.314672724,3.2327636354,14.5474363595
63,07-C-54-52,GNT-C-54-Karlapalem,Ganapavaram,500,1,6,45,7.6970562748,0.0038485281,15,140,40,8.0819090886,2.3091168825,10.391025971
64,07-C-54-52,GNT-C-54-Karlapalem,Pareli,600,1,6,45,7.6970562748,0.0046182338,15,140,40,9.6982909063,2.7709402589,12.4692311653
65,07-C-54-50,GNT-C-54-Kollipara,Vallabhapuram,2000,2.5,26,45,30.2426406871,0.0604852814,15,90,90,81.6551298552,81.6551298552,163.3102597104
66,07-C-54-50,GNT-C-54-Kollipara,Munnangi,2100,2.5,26,45,30.2426406871,0.0635095454,15,90,90,85.737886348,85.737886348,171.475772696
67,07-C-54-50,GNT-C-54-Kollipara,Dhanthaluru,1800,2.5,26,45,30.2426406871,0.0544367532,15,90,90,73.4896168697,73.4896168697,146.9792337394
68,07-C-54-50,GNT-C-54-Kollipara,Kunchavaram,2500,1,6,45,7.6970562748,0.0192426407,15,90,90,25.9775649276,25.9775649276,51.9551298552
69,07-C-54-50,GNT-C-54-Kollipara,Athota,3000,1,6,45,7.6970562748,0.0230911688,15,90,90,31.1730779131,31.1730779131,62.3461558263
70,07-C-54-50,GNT-C-54-Kollipara,Siripuram,2800,1,6,45,7.6970562748,0.0215517576,15,90,90,29.0948727189,29.0948727189,58.1897454378
71,07-C-54-50,GNT-C-54-Kollipara,Chivaluru,2600,1,6,45,7.6970562748,0.0200123463,15,90,90,27.0166675247,27.0166675247,54.0333350494
72,07-C-54-50,GNT-C-54-Kollipara,Pidaparru,1500,2.5,26,45,30.2426406871,0.045363961,15,90,90,61.2413473914,61.2413473914,122.4826947828
73,07-C-54-50,GNT-C-54-Kollipara,Kollipara,4200,2.5,26,45,30.2426406871,0.1270190909,15,90,90,171.475772696,171.475772696,342.9515453919
74,07-C-54-50,GNT-C-54-Kollipara,Bommuvaripalem,1500,2.5,26,45,30.2426406871,0.045363961,15,90,90,61.2413473914,61.2413473914,122.4826947828
75,07-C-54-50,GNT-C-54-Kollipara,Annavaram,1800,2.5,26,45,30.2426406871,0.0544367532,15,90,90,73.4896168697,73.4896168697,146.9792337394
76,07-C-54-50,GNT-C-54-Kollipara,Thumuluru,2500,1,6,45,7.6970562748,0.0192426407,15,90,90,25.9775649276,25.9775649276,51.9551298552
77,07-C-54-50,GNT-C-54-Kollipara,Davuluru,2800,1,6,45,7.6970562748,0.0215517576,15,90,90,29.0948727189,29.0948727189,58.1897454378
78,07-C-54-50,GNT-C-54-Kollipara,Chemudupadu,2600,1,6,45,7.6970562748,0.0200123463,15,90,90,27.0166675247,27.0166675247,54.0333350494
79,07-C-54-49,GNT-C-54-Kolluru,Ananthavaram,4000,0.75,2,45,3.2727922061,0.0130911688,15,90,90,17.6730779131,17.6730779131,35.3461558263
80,07-C-54-49,GNT-C-54-Kolluru,Chilumuru,3400,2,15,45,18.3941125497,0.0625399827,15,90,90,84.4289766031,84.4289766031,168.8579532062
81,07-C-54-49,GNT-C-54-Kolluru,Ipur,3500,2,15,45,18.3941125497,0.0643793939,15,90,90,86.9121817973,86.9121817973,173.8243635946
82,07-C-54-49,GNT-C-54-Kolluru,Gajullanka,0,0,0,45,0,0,15,90,90,0,0,0
83,07-C-54-49,GNT-C-54-Kolluru,Pedalanka,0,0,0,45,0,0,15,90,90,0,0,0
84,07-C-54-49,GNT-C-54-Kolluru,Kollur,4000,2,15,45,18.3941125497,0.0735764502,15,90,90,99.3282077684,99.3282077684,198.6564155367
85,07-C-54-49,GNT-C-54-Kolluru,Boddulurupadu,3400,0.5,2,45,2.8485281374,0.0096849957,15,90,90,13.0747441508,13.0747441508,26.1494883016
86,07-C-54-49,GNT-C-54-Kolluru,Ravikampadu,4400,0.6,2,45,3.0182337649,0.0132802286,15,90,90,17.9283085636,17.9283085636,35.8566171271
87,07-C-54-49,GNT-C-54-Kolluru,Gurivindapalle,2500,0.5,2,45,2.8485281374,0.0071213203,15,90,90,9.6137824638,9.6137824638,19.2275649276
88,07-C-54-49,GNT-C-54-Kolluru,Chinapulivarru,2800,0.5,2,45,2.8485281374,0.0079758788,15,90,90,10.7674363595,10.7674363595,21.5348727189
89,07-C-54-49,GNT-C-54-Kolluru,Donepudi,3000,2,15,45,18.3941125497,0.0551823376,15,90,90,74.4961558263,74.4961558263,148.9923116525
90,07-C-54-49,GNT-C-54-Kolluru,Potharlanka,0,0,0,45,0,0,15,90,90,0,0,0
91,07-C-54-57,GNT-C-54-Nagaram,Peddavaram,350,1.5,4,45,6.5455844123,0.0022909545,15,90,90,3.0927886348,3.0927886348,6.1855772696
92,07-C-54-57,GNT-C-54-Nagaram,Thotapalle,400,1.5,4,45,6.5455844123,0.0026182338,15,90,90,3.5346155826,3.5346155826,7.0692311653
93,07-C-54-57,GNT-C-54-Nagaram,Dhulipudi,900,1.5,4,45,6.5455844123,0.005891026,15,90,90,7.9528850609,7.9528850609,15.9057701218
94,07-C-54-57,GNT-C-54-Nagaram,Pamidimarru,500,1.5,4,45,6.5455844123,0.0032727922,15,90,90,4.4182694783,4.4182694783,8.8365389566
95,07-C-54-57,GNT-C-54-Nagaram,Eletipalem,600,1.5,4,45,6.5455844123,0.0039273506,15,90,90,5.3019233739,5.3019233739,10.6038467479
96,07-C-54-57,GNT-C-54-Nagaram,Nagaram,500,1.5,4,45,6.5455844123,0.0032727922,15,90,90,4.4182694783,4.4182694783,8.8365389566
97,07-C-54-57,GNT-C-54-Nagaram,Pudivada,400,1.5,4,45,6.5455844123,0.0026182338,15,90,90,3.5346155826,3.5346155826,7.0692311653
98,07-C-54-57,GNT-C-54-Nagaram,Siripudi,500,1.5,4,45,6.5455844123,0.0032727922,15,90,90,4.4182694783,4.4182694783,8.8365389566
99,07-C-54-57,GNT-C-54-Nagaram,Pedapalle,600,1.5,4,45,6.5455844123,0.0039273506,15,90,90,5.3019233739,5.3019233739,10.6038467479
100,07-C-54-57,GNT-C-54-Nagaram,Pedamatlapudi,700,1.5,4,45,6.5455844123,0.0045819091,15,90,90,6.1855772696,6.1855772696,12.3711545392
101,07-C-54-57,GNT-C-54-Nagaram,Edupalle,500,1.5,4,45,6.5455844123,0.0032727922,15,90,90,4.4182694783,4.4182694783,8.8365389566
102,07-C-54-57,GNT-C-54-Nagaram,Allaparru,900,1.5,4,45,6.5455844123,0.005891026,15,90,90,7.9528850609,7.9528850609,15.9057701218
103,07-C-54-58,GNT-C-54-Nizampatnam,Nizampatnam,500,1.5,4,45,6.5455844123,0.0032727922,15,90,90,4.4182694783,4.4182694783,8.8365389566
104,07-C-54-58,GNT-C-54-Nizampatnam,Amudalapalle(With Marshes),800,1.5,4,45,6.5455844123,0.0052364675,15,90,90,7.0692311653,7.0692311653,14.1384623305
105,07-C-54-58,GNT-C-54-Nizampatnam,Pregnam,600,1.5,4,45,6.5455844123,0.0039273506,15,90,90,5.3019233739,5.3019233739,10.6038467479
106,07-C-54-58,GNT-C-54-Nizampatnam,Muthupalle Agraharam,350,1.5,4,45,6.5455844123,0.0022909545,15,90,90,3.0927886348,3.0927886348,6.1855772696
107,07-C-54-58,GNT-C-54-Nizampatnam,Pallapatla,500,1.5,4,45,6.5455844123,0.0032727922,15,90,90,4.4182694783,4.4182694783,8.8365389566
108,07-C-54-58,GNT-C-54-Nizampatnam,Kuchinapudi,600,1.5,4,45,6.5455844123,0.0039273506,15,90,90,5.3019233739,5.3019233739,10.6038467479
109,07-C-54-58,GNT-C-54-Nizampatnam,Adavuladeevi(With Marshes),400,1.5,4,45,6.5455844123,0.0026182338,15,90,90,3.5346155826,3.5346155826,7.0692311653
110,07-C-54-58,GNT-C-54-Nizampatnam,Dindi(Including Marshes),800,1.5,4,45,6.5455844123,0.0052364675,15,90,90,7.0692311653,7.0692311653,14.1384623305
111,07-C-54-58,GNT-C-54-Nizampatnam,Nizampatnam forest,0,0,6,45,6,0,15,90,90,0,0,0
112,07-C-54-59,GNT-C-54-Ponnuru,Jupudi,600,2,6,45,9.3941125497,0.0056364675,15,90,90,7.6092311653,7.6092311653,15.2184623305
113,07-C-54-59,GNT-C-54-Ponnuru,B. Kodur,450,2,6,45,9.3941125497,0.0042273506,15,90,90,5.7069233739,5.7069233739,11.4138467479
114,07-C-54-59,GNT-C-54-Ponnuru,Vellaluru,600,2,6,45,9.3941125497,0.0056364675,15,90,90,7.6092311653,7.6092311653,15.2184623305
115,07-C-54-59,GNT-C-54-Ponnuru,Mamillapalle,500,2,6,45,9.3941125497,0.0046970563,15,90,90,6.341025971,6.341025971,12.6820519421
116,07-C-54-59,GNT-C-54-Ponnuru,Aremanda,450,2,6,45,9.3941125497,0.0042273506,15,90,90,5.7069233739,5.7069233739,11.4138467479
117,07-C-54-59,GNT-C-54-Ponnuru,Dandamudi,600,2,6,45,9.3941125497,0.0056364675,15,90,90,7.6092311653,7.6092311653,15.2184623305
118,07-C-54-59,GNT-C-54-Ponnuru,Munipalle,900,2,6,45,9.3941125497,0.0084547013,15,90,90,11.4138467479,11.4138467479,22.8276934958
119,07-C-54-59,GNT-C-54-Ponnuru,P.T.Parru,400,2,6,45,9.3941125497,0.003757645,15,90,90,5.0728207768,5.0728207768,10.1456415537
120,07-C-54-59,GNT-C-54-Ponnuru,Doppalapudi,300,2,6,45,9.3941125497,0.0028182338,15,90,90,3.8046155826,3.8046155826,7.6092311653
121,07-C-54-59,GNT-C-54-Ponnuru,Mannava,700,2,6,45,9.3941125497,0.0065758788,15,90,90,8.8774363595,8.8774363595,17.7548727189
122,07-C-54-59,GNT-C-54-Ponnuru,Upparapalem,500,2,6,45,9.3941125497,0.0046970563,15,90,90,6.341025971,6.341025971,12.6820519421
123,07-C-54-59,GNT-C-54-Ponnuru,Ponnur,450,2,6,45,9.3941125497,0.0042273506,15,90,90,5.7069233739,5.7069233739,11.4138467479
124,07-C-54-59,GNT-C-54-Ponnuru,Kondamudi,250,2,6,45,9.3941125497,0.0023485281,15,90,90,3.1705129855,3.1705129855,6.341025971
125,07-C-54-59,GNT-C-54-Ponnuru,Jadavalli,350,2,6,45,9.3941125497,0.0032879394,15,90,90,4.4387181797,4.4387181797,8.8774363595
126,07-C-54-59,GNT-C-54-Ponnuru,Vaddimukkala,600,2,6,45,9.3941125497,0.0056364675,15,90,90,7.6092311653,7.6092311653,15.2184623305
127,07-C-54-59,GNT-C-54-Ponnuru,Chintalapudi,700,2,6,45,9.3941125497,0.0065758788,15,90,90,8.8774363595,8.8774363595,17.7548727189
128,07-C-54-59,GNT-C-54-Ponnuru,Vallabharaopalem,600,2,6,45,9.3941125497,0.0056364675,15,90,90,7.6092311653,7.6092311653,15.2184623305
129,07-C-54-59,GNT-C-54-Ponnuru,Nandur,650,2,6,45,9.3941125497,0.0061061732,15,90,90,8.2433337624,8.2433337624,16.4866675247
130,07-C-54-59,GNT-C-54-Ponnuru,Mulukuduru,1200,2,6,45,9.3941125497,0.0112729351,15,90,90,15.2184623305,15.2184623305,30.436924661
131,07-C-54-53,GNT-C-54-P.V.Palem,Komali,500,1.5,4,45,6.5455844123,0.0032727922,15,90,90,4.4182694783,4.4182694783,8.8365389566
132,07-C-54-53,GNT-C-54-P.V.Palem,Sangupalem Koduru,450,1.5,4,45,6.5455844123,0.002945513,15,90,90,3.9764425305,3.9764425305,7.9528850609
133,07-C-54-53,GNT-C-54-P.V.Palem,Chandole,600,1.5,4,45,6.5455844123,0.0039273506,15,90,90,5.3019233739,5.3019233739,10.6038467479
134,07-C-54-53,GNT-C-54-P.V.Palem,Pittalavanipalem,700,1.5,4,45,6.5455844123,0.0045819091,15,90,90,6.1855772696,6.1855772696,12.3711545392
135,07-C-54-53,GNT-C-54-P.V.Palem,Khajipalem,600,1.5,4,45,6.5455844123,0.0039273506,15,90,90,5.3019233739,5.3019233739,10.6038467479
136,07-C-54-53,GNT-C-54-P.V.Palem,Alluru,650,1.5,4,45,6.5455844123,0.0042546299,15,90,90,5.7437503218,5.7437503218,11.4875006435
137,07-C-54-56,GNT-C-54-Repalle,Parisapadu,350,1.5,4,45,6.5455844123,0.0022909545,15,90,90,3.0927886348,3.0927886348,6.1855772696
138,07-C-54-56,GNT-C-54-Repalle,Karumuru,400,1.5,4,45,6.5455844123,0.0026182338,15,90,90,3.5346155826,3.5346155826,7.0692311653
139,07-C-54-56,GNT-C-54-Repalle,Bethapudi,300,1.5,4,45,6.5455844123,0.0019636753,15,90,90,2.650961687,2.650961687,5.3019233739
140,07-C-54-56,GNT-C-54-Repalle,Peteru,500,1.5,4,45,6.5455844123,0.0032727922,15,90,90,4.4182694783,4.4182694783,8.8365389566
141,07-C-54-56,GNT-C-54-Repalle,Penumudi,600,1.5,4,45,6.5455844123,0.0039273506,15,90,90,5.3019233739,5.3019233739,10.6038467479
142,07-C-54-56,GNT-C-54-Repalle,Chatragadda,600,1.5,4,45,6.5455844123,0.0039273506,15,90,90,5.3019233739,5.3019233739,10.6038467479
143,07-C-54-56,GNT-C-54-Repalle,Komarajugadda,450,1.5,4,45,6.5455844123,0.002945513,15,90,90,3.9764425305,3.9764425305,7.9528850609
144,07-C-54-56,GNT-C-54-Repalle,Nalluru,600,1.5,4,45,6.5455844123,0.0039273506,15,90,90,5.3019233739,5.3019233739,10.6038467479
145,07-C-54-56,GNT-C-54-Repalle,Aravapalli,300,1.5,4,45,6.5455844123,0.0019636753,15,90,90,2.650961687,2.650961687,5.3019233739
146,07-C-54-56,GNT-C-54-Repalle,Repalle,500,1.5,4,45,6.5455844123,0.0032727922,15,90,90,4.4182694783,4.4182694783,8.8365389566
147,07-C-54-56,GNT-C-54-Repalle,Uuppudi,150,1.5,4,45,6.5455844123,0.0009818377,15,90,90,1.3254808435,1.3254808435,2.650961687
148,07-C-54-56,GNT-C-54-Repalle,Isukapalle,600,1.5,4,45,6.5455844123,0.0039273506,15,90,90,5.3019233739,5.3019233739,10.6038467479
149,07-C-54-56,GNT-C-54-Repalle,Singupalem,600,1.5,4,45,6.5455844123,0.0039273506,15,90,90,5.3019233739,5.3019233739,10.6038467479
150,07-C-54-56,GNT-C-54-Repalle,Visweswaram,1000,1.5,4,45,6.5455844123,0.0065455844,15,90,90,8.8365389566,8.8365389566,17.6730779131
151,07-C-54-56,GNT-C-54-Repalle,Chodayapalem,600,1.5,4,45,6.5455844123,0.0039273506,15,90,90,5.3019233739,5.3019233739,10.6038467479
152,07-C-54-56,GNT-C-54-Repalle,Kaithepalle,450,1.5,4,45,6.5455844123,0.002945513,15,90,90,3.9764425305,3.9764425305,7.9528850609
153,07-C-54-56,GNT-C-54-Repalle,Pothumeraka(With Marshes area),250,1.5,4,45,6.5455844123,0.0016363961,15,90,90,2.2091347391,2.2091347391,4.4182694783
154,07-C-54-56,GNT-C-54-Repalle,Gangadipalem(With Marshes area),1200,1.5,4,45,6.5455844123,0.0078547013,15,90,90,10.6038467479,10.6038467479,21.2076934958
155,07-C-54-55,GNT-C-54-Tenali,Kolakaluru,500,3,10,45,15.0911688245,0.0075455844,15,90,90,10.1865389566,10.1865389566,20.3730779131
156,07-C-54-55,GNT-C-54-Tenali,Devarapally,500,2,6,45,9.3941125497,0.0046970563,15,90,90,6.341025971,6.341025971,12.6820519421
157,07-C-54-55,GNT-C-54-Tenali,Nandivelugu,1500,3,10,45,15.0911688245,0.0226367532,15,90,90,30.5596168697,30.5596168697,61.1192337394
158,07-C-54-55,GNT-C-54-Tenali,Kathevaram,600,2,6,45,9.3941125497,0.0056364675,15,90,90,7.6092311653,7.6092311653,15.2184623305
159,07-C-54-55,GNT-C-54-Tenali,Gudivada,1100,3,10,45,15.0911688245,0.0166002857,15,90,90,22.4103857044,22.4103857044,44.8207714089
160,07-C-54-55,GNT-C-54-Tenali,Sangamjagarlamudi,1200,3,10,45,15.0911688245,0.0181094026,15,90,90,24.4476934958,24.4476934958,48.8953869915
161,07-C-54-55,GNT-C-54-Tenali,Angalakuduru,1800,2,6,45,9.3941125497,0.0169094026,15,90,90,22.8276934958,22.8276934958,45.6553869915
162,07-C-54-55,GNT-C-54-Tenali,Nelapadu,600,2,6,45,9.3941125497,0.0056364675,15,90,90,7.6092311653,7.6092311653,15.2184623305
163,07-C-54-55,GNT-C-54-Tenali,Burripalem,900,1.5,4,45,6.5455844123,0.005891026,15,90,90,7.9528850609,7.9528850609,15.9057701218
164,07-C-54-55,GNT-C-54-Tenali,Chinaravuru,600,1.5,4,45,6.5455844123,0.0039273506,15,90,90,5.3019233739,5.3019233739,10.6038467479
165,07-C-54-55,GNT-C-54-Tenali,Pedaravuru,1500,1.5,4,45,6.5455844123,0.0098183766,15,90,90,13.2548084349,13.2548084349,26.5096168697
166,07-C-54-55,GNT-C-54-Tenali,Pinapadu,600,1.5,4,45,6.5455844123,0.0039273506,15,90,90,5.3019233739,5.3019233739,10.6038467479
167,07-C-54-55,GNT-C-54-Tenali,Tenali,900,3,10,45,15.0911688245,0.0135820519,15,90,90,18.3357701218,18.3357701218,36.6715402436
168,07-C-54-54,GNT-C-54-Tsunduru,Edlapalle,600,1.5,4,45,6.5455844123,0.0039273506,15,90,90,5.3019233739,5.3019233739,10.6038467479
169,07-C-54-54,GNT-C-54-Tsunduru,Chinaparimi,500,1.5,4,45,6.5455844123,0.0032727922,15,90,90,4.4182694783,4.4182694783,8.8365389566
170,07-C-54-54,GNT-C-54-Tsunduru,Valiveru,700,1.5,4,45,6.5455844123,0.0045819091,15,90,90,6.1855772696,6.1855772696,12.3711545392
171,07-C-54-54,GNT-C-54-Tsunduru,Penugudurupadu,450,1.5,4,45,6.5455844123,0.002945513,15,90,90,3.9764425305,3.9764425305,7.9528850609
172,07-C-54-54,GNT-C-54-Tsunduru,Kothapalli Narikellapadu,300,1.5,4,45,6.5455844123,0.0019636753,15,90,90,2.650961687,2.650961687,5.3019233739
173,07-C-54-54,GNT-C-54-Tsunduru,Thottempudi,250,1.5,4,45,6.5455844123,0.0016363961,15,90,90,2.2091347391,2.2091347391,4.4182694783
174,07-C-54-54,GNT-C-54-Tsunduru,Vetapalem,1000,3,10,45,15.0911688245,0.0150911688,15,90,90,20.3730779131,20.3730779131,40.7461558263
175,07-C-54-54,GNT-C-54-Tsunduru,Tsunduru,1100,1.5,4,45,6.5455844123,0.0072001429,15,90,90,9.7201928522,9.7201928522,19.4403857044
176,07-C-54-54,GNT-C-54-Tsunduru,Pedagadelavarru,800,1.5,4,45,6.5455844123,0.0052364675,15,90,90,7.0692311653,7.0692311653,14.1384623305
177,07-C-54-54,GNT-C-54-Tsunduru,Manduru,550,1.5,4,45,6.5455844123,0.0036000714,15,90,90,4.8600964261,4.8600964261,9.7201928522
178,07-C-54-54,GNT-C-54-Tsunduru,Alapadu,550,1.5,4,45,6.5455844123,0.0036000714,15,90,90,4.8600964261,4.8600964261,9.7201928522
179,07-C-54-54,GNT-C-54-Tsunduru,Modukuru,900,1.5,4,45,6.5455844123,0.005891026,15,90,90,7.9528850609,7.9528850609,15.9057701218
180,07-C-54-51,GNT-C-54-Vemuru,Pulichintalapalem,600,1.5,4,45,6.5455844123,0.0039273506,15,90,90,5.3019233739,5.3019233739,10.6038467479
181,07-C-54-51,GNT-C-54-Vemuru,Jampani,230,1.5,4,45,6.5455844123,0.0015054844,15,90,90,2.03240396,2.03240396,4.06480792
182,07-C-54-51,GNT-C-54-Vemuru,Chadalavada,650,1.5,4,45,6.5455844123,0.0042546299,15,90,90,5.7437503218,5.7437503218,11.4875006435
183,07-C-54-51,GNT-C-54-Vemuru,Kuchallapadu,800,1.5,4,45,6.5455844123,0.0052364675,15,90,90,7.0692311653,7.0692311653,14.1384623305
184,07-C-54-51,GNT-C-54-Vemuru,Varahapuram,600,1.5,4,45,6.5455844123,0.0039273506,15,90,90,5.3019233739,5.3019233739,10.6038467479
185,07-C-54-51,GNT-C-54-Vemuru,Vemuru,750,1.5,4,45,6.5455844123,0.0049091883,15,90,90,6.6274042174,6.6274042174,13.2548084349
186,07-C-54-51,GNT-C-54-Vemuru,Pothumarru,1100,1.5,4,45,6.5455844123,0.0072001429,15,90,90,9.7201928522,9.7201928522,19.4403857044
187,07-C-54-51,GNT-C-54-Vemuru,Peravalipalem,350,1.5,4,45,6.5455844123,0.0022909545,15,90,90,3.0927886348,3.0927886348,6.1855772696
188,07-C-54-51,GNT-C-54-Vemuru,Peravali,600,1.5,4,45,6.5455844123,0.0039273506,15,90,90,5.3019233739,5.3019233739,10.6038467479
189,07-C-54-51,GNT-C-54-Vemuru,Chavali,500,1.5,4,45,6.5455844123,0.0032727922,15,90,90,4.4182694783,4.4182694783,8.8365389566
190,07-C-54-51,GNT-C-54-Vemuru,Balijepally,800,1.5,4,45,6.5455844123,0.0052364675,15,90,90,7.0692311653,7.0692311653,14.1384623305
191,07-C-54-51,GNT-C-54-Vemuru,Abbanagudavalli,260,1.5,4,45,6.5455844123,0.0017018519,15,90,90,2.2975001287,2.2975001287,4.5950002574
192,07-C-54-51,GNT-C-54-Vemuru,Penumarru,500,1.5,4,45,6.5455844123,0.0032727922,15,90,90,4.4182694783,4.4182694783,8.8365389566
193,07-C-55-37,GNT-C-55-Boddu-Velpuru,Gogulapadu,4000,1.5,4,45,6.5455844123,0.0261823376,4,90,120,9.4256415537,12.5675220716,21.9931636252
194,07-C-55-37,GNT-C-55-Boddu-Velpuru,Alawala,2000,3,6,45,11.0911688245,0.0221823376,15,90,120,29.9461558263,39.9282077684,69.8743635946
195,07-C-55-37,GNT-C-55-Boddu-Velpuru,Thurumella,3000,1.5,4,45,6.5455844123,0.0196367532,3.5,90,120,6.1855772696,8.2474363595,14.4330136291
196,07-C-55-37,GNT-C-55-Boddu-Velpuru,Annavarappadu,3000,1.5,4,45,6.5455844123,0.0196367532,3.5,90,120,6.1855772696,8.2474363595,14.4330136291
197,07-C-55-37,GNT-C-55-Boddu-Velpuru,Velpuru,1500,1.5,4,45,6.5455844123,0.0098183766,3.5,90,120,3.0927886348,4.1237181797,7.2165068145
198,07-C-55-42,GNT-C-55-Isuka-2-Kondaveedu,Talluru,400,1.5,3,45,5.5455844123,0.0022182338,3.5,90,120,0.6987436359,0.9316581813,1.6304018172
199,07-C-55-42,GNT-C-55-Isuka-2-Kondaveedu,Bethapudi,1200,1.5,3,45,5.5455844123,0.0066547013,3.5,90,120,2.0962309078,2.7949745438,4.8912054516
200,07-C-55-42,GNT-C-55-Isuka-2-Kondaveedu,Vemavaram,1500,1.5,3,45,5.5455844123,0.0083183766,3.5,90,120,2.6202886348,3.4937181797,6.1140068145
201,07-C-55-42,GNT-C-55-Isuka-2-Kondaveedu,Phyrangipuram,1500,1.5,3,45,5.5455844123,0.0083183766,3.5,90,120,2.6202886348,3.4937181797,6.1140068145
202,07-C-55-42,GNT-C-55-Isuka-2-Kondaveedu,Havusuganesa,700,1.5,3,45,5.5455844123,0.0038819091,3.5,90,120,1.2228013629,1.6304018172,2.8532031801
203,07-C-55-42,GNT-C-55-Isuka-2-Kondaveedu,Repudi,700,1.5,3,45,5.5455844123,0.0038819091,3.5,90,120,1.2228013629,1.6304018172,2.8532031801
204,07-C-55-42,GNT-C-55-Isuka-2-Kondaveedu,Nudurupadu,1000,1.5,3,45,5.5455844123,0.0055455844,3.5,90,120,1.7468590899,2.3291454532,4.076004543
205,07-C-55-42,GNT-C-55-Isuka-2-Kondaveedu,Kondaveedu,1000,3,8,45,13.0911688245,0.0130911688,3.5,90,120,4.1237181797,5.4982909063,9.622009086
206,07-C-55-42,GNT-C-55-Isuka-2-Kondaveedu,Solasa,500,5,20,45,28.4852813742,0.0142426407,3.5,90,120,4.4864318164,5.9819090886,10.468340905
207,07-C-55-42,GNT-C-55-Isuka-2-Kondaveedu,Chirumamilla,600,1.5,3,45,5.5455844123,0.0033273506,3.5,90,120,1.0481154539,1.3974872719,2.4456027258
208,07-C-55-45,GNT-C-55-Konda-Vatticherukuru,Kondaveedu Hill & Forest,0,,,45,0,0,3.5,90,120,0,0,0
209,07-C-55-45,GNT-C-55-Konda-Vatticherukuru,Etukuru,500,1.5,4,45,6.5455844123,0.0032727922,3.5,90,120,1.0309295449,1.3745727266,2.4055022715
210,07-C-55-45,GNT-C-55-Konda-Vatticherukuru,Ankireddypalem,0,0,0,45,0,0,3.5,90,120,0,0,0
211,07-C-55-45,GNT-C-55-Konda-Vatticherukuru,Potturu,0,0,0,45,0,0,3.5,90,120,0,0,0
212,07-C-55-45,GNT-C-55-Konda-Vatticherukuru,Chowdavaram,0,0,0,45,0,0,3.5,90,120,0,0,0
213,07-C-55-45,GNT-C-55-Konda-Vatticherukuru,Godavarru,600,1.5,4,45,6.5455844123,0.0039273506,3.5,90,120,1.2371154539,1.6494872719,2.8866027258
214,07-C-55-45,GNT-C-55-Konda-Vatticherukuru,Vadlamudi,600,1.5,4,45,6.5455844123,0.0039273506,3.5,90,120,1.2371154539,1.6494872719,2.8866027258
215,07-C-55-45,GNT-C-55-Konda-Vatticherukuru,Srirangapuram,900,1.5,4,45,6.5455844123,0.005891026,3.5,90,120,1.8556731809,2.4742309078,4.3299040887
216,07-C-55-45,GNT-C-55-Konda-Vatticherukuru,Chebrolu,800,1.5,4,45,6.5455844123,0.0052364675,3.5,90,120,1.6494872719,2.1993163625,3.8488036344
217,07-C-55-45,GNT-C-55-Konda-Vatticherukuru,Patareddypalem,800,1.5,4,45,6.5455844123,0.0052364675,3.5,90,120,1.6494872719,2.1993163625,3.8488036344
218,07-C-55-45,GNT-C-55-Konda-Vatticherukuru,Manchala,900,1.5,4,45,6.5455844123,0.005891026,3.5,90,120,1.8556731809,2.4742309078,4.3299040887
219,07-C-55-45,GNT-C-55-Konda-Vatticherukuru,Kornepadu,500,1.5,4,45,6.5455844123,0.0032727922,3.5,90,120,1.0309295449,1.3745727266,2.4055022715
220,07-C-55-45,GNT-C-55-Konda-Vatticherukuru,Ananthavarappadu,500,1.5,4,45,6.5455844123,0.0032727922,3.5,90,120,1.0309295449,1.3745727266,2.4055022715
221,07-C-55-45,GNT-C-55-Konda-Vatticherukuru,Chamallamudi,600,1.5,4,45,6.5455844123,0.0039273506,3.5,90,120,1.2371154539,1.6494872719,2.8866027258
222,07-C-55-45,GNT-C-55-Konda-Vatticherukuru,Kurunuthala,600,1.5,4,45,6.5455844123,0.0039273506,3.5,90,120,1.2371154539,1.6494872719,2.8866027258
223,07-C-55-45,GNT-C-55-Konda-Vatticherukuru,Garapadu,700,1.5,4,45,6.5455844123,0.0045819091,3.5,90,120,1.4433013629,1.9244018172,3.3677031801
224,07-C-55-45,GNT-C-55-Konda-Vatticherukuru,Yamarru,400,1.5,4,45,6.5455844123,0.0026182338,3.5,90,120,0.8247436359,1.0996581813,1.9244018172
225,07-C-55-45,GNT-C-55-Konda-Vatticherukuru,Katrapadu,800,1.5,4,45,6.5455844123,0.0052364675,3.5,90,120,1.6494872719,2.1993163625,3.8488036344
226,07-C-55-45,GNT-C-55-Konda-Vatticherukuru,Vatticherukuru,1000,1.5,4,45,6.5455844123,0.0065455844,3.5,90,120,2.0618590899,2.7491454532,4.811004543
227,07-C-55-45,GNT-C-55-Konda-Vatticherukuru,Lemallepadu,800,1.5,4,45,6.5455844123,0.0052364675,3.5,90,120,1.6494872719,2.1993163625,3.8488036344
228,07-C-55-45,GNT-C-55-Konda-Vatticherukuru,Kovelamudi,500,1.5,4,45,6.5455844123,0.0032727922,3.5,90,120,1.0309295449,1.3745727266,2.4055022715
229,07-C-55-45,GNT-C-55-Konda-Vatticherukuru,Karempudipadu,400,1.5,4,45,6.5455844123,0.0026182338,3.5,90,120,0.8247436359,1.0996581813,1.9244018172
230,07-C-55-45,GNT-C-55-Konda-Vatticherukuru,Mutluru,300,1.5,4,45,6.5455844123,0.0019636753,3.5,90,120,0.618557727,0.8247436359,1.4433013629
231,07-C-55-45,GNT-C-55-Konda-Vatticherukuru,Pallapadu,600,1.5,4,45,6.5455844123,0.0039273506,3.5,90,120,1.2371154539,1.6494872719,2.8866027258
232,07-C-55-45,GNT-C-55-Konda-Vatticherukuru,Enamadala,150,1.5,4,45,6.5455844123,0.0009818377,3.5,90,120,0.3092788635,0.412371818,0.7216506815
233,07-C-55-45,GNT-C-55-Konda-Vatticherukuru,Kondepadu,160,1.5,4,45,6.5455844123,0.0010472935,3.5,90,120,0.3298974544,0.4398632725,0.7697607269
234,07-C-55-45,GNT-C-55-Konda-Vatticherukuru,Mallayapalem,0,0,0,45,0,0,3.5,90,120,0,0,0
235,07-C-55-45,GNT-C-55-Konda-Vatticherukuru,Vangipuram,600,1.5,4,45,6.5455844123,0.0039273506,3.5,90,120,1.2371154539,1.6494872719,2.8866027258
236,07-C-55-45,GNT-C-55-Konda-Vatticherukuru,Vallur,900,1.5,4,45,6.5455844123,0.005891026,3.5,90,120,1.8556731809,2.4742309078,4.3299040887
237,07-C-55-45,GNT-C-55-Konda-Vatticherukuru,Kollimarla,400,1.5,4,45,6.5455844123,0.0026182338,3.5,90,120,0.8247436359,1.0996581813,1.9244018172
238,07-C-55-45,GNT-C-55-Konda-Vatticherukuru,Pandrapadu,800,1.5,4,45,6.5455844123,0.0052364675,3.5,90,120,1.6494872719,2.1993163625,3.8488036344
239,07-C-55-41,GNT-C-55-Nakka-Muppalla,Lakkarajugarlapadu,500,1.5,4,45,6.5455844123,0.0032727922,3.5,90,120,1.0309295449,1.3745727266,2.4055022715
240,07-C-55-41,GNT-C-55-Nakka-Muppalla,Palidevarlapadu,300,1.5,4,45,6.5455844123,0.0019636753,3.5,90,120,0.618557727,0.8247436359,1.4433013629
241,07-C-55-41,GNT-C-55-Nakka-Muppalla,Narnepadu,700,1.5,4,45,6.5455844123,0.0045819091,3.5,90,120,1.4433013629,1.9244018172,3.3677031801
242,07-C-55-41,GNT-C-55-Nakka-Muppalla,L kurapadu,800,1.5,4,45,6.5455844123,0.0052364675,3.5,90,120,1.6494872719,2.1993163625,3.8488036344
243,07-C-55-41,GNT-C-55-Nakka-Muppalla,Erraguntlapadu,600,1.5,4,45,6.5455844123,0.0039273506,3.5,90,120,1.2371154539,1.6494872719,2.8866027258
244,07-C-55-41,GNT-C-55-Nakka-Muppalla,Merikapudi,400,1.5,4,45,6.5455844123,0.0026182338,3.5,90,120,0.8247436359,1.0996581813,1.9244018172
245,07-C-55-41,GNT-C-55-Nakka-Muppalla,Gundlapadu,600,1.5,4,45,6.5455844123,0.0039273506,3.5,90,120,1.2371154539,1.6494872719,2.8866027258
246,07-C-55-41,GNT-C-55-Nakka-Muppalla,Ponukupadu,500,1.5,4,45,6.5455844123,0.0032727922,3.5,90,120,1.0309295449,1.3745727266,2.4055022715
247,07-C-55-41,GNT-C-55-Nakka-Muppalla,Mydavolu,800,1.5,4,45,6.5455844123,0.0052364675,3.5,90,120,1.6494872719,2.1993163625,3.8488036344
248,07-C-55-41,GNT-C-55-Nakka-Muppalla,Vankayalapadu,0,0,0,45,0,0,3.5,90,120,0,0,0
249,07-C-55-41,GNT-C-55-Nakka-Muppalla,Edlapadu,900,3,4,45,9.0911688245,0.0081820519,3.5,90,120,2.5773463618,3.4364618157,6.0138081774
250,07-C-55-41,GNT-C-55-Nakka-Muppalla,Timmapuram,500,1.5,4,45,6.5455844123,0.0032727922,3.5,90,120,1.0309295449,1.3745727266,2.4055022715
251,07-C-55-41,GNT-C-55-Nakka-Muppalla,Jaladi,600,1.5,4,45,6.5455844123,0.0039273506,3.5,90,120,1.2371154539,1.6494872719,2.8866027258
252,07-C-55-41,GNT-C-55-Nakka-Muppalla,Thurlapadu,550,1.5,4,45,6.5455844123,0.0036000714,3.5,90,120,1.1340224994,1.5120299992,2.6460524987
253,07-C-55-41,GNT-C-55-Nakka-Muppalla,Sandepudi,0,1.5,4,45,6.5455844123,0,3.5,90,120,0,0,0
254,07-C-55-41,GNT-C-55-Nakka-Muppalla,Satuluru,900,1.5,4,45,6.5455844123,0.005891026,3.5,90,120,1.8556731809,2.4742309078,4.3299040887
255,07-C-55-41,GNT-C-55-Nakka-Muppalla,Chandavaram,500,1.5,4,45,6.5455844123,0.0032727922,3.5,90,120,1.0309295449,1.3745727266,2.4055022715
256,07-C-55-41,GNT-C-55-Nakka-Muppalla,Gorijavolu,800,1.5,4,45,6.5455844123,0.0052364675,3.5,90,120,1.6494872719,2.1993163625,3.8488036344
257,07-C-55-41,GNT-C-55-Nakka-Muppalla,Sankranthipadu,800,1.5,4,45,6.5455844123,0.0052364675,3.5,90,120,1.6494872719,2.1993163625,3.8488036344
258,07-C-55-41,GNT-C-55-Nakka-Muppalla,Tubadu,600,3,4,45,9.0911688245,0.0054547013,3.5,90,120,1.7182309078,2.2909745438,4.0092054516
259,07-C-55-41,GNT-C-55-Nakka-Muppalla,Nadendla,500,1.5,4,45,6.5455844123,0.0032727922,3.5,90,120,1.0309295449,1.3745727266,2.4055022715
260,07-C-55-41,GNT-C-55-Nakka-Muppalla,Dondapadu,700,1.5,4,45,6.5455844123,0.0045819091,3.5,90,120,1.4433013629,1.9244018172,3.3677031801
261,07-C-55-41,GNT-C-55-Nakka-Muppalla,Kukkapallevari palem,600,1.5,4,45,6.5455844123,0.0039273506,3.5,90,120,1.2371154539,1.6494872719,2.8866027258
262,07-C-55-41,GNT-C-55-Nakka-Muppalla,Gorijavoluguntapalem,600,1.5,4,45,6.5455844123,0.0039273506,3.5,90,120,1.2371154539,1.6494872719,2.8866027258
263,07-C-55-41,GNT-C-55-Nakka-Muppalla,Ravipadu,500,1.5,4,45,6.5455844123,0.0032727922,3.5,90,120,1.0309295449,1.3745727266,2.4055022715
264,07-C-55-41,GNT-C-55-Nakka-Muppalla,Pusulur,700,1.5,4,45,6.5455844123,0.0045819091,3.5,90,120,1.4433013629,1.9244018172,3.3677031801
265,07-C-55-41,GNT-C-55-Nakka-Muppalla,Katrapadu,600,1.5,4,45,6.5455844123,0.0039273506,3.5,90,120,1.2371154539,1.6494872719,2.8866027258
266,07-C-55-41,GNT-C-55-Nakka-Muppalla,Varagani,600,1.5,4,45,6.5455844123,0.0039273506,3.5,90,120,1.2371154539,1.6494872719,2.8866027258
267,07-C-55-41,GNT-C-55-Nakka-Muppalla,Rajupalem,500,2,3,45,6.3941125497,0.0031970563,3.5,90,120,1.0070727266,1.3427636354,2.349836362
268,07-C-55-41,GNT-C-55-Nakka-Muppalla,Garikapadu,800,1.5,4,45,6.5455844123,0.0052364675,3.5,90,120,1.6494872719,2.1993163625,3.8488036344
269,07-C-55-41,GNT-C-55-Nakka-Muppalla,Bhallukanudupalem,0,1.5,4,45,6.5455844123,0,3.5,90,120,0,0,0
270,07-C-55-41,GNT-C-55-Nakka-Muppalla,Kakumanu,700,1.5,4,45,6.5455844123,0.0045819091,3.5,90,120,1.4433013629,1.9244018172,3.3677031801
271,07-C-55-41,GNT-C-55-Nakka-Muppalla,Kommur,600,1.5,4,45,6.5455844123,0.0039273506,3.5,90,120,1.2371154539,1.6494872719,2.8866027258
272,07-C-55-41,GNT-C-55-Nakka-Muppalla,Kondapaturu,600,1.5,4,45,6.5455844123,0.0039273506,3.5,90,120,1.2371154539,1.6494872719,2.8866027258
273,07-C-55-41,GNT-C-55-Nakka-Muppalla,Appapuram,500,3,4,45,9.0911688245,0.0045455844,3.5,90,120,1.4318590899,1.9091454532,3.341004543
274,07-C-55-41,GNT-C-55-Nakka-Muppalla,Retur,700,2,3,45,6.3941125497,0.0044758788,3.5,90,120,1.4099018172,1.8798690896,3.2897709068
275,07-C-55-41,GNT-C-55-Nakka-Muppalla,Bodipalem,500,1.5,4,45,6.5455844123,0.0032727922,3.5,90,120,1.0309295449,1.3745727266,2.4055022715
276,07-C-55-41,GNT-C-55-Nakka-Muppalla,Jillellamudi,500,1.5,4,45,6.5455844123,0.0032727922,3.5,90,120,1.0309295449,1.3745727266,2.4055022715
277,07-C-55-39,GNT-C-55-Nalanda-Narasaraopet,Rupenaguntla,600,1.5,4,45,6.5455844123,0.0039273506,3.5,90,120,1.2371154539,1.6494872719,2.8866027258
278,07-C-55-39,GNT-C-55-Nalanda-Narasaraopet,Muppalla,0,1.5,3,45,5.5455844123,0,3.5,90,120,0,0,0
279,07-C-55-39,GNT-C-55-Nalanda-Narasaraopet,Gollapadu,500,1.5,4,45,6.5455844123,0.0032727922,3.5,90,120,1.0309295449,1.3745727266,2.4055022715
280,07-C-55-39,GNT-C-55-Nalanda-Narasaraopet,Kanuparru,500,1.5,4,45,6.5455844123,0.0032727922,3.5,90,120,1.0309295449,1.3745727266,2.4055022715
281,07-C-55-39,GNT-C-55-Nalanda-Narasaraopet,Irlapadu,600,1.5,4,45,6.5455844123,0.0039273506,3.5,90,120,1.2371154539,1.6494872719,2.8866027258
282,07-C-55-39,GNT-C-55-Nalanda-Narasaraopet,N.Agraharam,0,1.5,5,45,7.5455844123,0,3.5,90,120,0,0,0
283,07-C-55-39,GNT-C-55-Nalanda-Narasaraopet,Ganapavaram,700,1.5,4,45,6.5455844123,0.0045819091,3.5,90,120,1.4433013629,1.9244018172,3.3677031801
284,07-C-55-39,GNT-C-55-Nalanda-Narasaraopet,Pamidipadu Agraharam,600,1.5,4,45,6.5455844123,0.0039273506,3.5,90,120,1.2371154539,1.6494872719,2.8866027258
285,07-C-55-39,GNT-C-55-Nalanda-Narasaraopet,Mulakaluru,700,1.5,4,45,6.5455844123,0.0045819091,3.5,90,120,1.4433013629,1.9244018172,3.3677031801
286,07-C-55-39,GNT-C-55-Nalanda-Narasaraopet,Guntagarlapadu,500,1.5,4,45,6.5455844123,0.0032727922,3.5,90,120,1.0309295449,1.3745727266,2.4055022715
287,07-C-55-39,GNT-C-55-Nalanda-Narasaraopet,Ravipadu,600,1.5,4,45,6.5455844123,0.0039273506,3.5,90,120,1.2371154539,1.6494872719,2.8866027258
288,07-C-55-39,GNT-C-55-Nalanda-Narasaraopet,Ikkurru,600,1.5,4,45,6.5455844123,0.0039273506,3.5,90,120,1.2371154539,1.6494872719,2.8866027258
289,07-C-55-39,GNT-C-55-Nalanda-Narasaraopet,Lingamguntla,500,1.5,4,45,6.5455844123,0.0032727922,3.5,90,120,1.0309295449,1.3745727266,2.4055022715
290,07-C-55-39,GNT-C-55-Nalanda-Narasaraopet,Narasaraopet,800,2,8,45,11.3941125497,0.00911529,3.5,90,120,2.8713163625,3.8284218167,6.6997381792
291,07-C-55-39,GNT-C-55-Nalanda-Narasaraopet,Jonnalagadda,400,1.5,4,45,6.5455844123,0.0026182338,3.5,90,120,0.8247436359,1.0996581813,1.9244018172
292,07-C-55-39,GNT-C-55-Nalanda-Narasaraopet,Pothavarppadu,600,1.5,4,45,6.5455844123,0.0039273506,3.5,90,120,1.2371154539,1.6494872719,2.8866027258
293,07-C-55-39,GNT-C-55-Nalanda-Narasaraopet,Kesanapalle,500,3,8,45,13.0911688245,0.0065455844,3.5,90,120,2.0618590899,2.7491454532,4.811004543
294,07-C-55-39,GNT-C-55-Nalanda-Narasaraopet,Ellamanda,1000,1.5,4,45,6.5455844123,0.0065455844,3.5,90,120,2.0618590899,2.7491454532,4.811004543
295,07-C-55-39,GNT-C-55-Nalanda-Narasaraopet,Uppalapadu,500,1.5,4,45,6.5455844123,0.0032727922,3.5,90,120,1.0309295449,1.3745727266,2.4055022715
296,07-C-55-39,GNT-C-55-Nalanda-Narasaraopet,Govindapuram,500,1.5,4,45,6.5455844123,0.0032727922,3.5,90,120,1.0309295449,1.3745727266,2.4055022715
297,07-C-55-39,GNT-C-55-Nalanda-Narasaraopet,Kavuru,700,1.5,4,45,6.5455844123,0.0045819091,3.5,90,120,1.4433013629,1.9244018172,3.3677031801
298,07-C-55-39,GNT-C-55-Nalanda-Narasaraopet,Manukondavaripalem,0,1.5,4,45,6.5455844123,0,3.5,90,120,0,0,0
299,07-C-55-39,GNT-C-55-Nalanda-Narasaraopet,Veluru,0,1.5,4,45,6.5455844123,0,3.5,90,120,0,0,0
300,07-C-55-40,GNT-C-55-Nallama-Pedanandipadu,Pedanadipadu,1200,1,5,45,6.6970562748,0.0080364675,3.5,90,120,2.5314872719,3.3753163625,5.9068036344
301,07-C-55-40,GNT-C-55-Nallama-Pedanandipadu,Annavaram,1400,1,5,45,6.6970562748,0.0093758788,3.5,90,120,2.9534018172,3.9378690896,6.8912709068
302,07-C-55-40,GNT-C-55-Nallama-Pedanandipadu,Uppalapadu,1100,1,5,45,6.6970562748,0.0073667619,3.5,90,120,2.3205299992,3.094039999,5.4145699982
303,07-C-55-40,GNT-C-55-Nallama-Pedanandipadu,Palaparru,900,1,5,45,6.6970562748,0.0060273506,3.5,90,120,1.8986154539,2.5314872719,4.4301027258
304,07-C-55-40,GNT-C-55-Nallama-Pedanandipadu,Mulapalem,1100,1,5,45,6.6970562748,0.0073667619,3.5,90,120,2.3205299992,3.094039999,5.4145699982
305,07-C-55-40,GNT-C-55-Nallama-Pedanandipadu,Jammulapalem,900,1,5,45,6.6970562748,0.0060273506,3.5,90,120,1.8986154539,2.5314872719,4.4301027258
306,07-C-55-40,GNT-C-55-Nallama-Pedanandipadu,Cheruvu,800,1,5,45,6.6970562748,0.005357645,3.5,90,120,1.6876581813,2.2502109083,3.9378690896
307,07-C-55-40,GNT-C-55-Nallama-Pedanandipadu,Narasayapelem,1000,1,5,45,6.6970562748,0.0066970563,3.5,90,120,2.1095727266,2.8127636354,4.922336362
308,07-C-55-40,GNT-C-55-Nallama-Pedanandipadu,Murukondapadu,1200,1,5,45,6.6970562748,0.0080364675,3.5,90,120,2.5314872719,3.3753163625,5.9068036344
309,07-C-55-40,GNT-C-55-Nallama-Pedanandipadu,Kankatapalem,1100,1,5,45,6.6970562748,0.0073667619,3.5,90,120,2.3205299992,3.094039999,5.4145699982
310,07-C-55-40,GNT-C-55-Nallama-Pedanandipadu,Bapatla West,900,1,5,45,6.6970562748,0.0060273506,3.5,90,120,1.8986154539,2.5314872719,4.4301027258
311,07-C-55-40,GNT-C-55-Nallama-Pedanandipadu,Bapatla East,1200,1,5,45,6.6970562748,0.0080364675,3.5,90,120,2.5314872719,3.3753163625,5.9068036344
312,07-C-55-40,GNT-C-55-Nallama-Pedanandipadu,Adivi,1100,1,5,45,6.6970562748,0.0073667619,3.5,90,120,2.3205299992,3.094039999,5.4145699982
313,07-C-55-40,GNT-C-55-Nallama-Pedanandipadu,M.P.Varipalem,1000,1,5,45,6.6970562748,0.0066970563,3.5,90,120,2.1095727266,2.8127636354,4.922336362
314,07-C-55-40,GNT-C-55-Nallama-Pedanandipadu,Forest and marshes,0,1.5,3,45,5.5455844123,0,3.5,90,120,0,0,0
315,07-C-55-46,GNT-C-55-Pedda-2-Mangalagiri,Tadepalle,500,1.5,4,45,6.5455844123,0.0032727922,3.5,90,120,1.0309295449,1.3745727266,2.4055022715
316,07-C-55-46,GNT-C-55-Pedda-2-Mangalagiri,Kunchanapalle,400,1.5,4,45,6.5455844123,0.0026182338,3.5,90,120,0.8247436359,1.0996581813,1.9244018172
317,07-C-55-46,GNT-C-55-Pedda-2-Mangalagiri,Kolanukonda,600,1.5,4,45,6.5455844123,0.0039273506,3.5,90,120,1.2371154539,1.6494872719,2.8866027258
318,07-C-55-46,GNT-C-55-Pedda-2-Mangalagiri,Vaddeswaram,800,1.5,4,45,6.5455844123,0.0052364675,3.5,90,120,1.6494872719,2.1993163625,3.8488036344
319,07-C-55-46,GNT-C-55-Pedda-2-Mangalagiri,Ippatam,400,1.5,4,45,6.5455844123,0.0026182338,3.5,90,120,0.8247436359,1.0996581813,1.9244018172
320,07-C-55-46,GNT-C-55-Pedda-2-Mangalagiri,Gundimeda,500,1.5,4,45,6.5455844123,0.0032727922,3.5,90,120,1.0309295449,1.3745727266,2.4055022715
321,07-C-55-46,GNT-C-55-Pedda-2-Mangalagiri,Chirravuru,600,1.5,4,45,6.5455844123,0.0039273506,3.5,90,120,1.2371154539,1.6494872719,2.8866027258
322,07-C-55-46,GNT-C-55-Pedda-2-Mangalagiri,Atmakur,500,1.5,4,45,6.5455844123,0.0032727922,3.5,90,120,1.0309295449,1.3745727266,2.4055022715
323,07-C-55-46,GNT-C-55-Pedda-2-Mangalagiri,Mangalagiri,600,1.5,4,45,6.5455844123,0.0039273506,3.5,90,120,1.2371154539,1.6494872719,2.8866027258
324,07-C-55-46,GNT-C-55-Pedda-2-Mangalagiri,Kaza,300,1.5,4,45,6.5455844123,0.0019636753,3.5,90,120,0.618557727,0.8247436359,1.4433013629
325,07-C-55-46,GNT-C-55-Pedda-2-Mangalagiri,Chinakakani,400,1.5,4,45,6.5455844123,0.0026182338,3.5,90,120,0.8247436359,1.0996581813,1.9244018172
326,07-C-55-46,GNT-C-55-Pedda-2-Mangalagiri,Pedavadlapudi,900,1.5,4,45,6.5455844123,0.005891026,3.5,90,120,1.8556731809,2.4742309078,4.3299040887
327,07-C-55-46,GNT-C-55-Pedda-2-Mangalagiri,Chinavadlapudi,500,1.5,4,45,6.5455844123,0.0032727922,3.5,90,120,1.0309295449,1.3745727266,2.4055022715
328,07-C-55-46,GNT-C-55-Pedda-2-Mangalagiri,Nutakki,800,1.5,4,45,6.5455844123,0.0052364675,3.5,90,120,1.6494872719,2.1993163625,3.8488036344
329,07-C-55-46,GNT-C-55-Pedda-2-Mangalagiri,Ramachandrapuram,900,1.5,4,45,6.5455844123,0.005891026,3.5,90,120,1.8556731809,2.4742309078,4.3299040887
330,07-C-55-46,GNT-C-55-Pedda-2-Mangalagiri,Guntur,1000,1.5,4,45,6.5455844123,0.0065455844,3.5,90,120,2.0618590899,2.7491454532,4.811004543
331,07-C-55-46,GNT-C-55-Pedda-2-Mangalagiri,Budampadu,800,1.5,4,45,6.5455844123,0.0052364675,3.5,90,120,1.6494872719,2.1993163625,3.8488036344
332,07-C-55-46,GNT-C-55-Pedda-2-Mangalagiri,Nallapadu,600,1.5,4,45,6.5455844123,0.0039273506,3.5,90,120,1.2371154539,1.6494872719,2.8866027258
333,07-C-55-46,GNT-C-55-Pedda-2-Mangalagiri,Koppuravuru,200,1.5,4,45,6.5455844123,0.0013091169,3.5,90,120,0.412371818,0.5498290906,0.9622009086
334,07-C-55-46,GNT-C-55-Pedda-2-Mangalagiri,Namburu,900,1.5,4,45,6.5455844123,0.005891026,3.5,90,120,1.8556731809,2.4742309078,4.3299040887
335,07-C-55-46,GNT-C-55-Pedda-2-Mangalagiri,Pedakakani,700,1.5,4,45,6.5455844123,0.0045819091,3.5,90,120,1.4433013629,1.9244018172,3.3677031801
336,07-C-55-46,GNT-C-55-Pedda-2-Mangalagiri,Venigandla,400,1.5,4,45,6.5455844123,0.0026182338,3.5,90,120,0.8247436359,1.0996581813,1.9244018172
337,07-C-55-46,GNT-C-55-Pedda-2-Mangalagiri,Agatavarappadu,500,1.5,4,45,6.5455844123,0.0032727922,3.5,90,120,1.0309295449,1.3745727266,2.4055022715
338,07-C-55-46,GNT-C-55-Pedda-2-Mangalagiri,Takkellapadu,800,1.5,4,45,6.5455844123,0.0052364675,3.5,90,120,1.6494872719,2.1993163625,3.8488036344
339,07-C-55-46,GNT-C-55-Pedda-2-Mangalagiri,Uppalapadu,900,1.5,4,45,6.5455844123,0.005891026,3.5,90,120,1.8556731809,2.4742309078,4.3299040887
340,07-C-55-46,GNT-C-55-Pedda-2-Mangalagiri,Devarayabhotlapalem,500,1.5,4,45,6.5455844123,0.0032727922,3.5,90,120,1.0309295449,1.3745727266,2.4055022715
341,07-C-55-46,GNT-C-55-Pedda-2-Mangalagiri,Tangellamudi,600,1.5,4,45,6.5455844123,0.0039273506,3.5,90,120,1.2371154539,1.6494872719,2.8866027258
342,07-C-55-46,GNT-C-55-Pedda-2-Mangalagiri,Anumarlapudi,700,1.5,4,45,6.5455844123,0.0045819091,3.5,90,120,1.4433013629,1.9244018172,3.3677031801
343,07-C-55-46,GNT-C-55-Pedda-2-Mangalagiri,Narakoduru,300,1.5,4,45,6.5455844123,0.0019636753,3.5,90,120,0.618557727,0.8247436359,1.4433013629
344,07-C-55-46,GNT-C-55-Pedda-2-Mangalagiri,Vejendla,500,1.5,4,45,6.5455844123,0.0032727922,3.5,90,120,1.0309295449,1.3745727266,2.4055022715
345,07-C-55-46,GNT-C-55-Pedda-2-Mangalagiri,Suddapally,300,1.5,4,45,6.5455844123,0.0019636753,3.5,90,120,0.618557727,0.8247436359,1.4433013629
346,07-C-55-46,GNT-C-55-Pedda-2-Mangalagiri,M. Ananthavaram,400,1.5,4,45,6.5455844123,0.0026182338,3.5,90,120,0.8247436359,1.0996581813,1.9244018172
347,07-C-55-46,GNT-C-55-Pedda-2-Mangalagiri,Sekuru,800,1.5,4,45,6.5455844123,0.0052364675,3.5,90,120,1.6494872719,2.1993163625,3.8488036344
348,07-C-55-44,GNT-C-55-Rama-Prathipadu,Kondaveedu Hill & Forest,0,1.5,4,45,6.5455844123,0,3.5,90,120,0,0,0
349,07-C-55-44,GNT-C-55-Rama-Prathipadu,Edulapalem,400,1.5,4,45,6.5455844123,0.0026182338,3.5,90,120,0.8247436359,1.0996581813,1.9244018172
350,07-C-55-44,GNT-C-55-Rama-Prathipadu,Prattipadu,600,1.5,4,45,6.5455844123,0.0039273506,3.5,90,120,1.2371154539,1.6494872719,2.8866027258
351,07-C-55-44,GNT-C-55-Rama-Prathipadu,Nadimpalem,700,1.5,4,45,6.5455844123,0.0045819091,3.5,90,120,1.4433013629,1.9244018172,3.3677031801
352,07-C-55-43,GNT-C-55-Tummala-Edlapadu,Kondaveedu Hill & Forest ,0,1.5,4,45,6.5455844123,0,3.5,90,120,0,0,0
353,07-C-55-43,GNT-C-55-Tummala-Edlapadu,Kondajagarlamudi,500,1.5,4,45,6.5455844123,0.0032727922,3.5,90,120,1.0309295449,1.3745727266,2.4055022715
354,07-C-55-43,GNT-C-55-Tummala-Edlapadu,Gottipadu,600,1.5,4,45,6.5455844123,0.0039273506,3.5,90,120,1.2371154539,1.6494872719,2.8866027258
355,07-C-55-43,GNT-C-55-Tummala-Edlapadu,Ganikapudi,650,1.5,4,45,6.5455844123,0.0042546299,3.5,90,120,1.3402084084,1.7869445446,3.127152953
356,07-C-55-43,GNT-C-55-Tummala-Edlapadu,Marripalem,200,1.5,4,45,6.5455844123,0.0013091169,3.5,90,120,0.412371818,0.5498290906,0.9622009086
357,07-C-55-43,GNT-C-55-Tummala-Edlapadu,Unnava,700,1.5,4,45,6.5455844123,0.0045819091,3.5,90,120,1.4433013629,1.9244018172,3.3677031801
358,07-C-55-43,GNT-C-55-Tummala-Edlapadu,Viswanadhuni Kandrika,0,1.5,4,45,6.5455844123,0,3.5,90,120,0,0,0
359,07-C-55-43,GNT-C-55-Tummala-Edlapadu,Karuchola,500,1.5,4,45,6.5455844123,0.0032727922,3.5,90,120,1.0309295449,1.3745727266,2.4055022715
360,07-C-55-43,GNT-C-55-Tummala-Edlapadu,Kopparru,600,1.5,4,45,6.5455844123,0.0039273506,3.5,90,120,1.2371154539,1.6494872719,2.8866027258
361,07-C-55-43,GNT-C-55-Tummala-Edlapadu,Annaparru,800,1.5,4,45,6.5455844123,0.0052364675,3.5,90,120,1.6494872719,2.1993163625,3.8488036344
362,07-C-55-38,GNT-C-55-Ura-Rompicherla,Dasaripalem,800,1.5,4,45,6.5455844123,0.0052364675,3.5,90,120,1.6494872719,2.1993163625,3.8488036344
363,07-C-55-38,GNT-C-55-Ura-Rompicherla,Annavaram,700,1.5,4,45,6.5455844123,0.0045819091,3.5,90,120,1.4433013629,1.9244018172,3.3677031801
364,07-C-55-38,GNT-C-55-Ura-Rompicherla,Romphicherla,600,1.5,4,45,6.5455844123,0.0039273506,3.5,90,120,1.2371154539,1.6494872719,2.8866027258
365,07-C-55-38,GNT-C-55-Ura-Rompicherla,Vipperlapalli Agraharam,700,1.5,4,45,6.5455844123,0.0045819091,3.5,90,120,1.4433013629,1.9244018172,3.3677031801
366,07-C-55-38,GNT-C-55-Ura-Rompicherla,Muthanapalli,350,1.5,4,45,6.5455844123,0.0022909545,3.5,90,120,0.7216506815,0.9622009086,1.6838515901
367,07-C-55-36,GNT-C-55-Vogeru-Chilakaluripet_Part-Ongole,Kunkalagunta,600,1.5,4,45,6.5455844123,0.0039273506,3.5,90,120,1.2371154539,1.6494872719,2.8866027258
368,07-C-55-36,GNT-C-55-Vogeru-Chilakaluripet_Part-Ongole,Palapadu,800,1.5,4,45,6.5455844123,0.0052364675,3.5,90,120,1.6494872719,2.1993163625,3.8488036344
369,07-C-55-36,GNT-C-55-Vogeru-Chilakaluripet_Part-Ongole,Kakani,800,1.5,4,45,6.5455844123,0.0052364675,3.5,90,120,1.6494872719,2.1993163625,3.8488036344
370,07-C-55-36,GNT-C-55-Vogeru-Chilakaluripet_Part-Ongole,Petlurivaripalem,0,1.5,4,45,6.5455844123,0,3.5,90,120,0,0,0
371,07-C-55-36,GNT-C-55-Vogeru-Chilakaluripet_Part-Ongole,Kondakavuru,400,1.5,4,45,6.5455844123,0.0026182338,3.5,90,120,0.8247436359,1.0996581813,1.9244018172
372,07-C-55-36,GNT-C-55-Vogeru-Chilakaluripet_Part-Ongole,Santhagudipadu,400,1.5,4,45,6.5455844123,0.0026182338,3.5,90,120,0.8247436359,1.0996581813,1.9244018172
373,07-C-55-36,GNT-C-55-Vogeru-Chilakaluripet_Part-Ongole,Vipparla,500,1.5,4,45,6.5455844123,0.0032727922,3.5,90,120,1.0309295449,1.3745727266,2.4055022715
374,07-C-55-36,GNT-C-55-Vogeru-Chilakaluripet_Part-Ongole,Machavaram,600,1.5,4,45,6.5455844123,0.0039273506,3.5,90,120,1.2371154539,1.6494872719,2.8866027258
375,07-C-55-36,GNT-C-55-Vogeru-Chilakaluripet_Part-Ongole,Nallagarlapadu,700,1.5,4,45,6.5455844123,0.0045819091,3.5,90,120,1.4433013629,1.9244018172,3.3677031801
376,07-C-55-36,GNT-C-55-Vogeru-Chilakaluripet_Part-Ongole,Edavalli,700,1.5,4,45,6.5455844123,0.0045819091,3.5,90,120,1.4433013629,1.9244018172,3.3677031801
377,07-C-55-36,GNT-C-55-Vogeru-Chilakaluripet_Part-Ongole,Pothavaram,600,1.5,4,45,6.5455844123,0.0039273506,3.5,90,120,1.2371154539,1.6494872719,2.8866027258
378,07-C-55-36,GNT-C-55-Vogeru-Chilakaluripet_Part-Ongole,Chilakaluripet,0,1.5,4,45,6.5455844123,0,3.5,90,120,0,0,0
379,07-C-55-36,GNT-C-55-Vogeru-Chilakaluripet_Part-Ongole,Gottipadu,0,1.5,4,45,6.5455844123,0,3.5,90,120,0,0,0
380,07-C-55-36,GNT-C-55-Vogeru-Chilakaluripet_Part-Ongole,Pasumarru,0,1.5,4,45,6.5455844123,0,3.5,90,120,0,0,0
381,07-C-55-36,GNT-C-55-Vogeru-Chilakaluripet_Part-Ongole,Chinapasumarru,0,1.5,4,45,6.5455844123,0,3.5,90,120,0,0,0
382,07-C-55-36,GNT-C-55-Vogeru-Chilakaluripet_Part-Ongole,Boppudi,600,1.5,4,45,6.5455844123,0.0039273506,3.5,90,120,1.2371154539,1.6494872719,2.8866027258
383,07-C-55-36,GNT-C-55-Vogeru-Chilakaluripet_Part-Ongole,Rajapeta,400,1.5,4,45,6.5455844123,0.0026182338,3.5,90,120,0.8247436359,1.0996581813,1.9244018172
384,07-C-55-36,GNT-C-55-Vogeru-Chilakaluripet_Part-Ongole,Murikipudi,0,1.5,4,45,6.5455844123,0,3.5,90,120,0,0,0
385,07-C-55-36,GNT-C-55-Vogeru-Chilakaluripet_Part-Ongole,Tatapudi,0,1.5,4,45,6.5455844123,0,3.5,90,120,0,0,0
386,07-C-55-36,GNT-C-55-Vogeru-Chilakaluripet_Part-Ongole,Kantevarikandrika,0,1.5,4,45,6.5455844123,0,3.5,90,120,0,0,0
387,07-C-57-33,GNT-C-57-Anga-Angalur,Bollapalle RF,0,1.5,4,45,6.5455844123,0,15,90,120,0,0,0
388,07-C-57-33,GNT-C-57-Anga-Angalur,Agnigundala,600,1.5,4,45,6.5455844123,0.0039273506,15,90,120,5.3019233739,7.0692311653,12.3711545392
389,07-C-57-33,GNT-C-57-Anga-Angalur,Angaluru,1200,3,10,45,15.0911688245,0.0181094026,15,90,120,24.4476934958,32.596924661,57.0446181568
390,07-C-57-33,GNT-C-57-Anga-Angalur,Kotcherla,900,1.5,4,45,6.5455844123,0.005891026,15,90,120,7.9528850609,10.6038467479,18.5567318088
391,07-C-57-33,GNT-C-57-Anga-Angalur,Kondramutla,1000,1.5,4,45,6.5455844123,0.0065455844,15,90,120,8.8365389566,11.7820519421,20.6185908987
392,07-C-57-33,GNT-C-57-Anga-Angalur,Dasullapalli,0,1,5,45,6.6970562748,0,15,90,120,0,0,0
393,07-C-57-35,GNT-C-57-Cheja-Chejerla,Hill and Forest,0,2,2.4,45,5.7941125497,0,15,90,120,0,0,0
394,07-C-57-35,GNT-C-57-Cheja-Chejerla,Chejerla,2000,5,20,45,28.4852813742,0.0569705627,15,90,120,76.9102597104,102.5470129473,179.4572726577
395,07-C-57-35,GNT-C-57-Cheja-Chejerla,Arepalli,600,2.5,4,45,8.2426406871,0.0049455844,15,90,120,6.6765389566,8.9020519421,15.5785908987
396,07-C-57-36,GNT-C-57-Cheja-Chejerla,Hill and Forest,0,2.5,4,45,0,0,15,90,120,0,0,0
397,07-C-57-35,GNT-C-57-Cheja-Chejerla,Inumella,1500,5,20,45,28.4852813742,0.0427279221,15,90,120,57.6826947828,76.9102597104,134.5929544933
398,07-C-57-35,GNT-C-57-Cheja-Chejerla,Muppalla,500,1.5,3,45,5.5455844123,0.0027727922,15,90,120,3.7432694783,4.991025971,8.7342954493
399,07-C-57-35,GNT-C-57-Cheja-Chejerla,Chittapuram,400,1.5,3,45,5.5455844123,0.0022182338,15,90,120,2.9946155826,3.9928207768,6.9874363595
400,07-C-57-30,GNT-C-57-Gundla-1-Nuzendla-Part_Ongole,Karumanchi,500,1.5,4,45,6.5455844123,0.0032727922,3.5,90,120,1.0309295449,1.3745727266,2.4055022715
401,07-C-57-30,GNT-C-57-Gundla-1-Nuzendla-Part_Ongole,Madamanchipadu,500,1.5,4,45,6.5455844123,0.0032727922,3.5,90,120,1.0309295449,1.3745727266,2.4055022715
402,07-C-57-30,GNT-C-57-Gundla-1-Nuzendla-Part_Ongole,Settupalle,300,1.5,4,45,6.5455844123,0.0019636753,3.5,90,120,0.618557727,0.8247436359,1.4433013629
403,07-C-57-30,GNT-C-57-Gundla-1-Nuzendla-Part_Ongole,Ummadivaram,700,1.5,4,45,6.5455844123,0.0045819091,3.5,90,120,1.4433013629,1.9244018172,3.3677031801
404,07-C-57-30,GNT-C-57-Gundla-1-Nuzendla-Part_Ongole,Nagulavaram,800,1.5,4,45,6.5455844123,0.0052364675,3.5,90,120,1.6494872719,2.1993163625,3.8488036344
405,07-C-57-30,GNT-C-57-Gundla-1-Nuzendla-Part_Ongole,Gokanakonda,900,1.5,4,45,6.5455844123,0.005891026,3.5,90,120,1.8556731809,2.4742309078,4.3299040887
406,07-C-57-30,GNT-C-57-Gundla-1-Nuzendla-Part_Ongole,Pamidipadu,500,1.5,4,45,6.5455844123,0.0032727922,3.5,90,120,1.0309295449,1.3745727266,2.4055022715
407,07-C-57-30,GNT-C-57-Gundla-1-Nuzendla-Part_Ongole,Khambhampadu,0,1.5,0,45,2.5455844123,0,3.5,90,120,0,0,0
408,07-C-57-30,GNT-C-57-Gundla-1-Nuzendla-Part_Ongole,T.Annavaram,0,1.5,0,45,2.5455844123,0,3.5,90,120,0,0,0
409,07-C-57-30,GNT-C-57-Gundla-1-Nuzendla-Part_Ongole,Tellabadu,600,1.5,4,45,6.5455844123,0.0039273506,3.5,90,120,1.2371154539,1.6494872719,2.8866027258
410,07-C-57-30,GNT-C-57-Gundla-1-Nuzendla-Part_Ongole,Uppalapadu,800,1.5,4,45,6.5455844123,0.0052364675,3.5,90,120,1.6494872719,2.1993163625,3.8488036344
411,07-C-57-30,GNT-C-57-Gundla-1-Nuzendla-Part_Ongole,Tripurapuram,500,1.5,4,45,6.5455844123,0.0032727922,3.5,90,120,1.0309295449,1.3745727266,2.4055022715
412,07-C-57-30,GNT-C-57-Gundla-1-Nuzendla-Part_Ongole,Kondraprolu,200,1.5,4,45,6.5455844123,0.0013091169,3.5,90,120,0.412371818,0.5498290906,0.9622009086
413,07-C-57-30,GNT-C-57-Gundla-1-Nuzendla-Part_Ongole,Mulakaluru,600,1.5,4,45,6.5455844123,0.0039273506,3.5,90,120,1.2371154539,1.6494872719,2.8866027258
414,07-C-57-30,GNT-C-57-Gundla-1-Nuzendla-Part_Ongole,Puvvada,900,1.5,4,45,6.5455844123,0.005891026,3.5,90,120,1.8556731809,2.4742309078,4.3299040887
415,07-C-57-30,GNT-C-57-Gundla-1-Nuzendla-Part_Ongole,Talarlapalle,600,1.5,4,45,6.5455844123,0.0039273506,3.5,90,120,1.2371154539,1.6494872719,2.8866027258
416,07-C-57-30,GNT-C-57-Gundla-1-Nuzendla-Part_Ongole,V.Appapuram,900,1.5,4,45,6.5455844123,0.005891026,3.5,90,120,1.8556731809,2.4742309078,4.3299040887
417,07-C-57-30,GNT-C-57-Gundla-1-Nuzendla-Part_Ongole,Nuzendla,1200,1.5,4,45,6.5455844123,0.0078547013,3.5,90,120,2.4742309078,3.2989745438,5.7732054516
418,07-C-57-64,GNT-C-57-Gundla-2-Thimmapuram-Part_Ongole,Putchanutala,600,3,6,45,11.0911688245,0.0066547013,15,90,120,8.9838467479,11.9784623305,20.9623090784
419,07-C-57-64,GNT-C-57-Gundla-2-Thimmapuram-Part_Ongole,Timmapuram,800,3,6,45,11.0911688245,0.0088729351,15,90,120,11.9784623305,15.9712831073,27.9497454378
420,07-C-57-29,GNT-C-57-Kandaleru-1-Bollapalli-Part_Ongole,Gandiganumala,0,6.7,2.4,45,13.7702770415,0,3.5,90,120,0,0,0
421,07-C-57-29,GNT-C-57-Kandaleru-1-Bollapalli-Part_Ongole,Ravulapuram,0,5.5,3,45,12.3338095117,0,3.5,90,120,0,0,0
422,07-C-57-29,GNT-C-57-Kandaleru-1-Bollapalli-Part_Ongole,Gutlapalle,600,1.5,3,45,5.5455844123,0.0033273506,15,90,120,4.4919233739,5.9892311653,10.4811545392
423,07-C-57-29,GNT-C-57-Kandaleru-1-Bollapalli-Part_Ongole,Bollapally R.F,0,2,5,45,8.3941125497,0,3.5,90,120,0,0,0
424,07-C-57-63,GNT-C-57-Kandaleru-2-Vinukonda_Part-Ongole,Koppukonda,1800,1.5,3,45,5.5455844123,0.0099820519,15,90,120,13.4757701218,17.9676934958,31.4434636176
425,07-C-57-63,GNT-C-57-Kandaleru-2-Vinukonda_Part-Ongole,Chowtayapalem,630,1.5,3,45,5.5455844123,0.0034937182,15,90,120,4.7165195426,6.2886927235,11.0052122662
426,07-C-57-63,GNT-C-57-Kandaleru-2-Vinukonda_Part-Ongole,Neelagangavaram,500,1.5,3,45,5.5455844123,0.0027727922,15,90,120,3.7432694783,4.991025971,8.7342954493
427,07-C-57-34,GNT-C-57-Konkeru-Savalyapuram,Guttikonda RF,0,1.5,3,45,5.5455844123,0,15,90,120,0,0,0
428,07-C-57-34,GNT-C-57-Konkeru-Savalyapuram,Bommarajupally,0,1.5,3,45,5.5455844123,0,15,90,120,0,0,0
429,07-C-57-34,GNT-C-57-Konkeru-Savalyapuram,Ipur,0,1.5,3,45,5.5455844123,0,15,90,120,0,0,0
430,07-C-57-34,GNT-C-57-Konkeru-Savalyapuram,Vanikunta,350,1.5,3,45,5.5455844123,0.0019409545,15,90,120,2.6202886348,3.4937181797,6.1140068145
431,07-C-57-34,GNT-C-57-Konkeru-Savalyapuram,Kondayapalem,700,1.5,3,45,5.5455844123,0.0038819091,15,90,120,5.2405772696,6.9874363595,12.2280136291
432,07-C-57-34,GNT-C-57-Konkeru-Savalyapuram,Gundepalle,350,1.5,3,45,5.5455844123,0.0019409545,15,90,120,2.6202886348,3.4937181797,6.1140068145
433,07-C-57-34,GNT-C-57-Konkeru-Savalyapuram,Kottaluru,800,1.5,3,45,5.5455844123,0.0044364675,15,90,120,5.9892311653,7.9856415537,13.9748727189
434,07-C-57-34,GNT-C-57-Konkeru-Savalyapuram,Potluru,500,1.5,3,45,5.5455844123,0.0027727922,15,90,120,3.7432694783,4.991025971,8.7342954493
435,07-C-57-34,GNT-C-57-Konkeru-Savalyapuram,Sanampudi,750,1.5,3,45,5.5455844123,0.0041591883,15,90,120,5.6149042174,7.4865389566,13.101443174
436,07-C-57-34,GNT-C-57-Konkeru-Savalyapuram,Kanumarlapudi,600,1.5,3,45,5.5455844123,0.0033273506,15,90,120,4.4919233739,5.9892311653,10.4811545392
437,07-C-57-34,GNT-C-57-Konkeru-Savalyapuram,Pitchikalapalem,800,1.5,3,45,5.5455844123,0.0044364675,15,90,120,5.9892311653,7.9856415537,13.9748727189
438,07-C-57-34,GNT-C-57-Konkeru-Savalyapuram,Naragayapalem,0,1.5,3,45,5.5455844123,0,15,90,120,0,0,0
439,07-C-57-34,GNT-C-57-Konkeru-Savalyapuram,Brahmanapalle,350,1.5,3,45,5.5455844123,0.0019409545,15,90,120,2.6202886348,3.4937181797,6.1140068145
440,07-C-57-34,GNT-C-57-Konkeru-Savalyapuram,Vittamrajupalle,400,1.5,3,45,5.5455844123,0.0022182338,15,90,120,2.9946155826,3.9928207768,6.9874363595
441,07-C-57-34,GNT-C-57-Konkeru-Savalyapuram,Pedakancherla,600,1.5,3,45,5.5455844123,0.0033273506,15,90,120,4.4919233739,5.9892311653,10.4811545392
442,07-C-57-34,GNT-C-57-Konkeru-Savalyapuram,Perumallapalle,300,1.5,3,45,5.5455844123,0.0016636753,15,90,120,2.245961687,2.9946155826,5.2405772696
443,07-C-57-34,GNT-C-57-Konkeru-Savalyapuram,Enugupalem,950,1.5,3,45,5.5455844123,0.0052683052,15,90,120,7.1122120087,9.482949345,16.5951613537
444,07-C-57-32,GNT-C-57-Pasupuleru-Vellaturu,Bollapalle ,0,1.5,3,45,5.5455844123,0,15,90,120,0,0,0
445,07-C-57-32,GNT-C-57-Pasupuleru-Vellaturu,Vaddemgunta,600,1.5,3,45,5.5455844123,0.0033273506,15,90,120,4.4919233739,5.9892311653,10.4811545392
446,07-C-57-32,GNT-C-57-Pasupuleru-Vellaturu,Sarikondayapalem,0,1.5,3,45,5.5455844123,0,15,90,120,0,0,0
447,07-C-57-32,GNT-C-57-Pasupuleru-Vellaturu,Vellaturu,600,1.5,3,45,5.5455844123,0.0033273506,15,90,120,4.4919233739,5.9892311653,10.4811545392
448,07-C-57-32,GNT-C-57-Pasupuleru-Vellaturu,Perurupadu,400,1.5,3,45,5.5455844123,0.0022182338,15,90,120,2.9946155826,3.9928207768,6.9874363595
449,07-C-57-32,GNT-C-57-Pasupuleru-Vellaturu,Kanumalacheruvu,600,1.5,3,45,5.5455844123,0.0033273506,15,90,120,4.4919233739,5.9892311653,10.4811545392
450,07-C-57-32,GNT-C-57-Pasupuleru-Vellaturu,Bollapalle Hill&Forst,0,1.5,3,45,5.5455844123,0,15,90,120,0,0,0
451,07-C-57-32,GNT-C-57-Pasupuleru-Vellaturu,PerurupaduHill&Forest,0,1.5,3,45,5.5455844123,0,15,90,120,0,0,0
452,07-C-57-32,GNT-C-57-Pasupuleru-Vellaturu,Narasarayanipalem,900,1.5,3,45,5.5455844123,0.004991026,15,90,120,6.7378850609,8.9838467479,15.7217318088
453,07-C-57-32,GNT-C-57-Pasupuleru-Vellaturu,Dondapadu,800,1.5,3,45,5.5455844123,0.0044364675,15,90,120,5.9892311653,7.9856415537,13.9748727189
454,07-C-57-32,GNT-C-57-Pasupuleru-Vellaturu,Timmayapalem,850,1.5,3,45,5.5455844123,0.0047137468,15,90,120,6.3635581131,8.4847441508,14.8483022639
455,07-C-57-32,GNT-C-57-Pasupuleru-Vellaturu,Vinukonda,1100,1.5,3,45,5.5455844123,0.0061001429,15,90,120,8.2351928522,10.9802571363,19.2154499885
456,07-C-57-32,GNT-C-57-Pasupuleru-Vellaturu,Venkupalem,0,1.5,3,45,5.5455844123,0,15,90,120,0,0,0
457,07-C-57-32,GNT-C-57-Pasupuleru-Vellaturu,Vinukonda Hill&Forest,0,1.5,3,45,5.5455844123,0,15,90,120,0,0,0
458,07-C-57-31,GNT-C-57-Vola-Tangirala,Andugulapadu,800,1.5,4,45,6.5455844123,0.0052364675,15,90,120,7.0692311653,9.4256415537,16.4948727189
459,07-C-57-31,GNT-C-57-Vola-Tangirala,Nayanipalem,600,1.5,4,45,6.5455844123,0.0039273506,15,90,120,5.3019233739,7.0692311653,12.3711545392
460,07-C-57-31,GNT-C-57-Vola-Tangirala,Sivapuram,500,1.5,4,45,6.5455844123,0.0032727922,15,90,120,4.4182694783,5.891025971,10.3092954493
461,07-C-57-31,GNT-C-57-Vola-Tangirala,Surepally,700,1.5,4,45,6.5455844123,0.0045819091,15,90,120,6.1855772696,8.2474363595,14.4330136291
462,07-C-57-31,GNT-C-57-Vola-Tangirala,Tangirala,600,3,8,45,13.0911688245,0.0078547013,15,90,120,10.6038467479,14.1384623305,24.7423090784
463,07-C-57-31,GNT-C-57-Vola-Tangirala,Murthuzapuram,500,1.5,4,45,6.5455844123,0.0032727922,15,90,120,4.4182694783,5.891025971,10.3092954493
464,07-C-57-31,GNT-C-57-Vola-Tangirala,Chintalacheruvu,900,1.5,4,45,6.5455844123,0.005891026,15,90,120,7.9528850609,10.6038467479,18.5567318088
465,07-C-57-31,GNT-C-57-Vola-Tangirala,Peddavaram,600,1.5,4,45,6.5455844123,0.0039273506,15,90,120,5.3019233739,7.0692311653,12.3711545392
466,07-C-57-31,GNT-C-57-Vola-Tangirala,Ainavolu,700,1.5,4,45,6.5455844123,0.0045819091,15,90,120,6.1855772696,8.2474363595,14.4330136291
467,07-C-57-31,GNT-C-57-Vola-Tangirala,Mukkellapadu,600,1.5,4,45,6.5455844123,0.0039273506,15,90,120,5.3019233739,7.0692311653,12.3711545392
468,07-D-50-20,GNT-D-50-Atcham.-Atchampeta,Chintapalli,600,2.5,8,45,12.2426406871,0.0073455844,15,90,120,9.9165389566,13.2220519421,23.1385908987
469,07-D-50-20,GNT-D-50-Atcham.-Atchampeta,Tallacheruvu,800,2.5,8,45,12.2426406871,0.0097941125,15,90,120,13.2220519421,17.6294025895,30.8514545315
470,07-D-50-20,GNT-D-50-Atcham.-Atchampeta,Chamarru,500,2.5,8,45,12.2426406871,0.0061213203,15,90,120,8.2637824638,11.0183766184,19.2821590822
471,07-D-50-20,GNT-D-50-Atcham.-Atchampeta,Kogantivaripalem,0,2.5,8,45,12.2426406871,0,15,90,120,0,0,0
472,07-D-50-20,GNT-D-50-Atcham.-Atchampeta,Chigurupadu,600,2.5,8,45,12.2426406871,0.0073455844,15,90,120,9.9165389566,13.2220519421,23.1385908987
473,07-D-50-20,GNT-D-50-Atcham.-Atchampeta,Pedapalem,750,2.5,8,45,12.2426406871,0.0091819805,15,90,120,12.3956736957,16.5275649276,28.9232386233
474,07-D-50-20,GNT-D-50-Atcham.-Atchampeta,Konduru,600,2.5,8,45,12.2426406871,0.0073455844,15,90,120,9.9165389566,13.2220519421,23.1385908987
475,07-D-50-20,GNT-D-50-Atcham.-Atchampeta,Mittapalem,250,2.5,8,45,12.2426406871,0.0030606602,15,90,120,4.1318912319,5.5091883092,9.6410795411
476,07-D-50-20,GNT-D-50-Atcham.-Atchampeta,Velpuru,800,2.5,8,45,12.2426406871,0.0097941125,15,90,120,13.2220519421,17.6294025895,30.8514545315
477,07-D-50-20,GNT-D-50-Atcham.-Atchampeta,Oravakallu,600,2.5,8,45,12.2426406871,0.0073455844,15,90,120,9.9165389566,13.2220519421,23.1385908987
478,07-D-50-20,GNT-D-50-Atcham.-Atchampeta,Ambadipudi,300,2.5,8,45,12.2426406871,0.0036727922,15,90,120,4.9582694783,6.611025971,11.5692954493
479,07-D-50-20,GNT-D-50-Atcham.-Atchampeta,Konur,250,2.5,8,45,12.2426406871,0.0030606602,15,90,120,4.1318912319,5.5091883092,9.6410795411
480,07-D-50-20,GNT-D-50-Atcham.-Atchampeta,Kastala Agraharam,300,2.5,8,45,12.2426406871,0.0036727922,15,90,120,4.9582694783,6.611025971,11.5692954493
481,07-D-50-20,GNT-D-50-Atcham.-Atchampeta,"Venkatayapalem 
Hill & Forest",0,0,0,45,0,0,15,90,120,0,0,0
482,07-D-50-23,GNT-D-50-Challa-Challagundla,Pakalapadu,800,3,8,45,13.0911688245,0.0104729351,15,90,120,14.1384623305,18.8512831073,32.9897454378
483,07-D-50-23,GNT-D-50-Challa-Challagundla,Kattamuru,800,1.5,4,45,6.5455844123,0.0052364675,15,90,120,7.0692311653,9.4256415537,16.4948727189
484,07-D-50-23,GNT-D-50-Challa-Challagundla,Abbur,1000,1.5,4,45,6.5455844123,0.0065455844,15,90,120,8.8365389566,11.7820519421,20.6185908987
485,07-D-50-23,GNT-D-50-Challa-Challagundla,Bhimavaram,600,1.5,4,45,6.5455844123,0.0039273506,15,90,120,5.3019233739,7.0692311653,12.3711545392
486,07-D-50-23,GNT-D-50-Challa-Challagundla,Kankanalapalli,700,1.5,4,45,6.5455844123,0.0045819091,15,90,120,6.1855772696,8.2474363595,14.4330136291
487,07-D-50-23,GNT-D-50-Challa-Challagundla,Dhulipalla,900,1.5,4,45,6.5455844123,0.005891026,15,90,120,7.9528850609,10.6038467479,18.5567318088
488,07-D-50-23,GNT-D-50-Challa-Challagundla,Sattenapally,800,1.5,4,45,6.5455844123,0.0052364675,15,90,120,7.0692311653,9.4256415537,16.4948727189
489,07-D-50-23,GNT-D-50-Challa-Challagundla,Challagundla,450,1.5,4,45,6.5455844123,0.002945513,15,90,120,3.9764425305,5.3019233739,9.2783659044
490,07-D-50-23,GNT-D-50-Challa-Challagundla,Cheemalamarri,500,1.5,4,45,6.5455844123,0.0032727922,15,90,120,4.4182694783,5.891025971,10.3092954493
491,07-D-50-23,GNT-D-50-Challa-Challagundla,Chagallu,650,1.5,4,45,6.5455844123,0.0042546299,15,90,120,5.7437503218,7.6583337624,13.4020840841
492,07-D-50-23,GNT-D-50-Challa-Challagundla,Dachavarapadu,350,1.5,4,45,6.5455844123,0.0022909545,15,90,120,3.0927886348,4.1237181797,7.2165068145
493,07-D-50-23,GNT-D-50-Challa-Challagundla,Tondapi,900,3,8,45,13.0911688245,0.0117820519,15,90,120,15.9057701218,21.2076934958,37.1134636176
494,07-D-50-23,GNT-D-50-Challa-Challagundla,Madala,800,1.5,4,45,6.5455844123,0.0052364675,15,90,120,7.0692311653,9.4256415537,16.4948727189
495,07-D-50-23,GNT-D-50-Challa-Challagundla,Bollavaram,650,1.5,4,45,6.5455844123,0.0042546299,15,90,120,5.7437503218,7.6583337624,13.4020840841
496,07-D-50-23,GNT-D-50-Challa-Challagundla,Dammalapudu,600,1.5,4,45,6.5455844123,0.0039273506,15,90,120,5.3019233739,7.0692311653,12.3711545392
497,07-D-50-9,GNT-D-50-Dandi-Gurajala,Pulipadu,500,3,8,45,13.0911688245,0.0065455844,15,90,120,8.8365389566,11.7820519421,20.6185908987
498,07-D-50-9,GNT-D-50-Dandi-Gurajala,Gangavaram,900,1.5,4,45,6.5455844123,0.005891026,15,90,120,7.9528850609,10.6038467479,18.5567318088
499,07-D-50-9,GNT-D-50-Dandi-Gurajala,Palligunta,500,1.5,4,45,6.5455844123,0.0032727922,15,90,120,4.4182694783,5.891025971,10.3092954493
500,07-D-50-9,GNT-D-50-Dandi-Gurajala,Gurajala,800,1.5,4,45,6.5455844123,0.0052364675,15,90,120,7.0692311653,9.4256415537,16.4948727189
501,07-D-50-9,GNT-D-50-Dandi-Gurajala,Charlagudipadu,600,1.5,4,45,6.5455844123,0.0039273506,15,90,120,5.3019233739,7.0692311653,12.3711545392
502,07-D-50-9,GNT-D-50-Dandi-Gurajala,Pondugula,0,1.5,4,45,6.5455844123,0,15,90,120,0,0,0
503,07-D-50-9,GNT-D-50-Dandi-Gurajala,Miryala,900,1.5,4,45,6.5455844123,0.005891026,15,90,120,7.9528850609,10.6038467479,18.5567318088
504,07-D-50-9,GNT-D-50-Dandi-Gurajala,Naramalapadu,500,1.5,4,45,6.5455844123,0.0032727922,15,90,120,4.4182694783,5.891025971,10.3092954493
505,07-D-50-9,GNT-D-50-Dandi-Gurajala,Dharmavaram,0,1.5,4,45,6.5455844123,0,15,90,120,0,0,0
506,07-D-50-9,GNT-D-50-Dandi-Gurajala,Adigopula,1000,3,4,45,9.0911688245,0.0090911688,15,90,120,12.2730779131,16.3641038842,28.6371817973
507,07-D-50-9,GNT-D-50-Dandi-Gurajala,Nidanampadu,0,1.5,3,45,45,0,15,90,120,0,0,0
508,07-D-50-18,GNT-D-50-Eddu-Amaravathi,Machayapalem,300,1.5,4,45,6.5455844123,0.0019636753,15,90,120,2.650961687,3.5346155826,6.1855772696
509,07-D-50-18,GNT-D-50-Eddu-Amaravathi,Bellamkonda,300,1.5,4,45,6.5455844123,0.0019636753,15,90,120,2.650961687,3.5346155826,6.1855772696
510,07-D-50-18,GNT-D-50-Eddu-Amaravathi,Vipparla,600,1.5,4,45,6.5455844123,0.0039273506,15,90,120,5.3019233739,7.0692311653,12.3711545392
511,07-D-50-18,GNT-D-50-Eddu-Amaravathi,Utukuru,500,1.5,4,45,6.5455844123,0.0032727922,15,90,120,4.4182694783,5.891025971,10.3092954493
512,07-D-50-18,GNT-D-50-Eddu-Amaravathi,Parupalle,450,1.5,4,45,6.5455844123,0.002945513,15,90,120,3.9764425305,5.3019233739,9.2783659044
513,07-D-50-18,GNT-D-50-Eddu-Amaravathi,Peesapadu,600,1.5,4,45,6.5455844123,0.0039273506,15,90,120,5.3019233739,7.0692311653,12.3711545392
514,07-D-50-18,GNT-D-50-Eddu-Amaravathi,Puttipadu,300,1.5,4,45,6.5455844123,0.0019636753,15,90,120,2.650961687,3.5346155826,6.1855772696
515,07-D-50-18,GNT-D-50-Eddu-Amaravathi,Munugodu,600,1.5,4,45,6.5455844123,0.0039273506,15,90,120,5.3019233739,7.0692311653,12.3711545392
516,07-D-50-18,GNT-D-50-Eddu-Amaravathi,Attalur,700,1.5,4,45,6.5455844123,0.0045819091,15,90,120,6.1855772696,8.2474363595,14.4330136291
517,07-D-50-18,GNT-D-50-Eddu-Amaravathi,Jupudi,800,1.5,4,45,6.5455844123,0.0052364675,15,90,120,7.0692311653,9.4256415537,16.4948727189
518,07-D-50-18,GNT-D-50-Eddu-Amaravathi,Pondugula,650,1.5,4,45,6.5455844123,0.0042546299,15,90,120,5.7437503218,7.6583337624,13.4020840841
519,07-D-50-18,GNT-D-50-Eddu-Amaravathi,Hussain nagaram,500,1.5,4,45,6.5455844123,0.0032727922,15,90,120,4.4182694783,5.891025971,10.3092954493
520,07-D-50-18,GNT-D-50-Eddu-Amaravathi,Ramapuram,800,1.5,4,45,6.5455844123,0.0052364675,15,90,120,7.0692311653,9.4256415537,16.4948727189
521,07-D-50-18,GNT-D-50-Eddu-Amaravathi,Bhrugubanda,450,1.5,4,45,6.5455844123,0.002945513,15,90,120,3.9764425305,5.3019233739,9.2783659044
522,07-D-50-18,GNT-D-50-Eddu-Amaravathi,Rentapalla,600,1.5,4,45,6.5455844123,0.0039273506,15,90,120,5.3019233739,7.0692311653,12.3711545392
523,07-D-50-18,GNT-D-50-Eddu-Amaravathi,Rajupalem,900,1.5,4,45,6.5455844123,0.005891026,15,90,120,7.9528850609,10.6038467479,18.5567318088
524,07-D-50-18,GNT-D-50-Eddu-Amaravathi,Reddygudem,0,1.5,4,45,6.5455844123,0,15,90,120,0,0,0
525,07-D-50-8,GNT-D-50-Edumangal-Rentachintala,Mittagudipadu,600,1.5,4,45,6.5455844123,0.0039273506,15,90,120,5.3019233739,7.0692311653,12.3711545392
526,07-D-50-8,GNT-D-50-Edumangal-Rentachintala,Rentachintala,1000,1.5,4,45,6.5455844123,0.0065455844,15,90,120,8.8365389566,11.7820519421,20.6185908987
527,07-D-50-8,GNT-D-50-Edumangal-Rentachintala,Rentala,1200,1.5,4,45,6.5455844123,0.0078547013,15,90,120,10.6038467479,14.1384623305,24.7423090784
528,07-D-50-8,GNT-D-50-Edumangal-Rentachintala,Madugala,100,1.5,4,45,6.5455844123,0.0006545584,15,90,120,0.8836538957,1.1782051942,2.0618590899
529,07-D-50-22,GNT-D-50-Erra-2-Piduguralla,Akurajupalli,750,3,8,45,13.0911688245,0.0098183766,15,90,120,13.2548084349,17.6730779131,30.927886348
530,07-D-50-22,GNT-D-50-Erra-2-Piduguralla,SR puram,1500,1.5,4,45,6.5455844123,0.0098183766,15,90,120,13.2548084349,17.6730779131,30.927886348
531,07-D-50-22,GNT-D-50-Erra-2-Piduguralla,Pillutla,1200,1.5,4,45,6.5455844123,0.0078547013,15,90,120,10.6038467479,14.1384623305,24.7423090784
532,07-D-50-22,GNT-D-50-Erra-2-Piduguralla,Mallavolu,1500,1.5,4,45,6.5455844123,0.0098183766,15,90,120,13.2548084349,17.6730779131,30.927886348
533,07-D-50-22,GNT-D-50-Erra-2-Piduguralla,Bodanam,1300,3,8,45,13.0911688245,0.0170185195,15,90,120,22.9750012871,30.6333350494,53.6083363365
534,07-D-50-22,GNT-D-50-Erra-2-Piduguralla,Kethavaram,0,,,45,0,0,15,90,120,0,0,0
535,07-D-50-22,GNT-D-50-Erra-2-Piduguralla,chityala,0,1.5,4,45,6.5455844123,0,15,90,120,0,0,0
536,07-D-50-22,GNT-D-50-Erra-2-Piduguralla,Kollur,0,1.5,4,45,6.5455844123,0,15,90,120,0,0,0
537,07-D-50-22,GNT-D-50-Erra-2-Piduguralla,Emmajigudem,0,1.5,4,45,6.5455844123,0,15,90,120,0,0,0
538,07-D-50-22,GNT-D-50-Erra-2-Piduguralla,MT Puram,0,,,45,0,0,15,90,120,0,0,0
539,07-D-50-22,GNT-D-50-Erra-2-Piduguralla,Papayapalem,0,,,45,0,0,15,90,120,0,0,0
540,07-D-50-22,GNT-D-50-Erra-2-Piduguralla,Vannayapalem,600,1.5,4,45,6.5455844123,0.0039273506,15,90,120,5.3019233739,7.0692311653,12.3711545392
541,07-D-50-22,GNT-D-50-Erra-2-Piduguralla,"Guttikonda & 
Venkatayapalem Forest & Hills",,,,45,0,0,15,90,120,0,0,0
542,07-D-50-22,GNT-D-50-Erra-2-Piduguralla,Piduguralla,,,,45,0,0,15,90,120,0,0,0
543,07-D-50-22,GNT-D-50-Erra-2-Piduguralla,Konanki,,,,45,0,0,15,90,120,0,0,0
544,07-D-50-22,GNT-D-50-Erra-2-Piduguralla,Janapadu,700,1.5,4,45,6.5455844123,0.0045819091,15,90,120,6.1855772696,8.2474363595,14.4330136291
545,07-D-50-22,GNT-D-50-Erra-2-Piduguralla,Guttikonda,,2.5,3,45,7.2426406871,0,15,90,120,0,0,0
546,07-D-50-16,GNT-D-50-Erra-1-Rajupalem,Chowtapapayapalem,0,6.7,2.4,45,13.7702770415,0,15,90,120,0,0,0
547,07-D-50-16,GNT-D-50-Erra-1-Rajupalem,Ganapavaram,800,1.5,4,45,6.5455844123,0.0052364675,15,90,120,7.0692311653,9.4256415537,16.4948727189
548,07-D-50-16,GNT-D-50-Erra-1-Rajupalem,Balijepalle,900,1.5,4,45,6.5455844123,0.005891026,15,90,120,7.9528850609,10.6038467479,18.5567318088
549,07-D-50-16,GNT-D-50-Erra-1-Rajupalem,Uppalapadu,600,1.5,4,45,6.5455844123,0.0039273506,15,90,120,5.3019233739,7.0692311653,12.3711545392
550,07-D-50-16,GNT-D-50-Erra-1-Rajupalem,Guttikonda Hills & Forest,0,1.5,5,45,7.5455844123,0,15,90,120,0,0,0
551,07-D-50-16,GNT-D-50-Erra-1-Rajupalem,Nekarikallu,600,1.5,4,45,6.5455844123,0.0039273506,15,90,120,5.3019233739,7.0692311653,12.3711545392
552,07-D-50-10,GNT-D-50-Gadida-Daida,Gottimukkala,700,1.5,4,45,6.5455844123,0.0045819091,15,90,120,6.1855772696,8.2474363595,14.4330136291
553,07-D-50-10,GNT-D-50-Gadida-Daida,Daida,700,1.5,4,45,6.5455844123,0.0045819091,15,90,120,6.1855772696,8.2474363595,14.4330136291
554,07-D-50-10,GNT-D-50-Gadida-Daida,Telukutla,500,1.5,1,45,3.5455844123,0.0017727922,15,90,120,2.3932694783,3.191025971,5.5842954493
555,07-D-50-7,GNT-D-50-Goli-Thumurukota,Kambhampadu,700,3,8,45,13.0911688245,0.0091638182,15,90,120,12.3711545392,16.4948727189,28.8660272581
556,07-D-50-7,GNT-D-50-Goli-Thumurukota,Mutyalampadu,0,2,5,45,8.3941125497,0,15,90,120,0,0,0
557,07-D-50-7,GNT-D-50-Goli-Thumurukota,Mallavaram,600,1.5,4,45,6.5455844123,0.0039273506,15,90,120,5.3019233739,7.0692311653,12.3711545392
558,07-D-50-7,GNT-D-50-Goli-Thumurukota,Goli,900,1.5,4,45,6.5455844123,0.005891026,15,90,120,7.9528850609,10.6038467479,18.5567318088
559,07-D-50-7,GNT-D-50-Goli-Thumurukota,Pasarlapadu,600,1.5,4,45,6.5455844123,0.0039273506,15,90,120,5.3019233739,7.0692311653,12.3711545392
560,07-D-50-7,GNT-D-50-Goli-Thumurukota,Thumrukota,700,1.5,4,45,6.5455844123,0.0045819091,15,90,120,6.1855772696,8.2474363595,14.4330136291
561,07-D-50-7,GNT-D-50-Goli-Thumurukota,Paluvoi,1000,1.5,4,45,6.5455844123,0.0065455844,15,90,120,8.8365389566,11.7820519421,20.6185908987
562,07-D-50-7,GNT-D-50-Goli-Thumurukota,Manchikallu,600,1.5,4,45,6.5455844123,0.0039273506,15,90,120,5.3019233739,7.0692311653,12.3711545392
563,07-D-50-7,GNT-D-50-Goli-Thumurukota,Hill and Forest,0,0,0,45,0,0,15,90,120,0,0,0
564,07-D-50-7,GNT-D-50-Goli-Thumurukota,Darivemula,0,0,0,45,0,0,15,90,120,0,0,0
565,07-D-50-7,GNT-D-50-Goli-Thumurukota,Obulesunipalle,0,0,0,45,0,0,15,90,120,0,0,0
566,07-D-50-7,GNT-D-50-Goli-Thumurukota,Durgi,0,0,10,45,10,0,15,90,120,0,0,0
567,07-D-50-12,GNT-D-50-Julakallu-Kesanapalli,Kesanapalle,950,2,4,45,7.3941125497,0.0070244069,15,90,120,9.482949345,12.64393246,22.126881805
568,07-D-50-12,GNT-D-50-Julakallu-Kesanapalli,Pedagarlapadu,900,2,4,45,7.3941125497,0.0066547013,15,90,120,8.9838467479,11.9784623305,20.9623090784
569,07-D-50-12,GNT-D-50-Julakallu-Kesanapalli,Zulakallu,500,5,8,45,16.4852813742,0.0082426407,15,90,120,11.1275649276,14.8367532368,25.9643181644
570,07-D-50-12,GNT-D-50-Julakallu-Kesanapalli,Chinagarlpadu,800,2,4,45,7.3941125497,0.00591529,15,90,120,7.9856415537,10.6475220716,18.6331636252
571,07-D-50-27,GNT-D-50-Kattela-Thulluru,Karlapudi,0,6.7,2.4,45,13.7702770415,0,3.5,90,120,0,0,0
572,07-D-50-27,GNT-D-50-Kattela-Thulluru,Harischandrapuram,0,5.5,3,45,12.3338095117,0,3.5,90,120,0,0,0
573,07-D-50-27,GNT-D-50-Kattela-Thulluru,Vaddamanu,0,5,3,45,11.4852813742,0,3.5,90,120,0,0,0
574,07-D-50-27,GNT-D-50-Kattela-Thulluru,Ananthavaram,0,2,5,45,8.3941125497,0,3.5,90,120,0,0,0
575,07-D-50-27,GNT-D-50-Kattela-Thulluru,Nekkallu,0,2,5,45,8.3941125497,0,3.5,90,120,0,0,0
576,07-D-50-27,GNT-D-50-Kattela-Thulluru,Pedaparimi,800,1.5,4,45,6.5455844123,0.0052364675,15,90,120,7.0692311653,9.4256415537,16.4948727189
577,07-D-50-27,GNT-D-50-Kattela-Thulluru,Thullur,0,0,0,45,0,0,3.5,90,120,0,0,0
578,07-D-50-27,GNT-D-50-Kattela-Thulluru,Pitchikalapalem,0,0,0,45,0,0,3.5,90,120,0,0,0
579,07-D-50-27,GNT-D-50-Kattela-Thulluru,Dondapadu,0,0,0,45,0,0,3.5,90,120,0,0,0
580,07-D-50-27,GNT-D-50-Kattela-Thulluru,Borupalem,0,0,0,45,0,0,3.5,90,120,0,0,0
581,07-D-50-27,GNT-D-50-Kattela-Thulluru,Abbarajupalem,0,0,0,45,0,0,3.5,90,120,0,0,0
582,07-D-50-27,GNT-D-50-Kattela-Thulluru,Rayapudi,0,0,0,45,0,0,3.5,90,120,0,0,0
583,07-D-50-27,GNT-D-50-Kattela-Thulluru,Kondamarajupalem,0,0,0,45,0,0,3.5,90,120,0,0,0
584,07-D-50-27,GNT-D-50-Kattela-Thulluru,Nelapadu,0,0,0,45,0,0,3.5,90,120,0,0,0
585,07-D-50-27,GNT-D-50-Kattela-Thulluru,Sakhamuru,0,0,0,45,0,0,3.5,90,120,0,0,0
586,07-D-50-27,GNT-D-50-Kattela-Thulluru,Velagapudi,0,0,0,45,0,0,3.5,90,120,0,0,0
587,07-D-50-27,GNT-D-50-Kattela-Thulluru,Lingayapalem,0,0,0,45,0,0,3.5,90,120,0,0,0
588,07-D-50-27,GNT-D-50-Kattela-Thulluru,Uddandarayunipalem,0,0,0,45,0,0,3.5,90,120,0,0,0
589,07-D-50-27,GNT-D-50-Kattela-Thulluru,Malkapuram,0,0,0,45,0,0,3.5,90,120,0,0,0
590,07-D-50-27,GNT-D-50-Kattela-Thulluru,Mandadam,0,0,0,45,0,0,3.5,90,120,0,0,0
591,07-D-50-27,GNT-D-50-Kattela-Thulluru,Venkatapalem,0,0,0,45,0,0,3.5,90,120,0,0,0
592,07-D-50-27,GNT-D-50-Kattela-Thulluru,Mothadaka,0,0,0,45,0,0,3.5,90,120,0,0,0
593,07-D-50-27,GNT-D-50-Kattela-Thulluru,Nidumukkala,0,0,0,45,0,0,3.5,90,120,0,0,0
594,07-D-50-27,GNT-D-50-Kattela-Thulluru,"Mothadaka_ Nidumukkala 
RF",0,0,0,45,0,0,3.5,90,120,0,0,0
595,07-D-50-25,GNT-D-50-Kondaveeti-Medikonduru,Vaikuntapuram,800,1.5,4,45,6.5455844123,0.0052364675,15,90,120,7.0692311653,9.4256415537,16.4948727189
596,07-D-50-25,GNT-D-50-Kondaveeti-Medikonduru,Pedamadduru,950,1.5,4,45,6.5455844123,0.0062183052,15,90,120,8.3947120087,11.192949345,19.5876613537
597,07-D-50-25,GNT-D-50-Kondaveeti-Medikonduru,Narukullapadu,850,1.5,4,45,6.5455844123,0.0055637468,15,90,120,7.5110581131,10.0147441508,17.5258022639
598,07-D-50-25,GNT-D-50-Kondaveeti-Medikonduru,Endroyi,1200,1.5,4,45,6.5455844123,0.0078547013,15,90,120,10.6038467479,14.1384623305,24.7423090784
599,07-D-50-25,GNT-D-50-Kondaveeti-Medikonduru,Unguturu,900,1.5,4,45,6.5455844123,0.005891026,15,90,120,7.9528850609,10.6038467479,18.5567318088
600,07-D-50-25,GNT-D-50-Kondaveeti-Medikonduru,Nemalikallu,1000,1.5,4,45,6.5455844123,0.0065455844,15,90,120,8.8365389566,11.7820519421,20.6185908987
601,07-D-50-25,GNT-D-50-Kondaveeti-Medikonduru,Pamulapadu,900,1.5,4,45,6.5455844123,0.005891026,15,90,120,7.9528850609,10.6038467479,18.5567318088
602,07-D-50-25,GNT-D-50-Kondaveeti-Medikonduru,Bejatpuram,1200,1.5,4,45,6.5455844123,0.0078547013,15,90,120,10.6038467479,14.1384623305,24.7423090784
603,07-D-50-25,GNT-D-50-Kondaveeti-Medikonduru,Lachannagudipudi,600,1.5,4,45,6.5455844123,0.0039273506,15,90,120,5.3019233739,7.0692311653,12.3711545392
604,07-D-50-25,GNT-D-50-Kondaveeti-Medikonduru,Ravela,850,1.5,4,45,6.5455844123,0.0055637468,15,90,120,7.5110581131,10.0147441508,17.5258022639
605,07-D-50-25,GNT-D-50-Kondaveeti-Medikonduru,Aminabad,650,1.5,4,45,6.5455844123,0.0042546299,15,90,120,5.7437503218,7.6583337624,13.4020840841
606,07-D-50-25,GNT-D-50-Kondaveeti-Medikonduru,Siripuram,450,1.5,4,45,6.5455844123,0.002945513,15,90,120,3.9764425305,5.3019233739,9.2783659044
607,07-D-50-25,GNT-D-50-Kondaveeti-Medikonduru,Varagani,650,1.5,4,45,6.5455844123,0.0042546299,15,90,120,5.7437503218,7.6583337624,13.4020840841
608,07-D-50-25,GNT-D-50-Kondaveeti-Medikonduru,Mandapadu,800,1.5,4,45,6.5455844123,0.0052364675,15,90,120,7.0692311653,9.4256415537,16.4948727189
609,07-D-50-25,GNT-D-50-Kondaveeti-Medikonduru,Velavarthipadu,450,1.5,4,45,6.5455844123,0.002945513,15,90,120,3.9764425305,5.3019233739,9.2783659044
610,07-D-50-25,GNT-D-50-Kondaveeti-Medikonduru,Medikonduru,400,1.5,4,45,6.5455844123,0.0026182338,15,90,120,3.5346155826,4.7128207768,8.2474363595
611,07-D-50-25,GNT-D-50-Kondaveeti-Medikonduru,Visadala,350,1.5,4,45,6.5455844123,0.0022909545,15,90,120,3.0927886348,4.1237181797,7.2165068145
612,07-D-50-25,GNT-D-50-Kondaveeti-Medikonduru,Dogiparru,400,1.5,4,45,6.5455844123,0.0026182338,15,90,120,3.5346155826,4.7128207768,8.2474363595
613,07-D-50-25,GNT-D-50-Kondaveeti-Medikonduru,Mangalagiripadu,250,1.5,4,45,6.5455844123,0.0016363961,15,90,120,2.2091347391,2.9455129855,5.1546477247
614,07-D-50-25,GNT-D-50-Kondaveeti-Medikonduru,Pon.Kandrika,0,1.5,4,45,6.5455844123,0,15,90,120,0,0,0
615,07-D-50-25,GNT-D-50-Kondaveeti-Medikonduru,Perecherla RF,0,0,0,45,0,0,15,90,120,0,0,0
616,07-D-50-24,GNT-D-50-Lakshmi-Panidam,Bayyavaram,900,3,8,45,13.0911688245,0.0117820519,15,90,120,15.9057701218,21.2076934958,37.1134636176
617,07-D-50-24,GNT-D-50-Lakshmi-Panidam,Balemarru,60,1.5,4,45,6.5455844123,0.0003927351,15,90,120,0.5301923374,0.7069231165,1.2371154539
618,07-D-50-24,GNT-D-50-Lakshmi-Panidam,Andukuru,750,1.5,4,45,6.5455844123,0.0049091883,15,90,120,6.6274042174,8.8365389566,15.463943174
619,07-D-50-24,GNT-D-50-Lakshmi-Panidam,Garapadu,800,1.5,4,45,6.5455844123,0.0052364675,15,90,120,7.0692311653,9.4256415537,16.4948727189
620,07-D-50-24,GNT-D-50-Lakshmi-Panidam,Lagadapadu,850,1.5,4,45,6.5455844123,0.0055637468,15,90,120,7.5110581131,10.0147441508,17.5258022639
621,07-D-50-24,GNT-D-50-Lakshmi-Panidam,Gorantla,500,1.5,4,45,6.5455844123,0.0032727922,15,90,120,4.4182694783,5.891025971,10.3092954493
622,07-D-50-24,GNT-D-50-Lakshmi-Panidam,Bhatlur,900,1.5,4,45,6.5455844123,0.005891026,15,90,120,7.9528850609,10.6038467479,18.5567318088
623,07-D-50-24,GNT-D-50-Lakshmi-Panidam,Panidam,850,1.5,4,45,6.5455844123,0.0055637468,15,90,120,7.5110581131,10.0147441508,17.5258022639
624,07-D-50-5,GNT-D-50-Macherla-Macherrla,A.J.Madaka,800,1.5,4,45,6.5455844123,0.0052364675,15,90,120,7.0692311653,9.4256415537,16.4948727189
625,07-D-50-5,GNT-D-50-Macherla-Macherrla,Rayavaram,0,1.5,3,45,5.5455844123,0,3.5,30,90,0,0,0
626,07-D-50-5,GNT-D-50-Macherla-Macherrla,Macherla,0,1.5,3,45,5.5455844123,0,3.5,30,90,0,0,0
627,07-D-50-5,GNT-D-50-Macherla-Macherrla,Polepalle,0,1.5,3,45,5.5455844123,0,3.5,30,90,0,0,0
628,07-D-50-5,GNT-D-50-Macherla-Macherrla,Atmakur,0,1.5,3,45,5.5455844123,0,3.5,30,90,0,0,0
629,07-D-50-5,GNT-D-50-Macherla-Macherrla,Hill and Forest,0,1.5,5,45,7.5455844123,0,3.5,30,90,0,0,0
630,07-D-50-5,GNT-D-50-Macherla-Macherrla,Kandlakunta,0,2,5,45,8.3941125497,0,3.5,30,90,0,0,0
631,07-D-50-5,GNT-D-50-Macherla-Macherrla,Gundlapadu,0,1.5,3,45,5.5455844123,0,3.5,30,90,0,0,0
632,07-D-50-5,GNT-D-50-Macherla-Macherrla,Ratchamillipadu,0,1.5,3,45,5.5455844123,0,3.5,30,90,0,0,0
633,07-D-50-5,GNT-D-50-Macherla-Macherrla,Mandadi,0,1.5,3,45,5.5455844123,0,3.5,30,90,0,0,0
634,07-D-50-26,GNT-D-50 Mada-Pedakurapadu,Malladi,400,1.5,4,45,6.5455844123,0.0026182338,15,90,120,3.5346155826,4.7128207768,8.2474363595
635,07-D-50-26,GNT-D-50 Mada-Pedakurapadu,Didugu,650,1.5,4,45,6.5455844123,0.0042546299,15,90,120,5.7437503218,7.6583337624,13.4020840841
636,07-D-50-26,GNT-D-50 Mada-Pedakurapadu,Lingapuram,0,1.5,4,45,6.5455844123,0,15,90,120,0,0,0
637,07-D-50-26,GNT-D-50 Mada-Pedakurapadu,Daranikota,750,1.5,4,45,6.5455844123,0.0049091883,15,90,120,6.6274042174,8.8365389566,15.463943174
638,07-D-50-26,GNT-D-50 Mada-Pedakurapadu,Amaravathi,950,1.5,4,45,6.5455844123,0.0062183052,15,90,120,8.3947120087,11.192949345,19.5876613537
639,07-D-50-26,GNT-D-50 Mada-Pedakurapadu,Tallur,750,1.5,4,45,6.5455844123,0.0049091883,15,90,120,6.6274042174,8.8365389566,15.463943174
640,07-D-50-26,GNT-D-50 Mada-Pedakurapadu,Kasipadu,850,1.5,4,45,6.5455844123,0.0055637468,15,90,120,7.5110581131,10.0147441508,17.5258022639
641,07-D-50-26,GNT-D-50 Mada-Pedakurapadu,Balusupadu,650,1.5,4,45,6.5455844123,0.0042546299,15,90,120,5.7437503218,7.6583337624,13.4020840841
642,07-D-50-26,GNT-D-50 Mada-Pedakurapadu,Kambhampadu,1200,3,8,45,13.0911688245,0.0157094026,15,90,120,21.2076934958,28.276924661,49.4846181568
643,07-D-50-26,GNT-D-50 Mada-Pedakurapadu,Jalalpuram,750,1.5,4,45,6.5455844123,0.0049091883,15,90,120,6.6274042174,8.8365389566,15.463943174
644,07-D-50-26,GNT-D-50 Mada-Pedakurapadu,Patibandla,800,1.5,4,45,6.5455844123,0.0052364675,15,90,120,7.0692311653,9.4256415537,16.4948727189
645,07-D-50-26,GNT-D-50 Mada-Pedakurapadu,Mussapuram,450,1.5,4,45,6.5455844123,0.002945513,15,90,120,3.9764425305,5.3019233739,9.2783659044
646,07-D-50-26,GNT-D-50 Mada-Pedakurapadu,Lingamguntla,600,1.5,4,45,6.5455844123,0.0039273506,15,90,120,5.3019233739,7.0692311653,12.3711545392
647,07-D-50-26,GNT-D-50 Mada-Pedakurapadu,Chinamakkena,650,3,8,45,13.0911688245,0.0085092597,15,90,120,11.4875006435,15.3166675247,26.8041681683
648,07-D-50-26,GNT-D-50 Mada-Pedakurapadu,Pedakurapadu,1200,1.5,4,45,6.5455844123,0.0078547013,15,90,120,10.6038467479,14.1384623305,24.7423090784
649,07-D-50-26,GNT-D-50 Mada-Pedakurapadu,Nandigama,650,1.5,4,45,6.5455844123,0.0042546299,15,90,120,5.7437503218,7.6583337624,13.4020840841
650,07-D-50-26,GNT-D-50 Mada-Pedakurapadu,Gudipudi,950,1.5,4,45,6.5455844123,0.0062183052,15,90,120,8.3947120087,11.192949345,19.5876613537
651,07-D-50-26,GNT-D-50 Mada-Pedakurapadu,Pedamakkena,800,1.5,4,45,6.5455844123,0.0052364675,15,90,120,7.0692311653,9.4256415537,16.4948727189
652,07-D-50-26,GNT-D-50 Mada-Pedakurapadu,Kantepudi,750,1.5,4,45,6.5455844123,0.0049091883,15,90,120,6.6274042174,8.8365389566,15.463943174
653,07-D-50-26,GNT-D-50 Mada-Pedakurapadu,Komerapudi,900,1.5,4,45,6.5455844123,0.005891026,15,90,120,7.9528850609,10.6038467479,18.5567318088
654,07-D-50-26,GNT-D-50 Mada-Pedakurapadu,Takkellapadu,800,1.5,4,45,6.5455844123,0.0052364675,15,90,120,7.0692311653,9.4256415537,16.4948727189
655,07-D-50-26,GNT-D-50 Mada-Pedakurapadu,Srirangipalem,650,1.5,4,45,6.5455844123,0.0042546299,15,90,120,5.7437503218,7.6583337624,13.4020840841
656,07-D-50-26,GNT-D-50 Mada-Pedakurapadu,Korrapadu,900,1.5,4,45,6.5455844123,0.005891026,15,90,120,7.9528850609,10.6038467479,18.5567318088
657,07-D-50-26,GNT-D-50 Mada-Pedakurapadu,Paladugu,850,1.5,4,45,6.5455844123,0.0055637468,15,90,120,7.5110581131,10.0147441508,17.5258022639
658,07-D-50-26,GNT-D-50 Mada-Pedakurapadu,Potlapadu,450,1.5,4,45,6.5455844123,0.002945513,15,90,120,3.9764425305,5.3019233739,9.2783659044
659,07-D-50-6,GNT-D-50-Nagarjuna-Macherla,Nagulavaram,0,0,0,45,0,0,15,90,120,0,0,0
660,07-D-50-6,GNT-D-50-Nagarjuna-Macherla,Pasuvemula,750,1.5,4,45,6.5455844123,0.0049091883,15,90,120,6.6274042174,8.8365389566,15.463943174
661,07-D-50-6,GNT-D-50-Nagarjuna-Macherla,Tallapalle,600,1.5,4,45,6.5455844123,0.0039273506,15,90,120,5.3019233739,7.0692311653,12.3711545392
662,07-D-50-6,GNT-D-50-Nagarjuna-Macherla,Kothapalle,0,0,0,45,0,0,15,90,120,0,0,0
663,07-D-50-6,GNT-D-50-Nagarjuna-Macherla,Koppunur,0,0,0,45,0,0,15,90,120,0,0,0
664,07-D-50-6,GNT-D-50-Nagarjuna-Macherla,Hill and Forest,0,3,4,45,9.0911688245,0,15,90,120,0,0,0
665,07-D-50-6,GNT-D-50-Nagarjuna-Macherla,Damarapadu,100,0,0,45,0,0,15,30,120,0,0,0
666,07-D-50-11,GNT-D-50-Naguleru-Dachepalle,Gogulapadu,600,2.5,3,45,7.2426406871,0.0043455844,15,90,120,5.8665389566,7.8220519421,13.6885908987
667,07-D-50-11,GNT-D-50-Naguleru-Dachepalle,Ramapuram,900,3,5,45,10.0911688245,0.0090820519,15,90,120,12.2607701218,16.3476934958,28.6084636176
668,07-D-50-11,GNT-D-50-Naguleru-Dachepalle,Gamalapadu,850,2.5,3,45,7.2426406871,0.0061562446,15,90,120,8.3109301885,11.0812402513,19.3921704398
669,07-D-50-11,GNT-D-50-Naguleru-Dachepalle,Dachepalle,1200,2.5,3,45,7.2426406871,0.0086911688,15,90,120,11.7330779131,15.6441038842,27.3771817973
670,07-D-50-11,GNT-D-50-Naguleru-Dachepalle,Nadikudi,950,2.5,3,45,7.2426406871,0.0068805087,15,90,120,9.2886866812,12.384915575,21.6736022562
671,07-D-50-11,GNT-D-50-Naguleru-Dachepalle,Alugumallipadu,1000,2.5,3,45,7.2426406871,0.0072426407,15,90,120,9.7775649276,13.0367532368,22.8143181644
672,07-D-50-11,GNT-D-50-Naguleru-Dachepalle,Sankarapuram,500,2.5,3,45,7.2426406871,0.0036213203,15,90,120,4.8887824638,6.5183766184,11.4071590822
673,07-D-50-11,GNT-D-50-Naguleru-Dachepalle,Chinakodamagundla,600,2.5,3,45,7.2426406871,0.0043455844,15,90,120,5.8665389566,7.8220519421,13.6885908987
674,07-D-50-11,GNT-D-50-Naguleru-Dachepalle,Chintapalli,750,4,5,45,11.7882250994,0.0088411688,15,90,120,11.9355779131,15.9141038842,27.8496817973
675,07-D-50-11,GNT-D-50-Naguleru-Dachepalle,V.L.Puram,600,2.5,3,45,7.2426406871,0.0043455844,15,90,120,5.8665389566,7.8220519421,13.6885908987
676,07-D-50-11,GNT-D-50-Naguleru-Dachepalle,Karempudi,1500,2.5,3,45,7.2426406871,0.010863961,15,90,120,14.6663473914,19.5551298552,34.2214772466
677,07-D-50-11,GNT-D-50-Naguleru-Dachepalle,Petasanigandla,,2.5,3,45,7.2426406871,0,15,90,120,0,0,0
678,07-D-50-11,GNT-D-50-Naguleru-Dachepalle,Singarutla,,2.5,3,45,7.2426406871,0,15,90,120,0,0,0
679,07-D-50-11,GNT-D-50-Naguleru-Dachepalle,Bollapally_ Kakirala hill & forest,,2.5,3,45,7.2426406871,0,15,90,120,0,0,0
680,07-D-50-11,GNT-D-50-Naguleru-Dachepalle,Ayyannapalem,,2.5,3,45,7.2426406871,0,15,90,120,0,0,0
681,07-D-50-11,GNT-D-50-Naguleru-Dachepalle,Mellavagu,,2.5,3,45,7.2426406871,0,15,90,120,0,0,0
682,07-D-50-17,GNT-D-50-Narasing-Narasingapadu,Nemalipuri,600,3,8,45,13.0911688245,0.0078547013,15,90,120,10.6038467479,14.1384623305,24.7423090784
683,07-D-50-17,GNT-D-50-Narasing-Narasingapadu,Kubadpuram,700,1.5,4,45,6.5455844123,0.0045819091,15,90,120,6.1855772696,8.2474363595,14.4330136291
684,07-D-50-17,GNT-D-50-Narasing-Narasingapadu,Guttikonda hill & Forest,1500,5,2,45,10.4852813742,0.0157279221,15,90,120,21.2326947828,28.3102597104,49.5429544933
685,07-D-50-17,GNT-D-50-Narasing-Narasingapadu,Gundlapalli,800,1.5,4,45,6.5455844123,0.0052364675,15,90,120,7.0692311653,9.4256415537,16.4948727189
686,07-D-50-17,GNT-D-50-Narasing-Narasingapadu,Narasingapadu,1500,3,4,45,9.0911688245,0.0136367532,15,90,120,18.4096168697,24.5461558263,42.955772696
687,07-D-50-17,GNT-D-50-Narasing-Narasingapadu,Tripurapuram,800,3,8,45,13.0911688245,0.0104729351,15,90,120,14.1384623305,18.8512831073,32.9897454378
688,07-D-50-28,GNT-D-50-Pedda-1-Guntur,Ainavolu,200,0,2.4,45,2.4,0.00048,15,90,120,0.648,0.864,1.512
689,07-D-50-28,GNT-D-50-Pedda-1-Guntur,Penumaka,200,2,4,45,7.3941125497,0.0014788225,15,90,120,1.9964103884,2.6618805179,4.6582909063
690,07-D-50-28,GNT-D-50-Pedda-1-Guntur,Undavalli,0,5,3,45,11.4852813742,0,15,90,120,0,0,0
691,07-D-50-28,GNT-D-50-Pedda-1-Guntur,Kuragallu,750,1.5,4,45,6.5455844123,0.0049091883,15,90,120,6.6274042174,8.8365389566,15.463943174
692,07-D-50-28,GNT-D-50-Pedda-1-Guntur,Krishnyapalem,1500,1.5,4,45,6.5455844123,0.0098183766,15,90,120,13.2548084349,17.6730779131,30.927886348
693,07-D-50-28,GNT-D-50-Pedda-1-Guntur,Nowlur,900,1.5,4,45,6.5455844123,0.005891026,15,90,120,7.9528850609,10.6038467479,18.5567318088
694,07-D-50-28,GNT-D-50-Pedda-1-Guntur,Nidamarru,1200,1.5,4,45,6.5455844123,0.0078547013,15,90,120,10.6038467479,14.1384623305,24.7423090784
695,07-D-50-28,GNT-D-50-Pedda-1-Guntur,Tadikonda,1800,1.5,4,45,6.5455844123,0.0117820519,15,90,120,15.9057701218,21.2076934958,37.1134636176
696,07-D-50-28,GNT-D-50-Pedda-1-Guntur,Ponekallu,1100,1.5,4,45,6.5455844123,0.0072001429,15,90,120,9.7201928522,12.9602571363,22.6804499885
697,07-D-50-28,GNT-D-50-Pedda-1-Guntur,Bandarupalle,1500,1.5,4,45,6.5455844123,0.0098183766,15,90,120,13.2548084349,17.6730779131,30.927886348
698,07-D-50-28,GNT-D-50-Pedda-1-Guntur,Damarapalle,0,1.5,4,45,6.5455844123,0,15,90,120,0,0,0
699,07-D-50-28,GNT-D-50-Pedda-1-Guntur,Lam,600,1.5,4,45,6.5455844123,0.0039273506,15,90,120,5.3019233739,7.0692311653,12.3711545392
700,07-D-50-28,GNT-D-50-Pedda-1-Guntur,Kantheru,650,1.5,4,45,6.5455844123,0.0042546299,15,90,120,5.7437503218,7.6583337624,13.4020840841
701,07-D-50-28,GNT-D-50-Pedda-1-Guntur,Perecherla,1500,1.5,4,45,6.5455844123,0.0098183766,15,90,120,13.2548084349,17.6730779131,30.927886348
702,07-D-50-28,GNT-D-50-Pedda-1-Guntur,Perecherla RF,0,1.5,4,45,6.5455844123,0,15,90,120,0,0,0
703,07-D-50-28,GNT-D-50-Pedda-1-Guntur,Chinapalakaluru,1200,1.5,4,45,6.5455844123,0.0078547013,15,90,120,10.6038467479,14.1384623305,24.7423090784
704,07-D-50-28,GNT-D-50-Pedda-1-Guntur,Pedapalakalueu,900,1.5,4,45,6.5455844123,0.005891026,15,90,120,7.9528850609,10.6038467479,18.5567318088
705,07-D-50-28,GNT-D-50-Pedda-1-Guntur,Jonnalagadda,,1.5,4,45,6.5455844123,0,15,90,120,0,0,0
706,07-D-50-28,GNT-D-50-Pedda-1-Guntur,Gorantla,,1.5,4,45,6.5455844123,0,15,90,120,0,0,0
707,07-D-50-15,GNT-D-50-Ralla-Machavaram,Bhatrupalem,0,1.5,2.4,45,4.9455844123,0,15,90,120,0,0,0
708,07-D-50-15,GNT-D-50-Ralla-Machavaram,Madinapadu,600,1.5,4,45,6.5455844123,0.0039273506,15,90,120,5.3019233739,7.0692311653,12.3711545392
709,07-D-50-15,GNT-D-50-Ralla-Machavaram,Tangeda,800,3,8,45,13.0911688245,0.0104729351,15,90,120,14.1384623305,18.8512831073,32.9897454378
710,07-D-50-15,GNT-D-50-Ralla-Machavaram,Mutyalampadu,650,1.5,4,45,6.5455844123,0.0042546299,15,90,120,5.7437503218,7.6583337624,13.4020840841
711,07-D-50-15,GNT-D-50-Ralla-Machavaram,Madinapadu forest,0,1.5,5,45,7.5455844123,0,15,90,120,0,0,0
712,07-D-50-15,GNT-D-50-Ralla-Machavaram,Chennayapalem,600,1.5,4,45,6.5455844123,0.0039273506,15,90,120,5.3019233739,7.0692311653,12.3711545392
713,07-D-50-15,GNT-D-50-Ralla-Machavaram,Tadutla,900,3,8,45,13.0911688245,0.0117820519,15,90,120,15.9057701218,21.2076934958,37.1134636176
714,07-D-50-15,GNT-D-50-Ralla-Machavaram,Vemavaram,600,1.5,4,45,6.5455844123,0.0039273506,15,90,120,5.3019233739,7.0692311653,12.3711545392
715,07-D-50-15,GNT-D-50-Ralla-Machavaram,Machavaram,800,1.5,4,45,6.5455844123,0.0052364675,15,90,120,7.0692311653,9.4256415537,16.4948727189
716,07-D-50-15,GNT-D-50-Ralla-Machavaram,Pinnelli,650,1.5,4,45,6.5455844123,0.0042546299,15,90,120,5.7437503218,7.6583337624,13.4020840841
717,07-D-50-15,GNT-D-50-Ralla-Machavaram,Tummalacheruvu,800,1.5,4,45,6.5455844123,0.0052364675,15,90,120,7.0692311653,9.4256415537,16.4948727189
718,07-D-50-15,GNT-D-50-Ralla-Machavaram,Kamepalli,650,1.5,4,45,6.5455844123,0.0042546299,15,90,120,5.7437503218,7.6583337624,13.4020840841
719,07-D-50-15,GNT-D-50-Ralla-Machavaram,Peda agraharam,750,1.5,4,45,6.5455844123,0.0049091883,15,90,120,6.6274042174,8.8365389566,15.463943174
720,07-D-50-15,GNT-D-50-Ralla-Machavaram,Karalapadu,600,1.5,4,45,6.5455844123,0.0039273506,15,90,120,5.3019233739,7.0692311653,12.3711545392
721,07-D-50-15,GNT-D-50-Ralla-Machavaram,China Agraharam,600,1.5,4,45,6.5455844123,0.0039273506,15,90,120,5.3019233739,7.0692311653,12.3711545392
722,07-D-50-13,GNT-D-50- Voppi-Voppicherla,Pedakodamagundla,800,1.5,4,45,6.5455844123,0.0052364675,3.5,90,120,1.6494872719,2.1993163625,3.8488036344
723,07-D-50-13,GNT-D-50- Voppi-Voppicherla,Voppicherla,600,2,4,45,7.3941125497,0.0044364675,3.5,90,120,1.3974872719,1.8633163625,3.2608036344
724,07-D-50-13,GNT-D-50- Voppi-Voppicherla,Kakirala hill & forest,0,5,3,45,11.4852813742,0,3.5,30,90,0,0,0
