,,,Command area,,,,,,,,,,,,Non-Command area,,,,,,,,,,,,Poor quality,,,,,,,,,,,
Sr.No,Watershed name,,Agriculture,,,,Domestic,,,,Industrial,,,,Agriculture,,,,Domestic,,,,Industrial,,,,Agriculture,,,,,,,,Industrial,,,
,,Type of well,yield,No.of ,Days of operation of wells          ,,yield,No.of ,Days of operation of wells          ,,yield,No.of ,Days of operation of wells          ,,yield,No.of ,Days of operation of wells          ,,yield,No.of ,Days of operation of wells          ,,yield,No.of ,Days of operation of wells          ,,yield,No.of ,Days of operation of wells          ,,,,,,yield,No.of ,Days of operation of wells          ,
,,,lph,wells,Monsoon,Non - Monsoon,lph,wells,Monsoon,Non - Monsoon,lph,wells,Monsoon,Non - Monsoon,lph,wells,Monsoon,Non - Monsoon,lph,wells,Monsoon,Non - Monsoon,lph,wells,Monsoon,Non - Monsoon,lph,wells,Monsoon,Non - Monsoon,,,,,lph,wells,Monsoon,Non - Monsoon
1,Kri-D-48-Budawada,DW,3571.428571,,30,80,857.1428571,,120,240,3571.428571,,120,240,3571.428571,,30,90,857.1428571,,120,240,3571.428571,,120,240,3857.142857,,40,90,,,,,3571.428571,,120,240
2,Kri-D-48-Budawada,DW+PS/DCB,5714.285714,,30,80,1428.571429,,120,240,3571.428571,,120,240,5000,,30,90,3571.428571,,120,240,3571.428571,,120,240,7142.857143,,40,90,,,,,7142.857143,,120,240
3,Kri-D-48-Budawada,BWs,9285.714286,,30,80,14285.71429,,120,240,10714.28571,,120,240,8000,,30,90,28571.42857,,120,240,154.2857143,,120,240,14285.71429,,40,90,,,,,7142.857143,,120,240
4,Kri-D-48-Budawada,STW,0,,30,80,0,,120,240,0,,120,240,0,,30,90,0,,120,240,0,,120,240,22000,,40,90,,,,,7142.857143,,120,240
5,Kri-D-48-Budawada,MTW,0,,30,80,0,,120,240,0,,120,240,0,,30,90,0,,120,240,0,,120,240,45000,,40,90,,,,,7142.857143,,120,240
6,Kri-D-48-Budawada,Deep TW,0,,30,80,0,,120,240,0,,120,240,0,,30,90,0,,120,240,0,,120,240,64285.71429,,40,90,,,,,14285.71429,,120,240
7,Kri-D-48-Budawada,Filter Points,12000,,30,80,7142.857143,,120,240,7142.857143,,120,240,12000,,30,90,7142.857143,,120,240,7142.857143,,120,240,7142.857143,,40,90,,,,,7142.857143,,120,240
8,Kri-D-48-Jaggaiahpeta,DW,2428.571429,,30,90,857.1428571,,120,240,0,,120,240,0,,40,90,0,,120,240,0,,120,240,3857.142857,,40,90,,,,,3571.428571,,120,240
9,Kri-D-48-Jaggaiahpeta,DW+PS/DCB,7142.857143,,30,90,0,,120,240,0,,120,240,0,,40,90,0,,120,240,0,,120,240,7142.857143,,40,90,,,,,7142.857143,,120,240
10,Kri-D-48-Jaggaiahpeta,BWs,10000,,30,90,19285.71429,,120,240,1428.571429,,120,240,0,,40,90,0,,120,240,0,,120,240,14285.71429,,40,90,,,,,7142.857143,,120,240
11,Kri-D-48-Jaggaiahpeta,STW,0,,30,90,0,,120,240,0,,120,240,0,,40,90,0,,120,240,0,,120,240,22000,,40,90,,,,,7142.857143,,120,240
12,Kri-D-48-Jaggaiahpeta,MTW,0,,30,90,0,,120,240,0,,120,240,0,,40,90,0,,120,240,0,,120,240,45000,,40,90,,,,,7142.857143,,120,240
13,Kri-D-48-Jaggaiahpeta,Deep TW,0,,30,90,0,,120,240,0,,120,240,0,,40,90,0,,120,240,0,,120,240,64285.71429,,40,90,,,,,14285.71429,,120,240
14,Kri-D-48-Jaggaiahpeta,Filter Points,0,,30,90,0,,120,240,0,,120,240,0,,40,90,0,,120,240,0,,120,240,7142.857143,,40,90,,,,,7142.857143,,120,240
15,Kri-D-49-Vatsavai,DW,3857.142857,,20,80,1142.857143,,120,240,0,,120,240,3857.142857,,40,90,857.1428571,,120,240,3857.142857,,120,240,3857.142857,,40,90,,,,,3571.428571,,120,240
16,Kri-D-49-Vatsavai,DW+PS/DCB,7142.857143,,20,80,0,,120,240,0,,120,240,5714.285714,,40,90,3857.142857,,120,240,3857.142857,,120,240,7142.857143,,40,90,,,,,7142.857143,,120,240
17,Kri-D-49-Vatsavai,BWs,9000,,20,80,21428.57143,,120,240,1428.571429,,120,240,8000,,40,90,7000,,120,240,9000,,120,240,14285.71429,,40,90,,,,,7142.857143,,120,240
18,Kri-D-49-Vatsavai,STW,0,,20,80,0,,120,240,0,,120,240,0,,40,90,0,,120,240,0,,120,240,22000,,40,90,,,,,7142.857143,,120,240
19,Kri-D-49-Vatsavai,MTW,0,,20,80,0,,120,240,0,,120,240,0,,40,90,0,,120,240,0,,120,240,45000,,40,90,,,,,7142.857143,,120,240
20,Kri-D-49-Vatsavai,Deep TW,0,,20,80,0,,120,240,0,,120,240,0,,40,90,0,,120,240,0,,120,240,64285.71429,,40,90,,,,,14285.71429,,120,240
21,Kri-D-49-Vatsavai,Filter Points,15000,,20,80,0,,120,240,0,,120,240,15000,,40,90,15000,,120,240,15000,,120,240,7142.857143,,40,90,,,,,7142.857143,,120,240
22,Kri-D-49-Penuganchiprolu,DW,3857.142857,,20,80,857.1428571,,120,240,0,,120,240,2142.857143,,40,90,2142.857143,,120,240,2142.857143,,120,240,3857.142857,,40,90,,,,,3571.428571,,120,240
23,Kri-D-49-Penuganchiprolu,DW+PS/DCB,8571.428571,,20,80,0,,120,240,0,,120,240,2142.857143,,40,90,2142.857143,,120,240,2142.857143,,120,240,7142.857143,,40,90,,,,,7142.857143,,120,240
24,Kri-D-49-Penuganchiprolu,BWs,10714.28571,,20,80,8571.428571,,120,240,1428.571429,,120,240,7000,,40,90,7000,,120,240,7000,,120,240,14285.71429,,40,90,,,,,7142.857143,,120,240
25,Kri-D-49-Penuganchiprolu,STW,0,,20,80,0,,120,240,0,,120,240,0,,40,90,0,,120,240,0,,120,240,22000,,40,90,,,,,7142.857143,,120,240
26,Kri-D-49-Penuganchiprolu,MTW,0,,20,80,0,,120,240,0,,120,240,0,,40,90,0,,120,240,0,,120,240,45000,,40,90,,,,,7142.857143,,120,240
27,Kri-D-49-Penuganchiprolu,Deep TW,0,,20,80,0,,120,240,0,,120,240,0,,40,90,0,,120,240,0,,120,240,64285.71429,,40,90,,,,,14285.71429,,120,240
28,Kri-D-49-Penuganchiprolu,Filter Points,15000,,20,80,0,,120,240,0,,120,240,7142.857143,,40,90,7142.857143,,120,240,7142.857143,,120,240,7142.857143,,40,90,,,,,7142.857143,,120,240
29,Kri-D-49-Nandigama,DW,3857.142857,,20,80,857.1428571,,120,240,0,,120,240,0,,30,80,857.1428571,,120,240,0,,120,240,3857.142857,,40,90,,,,,3571.428571,,120,240
30,Kri-D-49-Nandigama,DW+PS/DCB,8571.428571,,20,80,0,,120,240,0,,120,240,7142.857143,,30,80,4285.714286,,120,240,0,,120,240,7142.857143,,40,90,,,,,7142.857143,,120,240
31,Kri-D-49-Nandigama,BWs,10714.28571,,20,80,12857.14286,,120,240,1428.571429,,120,240,8000,,30,80,17857.14286,,120,240,1428.571429,,120,240,14285.71429,,40,90,,,,,7142.857143,,120,240
32,Kri-D-49-Nandigama,STW,0,,20,80,0,,120,240,0,,120,240,0,,30,80,0,,120,240,0,,120,240,22000,,40,90,,,,,7142.857143,,120,240
33,Kri-D-49-Nandigama,MTW,0,,20,80,0,,120,240,0,,120,240,0,,30,80,0,,120,240,0,,120,240,45000,,40,90,,,,,7142.857143,,120,240
34,Kri-D-49-Nandigama,Deep TW,0,,20,80,0,,120,240,0,,120,240,0,,30,80,0,,120,240,0,,120,240,64285.71429,,40,90,,,,,14285.71429,,120,240
35,Kri-D-49-Nandigama,Filter Points,12000,,20,80,0,,120,240,0,,120,240,12000,,30,80,7142.857143,,120,240,0,,120,240,7142.857143,,40,90,,,,,7142.857143,,120,240
36,Kri-D-51-Chandarlapadu,DW,0,,20,80,857.1428571,,120,240,0,,120,240,0,,30,80,857.1428571,,120,240,0,,120,240,3857.142857,,40,90,,,,,3571.428571,,120,240
37,Kri-D-51-Chandarlapadu,DW+PS/DCB,7857.142857,,20,80,0,,120,240,0,,120,240,5714.285714,,30,80,0,,120,240,0,,120,240,7142.857143,,40,90,,,,,7142.857143,,120,240
38,Kri-D-51-Chandarlapadu,BWs,9285.714286,,20,80,3571.428571,,120,240,1428.571429,,120,240,9285.714286,,30,80,14285.71429,,120,240,1428.571429,,120,240,14285.71429,,40,90,,,,,7142.857143,,120,240
39,Kri-D-51-Chandarlapadu,STW,0,,20,80,0,,120,240,0,,120,240,0,,30,80,0,,120,240,0,,120,240,22000,,40,90,,,,,7142.857143,,120,240
40,Kri-D-51-Chandarlapadu,MTW,0,,20,80,0,,120,240,0,,120,240,0,,30,80,0,,120,240,0,,120,240,45000,,40,90,,,,,7142.857143,,120,240
41,Kri-D-51-Chandarlapadu,Deep TW,0,,20,80,0,,120,240,0,,120,240,0,,30,80,0,,120,240,0,,120,240,64285.71429,,40,90,,,,,14285.71429,,120,240
42,Kri-D-51-Chandarlapadu,Filter Points,10714.28571,,20,80,10714.28571,,120,240,0,,120,240,10714.28571,,30,80,10714.28571,,120,240,0,,120,240,7142.857143,,40,90,,,,,7142.857143,,120,240
43,Kri-D-49-Nemali,DW,0,,20,80,428.5714286,,120,240,0,,120,240,3857.142857,,40,90,857.1428571,,120,240,3571.428571,,120,240,3857.142857,,40,90,,,,,3571.428571,,120,240
44,Kri-D-49-Nemali,DW+PS/DCB,7142.857143,,20,80,0,,120,240,0,,120,240,5714.285714,,40,90,4285.714286,,120,240,7142.857143,,120,240,7142.857143,,40,90,,,,,7142.857143,,120,240
45,Kri-D-49-Nemali,BWs,8000,,20,80,7142.857143,,120,240,1428.571429,,120,240,9285.714286,,40,90,5142.857143,,120,240,7142.857143,,120,240,14285.71429,,40,90,,,,,7142.857143,,120,240
46,Kri-D-49-Nemali,STW,0,,20,80,0,,120,240,0,,120,240,22000,,40,90,5142.857143,,120,240,7142.857143,,120,240,22000,,40,90,,,,,7142.857143,,120,240
47,Kri-D-49-Nemali,MTW,0,,20,80,0,,120,240,0,,120,240,45000,,40,90,10285.71429,,120,240,7142.857143,,120,240,45000,,40,90,,,,,7142.857143,,120,240
48,Kri-D-49-Nemali,Deep TW,0,,20,80,0,,120,240,0,,120,240,64285.71429,,40,90,10285.71429,,120,240,14285.71429,,120,240,64285.71429,,40,90,,,,,14285.71429,,120,240
49,Kri-D-49-Nemali,Filter Points,7142.857143,,20,80,0,,120,240,0,,120,240,7857.142857,,40,90,5142.857143,,120,240,7142.857143,,120,240,7142.857143,,40,90,,,,,7142.857143,,120,240
50,Kri-D-49-Utukuru,DW,0,,20,80,571.4285714,,120,240,0,,120,240,3857.142857,,40,90,3857.142857,,120,240,3857.142857,,120,240,3857.142857,,40,90,,,,,3571.428571,,120,240
51,Kri-D-49-Utukuru,DW+PS/DCB,7142.857143,,20,80,0,,120,240,0,,120,240,3857.142857,,40,90,3857.142857,,120,240,3857.142857,,120,240,7142.857143,,40,90,,,,,7142.857143,,120,240
52,Kri-D-49-Utukuru,BWs,8000,,20,80,7857.142857,,120,240,1428.571429,,120,240,7000,,40,90,7000,,120,240,7000,,120,240,14285.71429,,40,90,,,,,7142.857143,,120,240
53,Kri-D-49-Utukuru,STW,0,,20,80,0,,120,240,0,,120,240,0,,40,90,0,,120,240,0,,120,240,22000,,40,90,,,,,7142.857143,,120,240
54,Kri-D-49-Utukuru,MTW,0,,20,80,0,,120,240,0,,120,240,0,,40,90,0,,120,240,0,,120,240,45000,,40,90,,,,,7142.857143,,120,240
55,Kri-D-49-Utukuru,Deep TW,0,,20,80,0,,120,240,0,,120,240,0,,40,90,0,,120,240,0,,120,240,64285.71429,,40,90,,,,,14285.71429,,120,240
56,Kri-D-49-Utukuru,Filter Points,0,,20,80,0,,120,240,0,,120,240,7142.857143,,40,90,7142.857143,,120,240,7142.857143,,120,240,7142.857143,,40,90,,,,,7142.857143,,120,240
57,Kri-D-49-Talluru,DW,0,,20,80,857.1428571,,120,240,0,,120,240,3857.142857,,40,90,3857.142857,,120,240,3857.142857,,120,240,3857.142857,,40,90,,,,,3571.428571,,120,240
58,Kri-D-49-Talluru,DW+PS/DCB,7142.857143,,20,80,0,,120,240,0,,120,240,3857.142857,,40,90,3857.142857,,120,240,3857.142857,,120,240,7142.857143,,40,90,,,,,7142.857143,,120,240
59,Kri-D-49-Talluru,BWs,8000,,20,80,12857.14286,,120,240,1428.571429,,120,240,7000,,40,90,7000,,120,240,7000,,120,240,14285.71429,,40,90,,,,,7142.857143,,120,240
60,Kri-D-49-Talluru,STW,0,,20,80,0,,120,240,0,,120,240,0,,40,90,0,,120,240,0,,120,240,22000,,40,90,,,,,7142.857143,,120,240
61,Kri-D-49-Talluru,MTW,0,,20,80,0,,120,240,0,,120,240,0,,40,90,0,,120,240,0,,120,240,45000,,40,90,,,,,7142.857143,,120,240
62,Kri-D-49-Talluru,Deep TW,0,,20,80,0,,120,240,0,,120,240,0,,40,90,0,,120,240,0,,120,240,64285.71429,,40,90,,,,,14285.71429,,120,240
63,Kri-D-49-Talluru,Filter Points,0,,20,80,0,,120,240,0,,120,240,7142.857143,,40,90,7142.857143,,120,240,7142.857143,,120,240,7142.857143,,40,90,,,,,7142.857143,,120,240
64,Kri-D-49--K.Atmakuru,DW,0,,30,80,857.1428571,,120,240,3857.142857,,120,240,3857.142857,,40,90,857.1428571,,120,240,3857.142857,,120,240,3857.142857,,40,90,,,,,3571.428571,,120,240
65,Kri-D-49--K.Atmakuru,DW+PS/DCB,6428.571429,,30,80,0,,120,240,3857.142857,,120,240,3857.142857,,40,90,3857.142857,,120,240,3857.142857,,120,240,7142.857143,,40,90,,,,,7142.857143,,120,240
66,Kri-D-49--K.Atmakuru,BWs,8000,,30,80,15714.28571,,120,240,7000,,120,240,7000,,40,90,1142.857143,,120,240,7000,,120,240,14285.71429,,40,90,,,,,7142.857143,,120,240
67,Kri-D-49--K.Atmakuru,STW,0,,30,80,0,,120,240,0,,120,240,0,,40,90,0,,120,240,0,,120,240,22000,,40,90,,,,,7142.857143,,120,240
68,Kri-D-49--K.Atmakuru,MTW,0,,30,80,0,,120,240,0,,120,240,0,,40,90,0,,120,240,0,,120,240,45000,,40,90,,,,,7142.857143,,120,240
69,Kri-D-49--K.Atmakuru,Deep TW,0,,30,80,0,,120,240,0,,120,240,0,,40,90,0,,120,240,0,,120,240,64285.71429,,40,90,,,,,14285.71429,,120,240
70,Kri-D-49--K.Atmakuru,Filter Points,0,,30,80,0,,120,240,7142.857143,,120,240,7142.857143,,40,90,7142.857143,,120,240,7142.857143,,120,240,7142.857143,,40,90,,,,,7142.857143,,120,240
71,Kri-D-49-Veerulapadu,DW,0,,30,90,571.4285714,,120,240,0,,120,240,3857.142857,,40,90,3857.142857,,120,240,3857.142857,,120,240,3857.142857,,40,90,,,,,3571.428571,,120,240
72,Kri-D-49-Veerulapadu,DW+PS/DCB,7142.857143,,30,90,0,,120,240,0,,120,240,3857.142857,,40,90,3857.142857,,120,240,3857.142857,,120,240,7142.857143,,40,90,,,,,7142.857143,,120,240
73,Kri-D-49-Veerulapadu,BWs,9285.714286,,30,90,5714.285714,,120,240,1428.571429,,120,240,9000,,40,90,9000,,120,240,9000,,120,240,14285.71429,,40,90,,,,,7142.857143,,120,240
74,Kri-D-49-Veerulapadu,STW,0,,30,90,0,,120,240,0,,120,240,0,,40,90,0,,120,240,0,,120,240,22000,,40,90,,,,,7142.857143,,120,240
75,Kri-D-49-Veerulapadu,MTW,0,,30,90,0,,120,240,0,,120,240,0,,40,90,0,,120,240,0,,120,240,45000,,40,90,,,,,7142.857143,,120,240
76,Kri-D-49-Veerulapadu,Deep TW,0,,30,90,0,,120,240,0,,120,240,0,,40,90,0,,120,240,0,,120,240,64285.71429,,40,90,,,,,14285.71429,,120,240
77,Kri-D-49-Veerulapadu,Filter Points,0,,30,90,0,,120,240,0,,120,240,7142.857143,,40,90,7142.857143,,120,240,7142.857143,,120,240,7142.857143,,40,90,,,,,7142.857143,,120,240
78,Kri-D-49-Peddavaram,DW,0,,20,80,857.1428571,,120,240,0,,120,240,3857.142857,,40,90,857.1428571,,120,240,3571.428571,,120,240,3857.142857,,40,90,,,,,3571.428571,,120,240
79,Kri-D-49-Peddavaram,DW+PS/DCB,7142.857143,,20,80,0,,120,240,0,,120,240,5714.285714,,40,90,4285.714286,,120,240,7142.857143,,120,240,7142.857143,,40,90,,,,,7142.857143,,120,240
80,Kri-D-49-Peddavaram,BWs,9000,,20,80,7142.857143,,120,240,1428.571429,,120,240,9285.714286,,40,90,5142.857143,,120,240,7142.857143,,120,240,14285.71429,,40,90,,,,,7142.857143,,120,240
81,Kri-D-49-Peddavaram,STW,0,,20,80,0,,120,240,0,,120,240,22000,,40,90,5142.857143,,120,240,7142.857143,,120,240,22000,,40,90,,,,,7142.857143,,120,240
82,Kri-D-49-Peddavaram,MTW,0,,20,80,0,,120,240,0,,120,240,45000,,40,90,10285.71429,,120,240,7142.857143,,120,240,45000,,40,90,,,,,7142.857143,,120,240
83,Kri-D-49-Peddavaram,Deep TW,0,,20,80,0,,120,240,0,,120,240,64285.71429,,40,90,10285.71429,,120,240,14285.71429,,120,240,64285.71429,,40,90,,,,,14285.71429,,120,240
84,Kri-D-49-Peddavaram,Filter Points,12000,,20,80,0,,120,240,1428.571429,,120,240,7857.142857,,40,90,5142.857143,,120,240,7142.857143,,120,240,7142.857143,,40,90,,,,,7142.857143,,120,240
85,Kri-D-49-Tiruvuru,DW,0,,20,80,857.1428571,,120,240,1428.571429,,120,240,2142.857143,,40,90,2142.857143,,120,240,2142.857143,,120,240,3857.142857,,40,90,,,,,3571.428571,,120,240
86,Kri-D-49-Tiruvuru,DW+PS/DCB,7142.857143,,20,80,4285.714286,,120,240,1428.571429,,120,240,4285.714286,,40,90,4285.714286,,120,240,4285.714286,,120,240,7142.857143,,40,90,,,,,7142.857143,,120,240
87,Kri-D-49-Tiruvuru,BWs,10714.28571,,20,80,5714.285714,,120,240,1428.571429,,120,240,7000,,40,90,7000,,120,240,7000,,120,240,14285.71429,,40,90,,,,,7142.857143,,120,240
88,Kri-D-49-Tiruvuru,STW,0,,20,80,0,,120,240,0,,120,240,0,,40,90,0,,120,240,0,,120,240,22000,,40,90,,,,,7142.857143,,120,240
89,Kri-D-49-Tiruvuru,MTW,0,,20,80,0,,120,240,0,,120,240,0,,40,90,0,,120,240,0,,120,240,45000,,40,90,,,,,7142.857143,,120,240
90,Kri-D-49-Tiruvuru,Deep TW,0,,20,80,0,,120,240,0,,120,240,0,,40,90,0,,120,240,0,,120,240,64285.71429,,40,90,,,,,14285.71429,,120,240
91,Kri-D-49-Tiruvuru,Filter Points,15000,,20,80,7142.857143,,120,240,1428.571429,,120,240,7142.857143,,40,90,7142.857143,,120,240,7142.857143,,120,240,7142.857143,,40,90,,,,,7142.857143,,120,240
92,Kri-D-49-A.Konduru,DW,0,,20,80,857.1428571,,120,240,3857.142857,,120,240,3857.142857,,40,90,3857.142857,,120,240,3857.142857,,120,240,3857.142857,,40,90,,,,,3571.428571,,120,240
93,Kri-D-49-A.Konduru,DW+PS/DCB,5714.285714,,20,80,1428.571429,,120,240,3285.714286,,120,240,3285.714286,,40,90,3285.714286,,120,240,3285.714286,,120,240,7142.857143,,40,90,,,,,7142.857143,,120,240
94,Kri-D-49-A.Konduru,BWs,8000,,20,80,4285.714286,,120,240,7000,,120,240,7000,,40,90,7000,,120,240,7000,,120,240,14285.71429,,40,90,,,,,7142.857143,,120,240
95,Kri-D-49-A.Konduru,STW,0,,20,80,0,,120,240,0,,120,240,0,,40,90,0,,120,240,0,,120,240,22000,,40,90,,,,,7142.857143,,120,240
96,Kri-D-49-A.Konduru,MTW,0,,20,80,0,,120,240,0,,120,240,0,,40,90,0,,120,240,0,,120,240,45000,,40,90,,,,,7142.857143,,120,240
97,Kri-D-49-A.Konduru,Deep TW,0,,20,80,0,,120,240,0,,120,240,0,,40,90,0,,120,240,0,,120,240,64285.71429,,40,90,,,,,14285.71429,,120,240
98,Kri-D-49-A.Konduru,Filter Points,7142.857143,,20,80,2857.142857,,120,240,7142.857143,,120,240,7142.857143,,40,90,7142.857143,,120,240,7142.857143,,120,240,7142.857143,,40,90,,,,,7142.857143,,120,240
99,Kri-D-49-Vissannapeta,DW,0,,20,80,714.2857143,,120,240,0,,120,240,3857.142857,,40,90,3857.142857,,120,240,3857.142857,,120,240,3857.142857,,40,90,,,,,3571.428571,,120,240
100,Kri-D-49-Vissannapeta,DW+PS/DCB,7142.857143,,20,80,0,,120,240,0,,120,240,4285.714286,,40,90,4285.714286,,120,240,4285.714286,,120,240,7142.857143,,40,90,,,,,7142.857143,,120,240
101,Kri-D-49-Vissannapeta,BWs,10714.28571,,20,80,5714.285714,,120,240,1428.571429,,120,240,7000,,40,90,7000,,120,240,7000,,120,240,14285.71429,,40,90,,,,,7142.857143,,120,240
102,Kri-D-49-Vissannapeta,STW,0,,20,80,0,,120,240,0,,120,240,0,,40,90,0,,120,240,0,,120,240,22000,,40,90,,,,,7142.857143,,120,240
103,Kri-D-49-Vissannapeta,MTW,0,,20,80,0,,120,240,0,,120,240,0,,40,90,0,,120,240,0,,120,240,45000,,40,90,,,,,7142.857143,,120,240
104,Kri-D-49-Vissannapeta,Deep TW,0,,20,80,0,,120,240,0,,120,240,0,,40,90,0,,120,240,0,,120,240,64285.71429,,40,90,,,,,14285.71429,,120,240
105,Kri-D-49-Vissannapeta,Filter Points,15000,,20,80,7142.857143,,120,240,0,,120,240,7142.857143,,40,90,7142.857143,,120,240,7142.857143,,120,240,7142.857143,,40,90,,,,,7142.857143,,120,240
106,Kri-D-49-Gampalagudem,DW,0,,20,80,571.4285714,,120,240,0,,120,240,3857.142857,,40,90,3857.142857,,120,240,3857.142857,,120,240,3857.142857,,40,90,,,,,3571.428571,,120,240
107,Kri-D-49-Gampalagudem,DW+PS/DCB,6428.571429,,20,80,3285.714286,,120,240,0,,120,240,3285.714286,,40,90,3285.714286,,120,240,3285.714286,,120,240,7142.857143,,40,90,,,,,7142.857143,,120,240
108,Kri-D-49-Gampalagudem,BWs,8000,,20,80,7142.857143,,120,240,1428.571429,,120,240,7000,,40,90,7000,,120,240,7000,,120,240,14285.71429,,40,90,,,,,7142.857143,,120,240
109,Kri-D-49-Gampalagudem,STW,0,,20,80,0,,120,240,0,,120,240,0,,40,90,0,,120,240,0,,120,240,22000,,40,90,,,,,7142.857143,,120,240
110,Kri-D-49-Gampalagudem,MTW,0,,20,80,0,,120,240,0,,120,240,0,,40,90,0,,120,240,0,,120,240,45000,,40,90,,,,,7142.857143,,120,240
111,Kri-D-49-Gampalagudem,Deep TW,0,,20,80,0,,120,240,0,,120,240,0,,40,90,0,,120,240,0,,120,240,64285.71429,,40,90,,,,,14285.71429,,120,240
112,Kri-D-49-Gampalagudem,Filter Points,12000,,20,80,7142.857143,,120,240,1428.571429,,120,240,7142.857143,,40,90,7142.857143,,120,240,7142.857143,,120,240,7142.857143,,40,90,,,,,7142.857143,,120,240
113,Kri-D-49-Gampalagudem,DW,0,,20,80,571.4285714,,120,240,0,,120,240,3857.142857,,40,90,3857.142857,,120,240,3857.142857,,120,240,3857.142857,,40,90,,,,,3571.428571,,120,240
114,Kri-D-49-Gampalagudem,DW+PS/DCB,6428.571429,,20,80,0,,120,240,0,,120,240,3285.714286,,40,90,3285.714286,,120,240,3285.714286,,120,240,7142.857143,,40,90,,,,,7142.857143,,120,240
115,Kri-D-49-Gampalagudem,BWs,8000,,20,80,10857.14286,,120,240,1428.571429,,120,240,7000,,40,90,7000,,120,240,7000,,120,240,14285.71429,,40,90,,,,,7142.857143,,120,240
116,Kri-D-49-Gampalagudem,STW,0,,20,80,0,,120,240,0,,120,240,0,,40,90,0,,120,240,0,,120,240,22000,,40,90,,,,,7142.857143,,120,240
117,Kri-D-49-Gampalagudem,MTW,0,,20,80,0,,120,240,0,,120,240,0,,40,90,0,,120,240,0,,120,240,45000,,40,90,,,,,7142.857143,,120,240
118,Kri-D-49-Gampalagudem,Deep TW,0,,20,80,0,,120,240,0,,120,240,0,,40,90,0,,120,240,0,,120,240,64285.71429,,40,90,,,,,14285.71429,,120,240
119,Kri-D-49-Gampalagudem,Filter Points,12000,,20,80,7142.857143,,120,240,0,,120,240,7142.857143,,40,90,7142.857143,,120,240,7142.857143,,120,240,7142.857143,,40,90,,,,,7142.857143,,120,240
120,Kri-D-51-Kanchikacherla ,DW,2142.857143,,20,80,714.2857143,,120,240,0,,120,240,2142.857143,,40,90,1428.571429,,120,240,2142.857143,,120,240,3857.142857,,40,90,,,,,3571.428571,,120,240
121,Kri-D-51-Kanchikacherla ,DW+PS/DCB,4285.714286,,20,80,0,,120,240,0,,120,240,2142.857143,,40,90,2142.857143,,120,240,2142.857143,,120,240,7142.857143,,40,90,,,,,7142.857143,,120,240
122,Kri-D-51-Kanchikacherla ,BWs,7142.857143,,20,80,10714.28571,,120,240,1428.571429,,120,240,6000,,40,90,3571.428571,,120,240,142.8571429,,120,240,14285.71429,,40,90,,,,,7142.857143,,120,240
123,Kri-D-51-Kanchikacherla ,STW,0,,20,80,0,,120,240,0,,120,240,0,,40,90,0,,120,240,0,,120,240,22000,,40,90,,,,,7142.857143,,120,240
124,Kri-D-51-Kanchikacherla ,MTW,0,,20,80,0,,120,240,0,,120,240,0,,40,90,0,,120,240,0,,120,240,45000,,40,90,,,,,7142.857143,,120,240
125,Kri-D-51-Kanchikacherla ,Deep TW,0,,20,80,0,,120,240,0,,120,240,0,,40,90,0,,120,240,0,,120,240,64285.71429,,40,90,,,,,14285.71429,,120,240
126,Kri-D-51-Kanchikacherla ,Filter Points,12000,,20,80,0,,120,240,0,,120,240,10000,,40,90,10000,,120,240,10000,,120,240,7142.857143,,40,90,,,,,7142.857143,,120,240
127,Kri-I-40-Chatrai,DW,0,,20,80,571.4285714,,120,240,0,,120,240,0,,30,80,571.4285714,,120,240,0,,120,240,3857.142857,,40,90,,,,,3571.428571,,120,240
128,Kri-I-40-Chatrai,DW+PS/DCB,0,,20,80,0,,120,240,0,,120,240,0,,30,80,0,,120,240,0,,120,240,7142.857143,,40,90,,,,,7142.857143,,120,240
129,Kri-I-40-Chatrai,BWs,9000,,20,80,6000,,120,240,1428.571429,,120,240,9000,,30,80,5714.285714,,120,240,1428.571429,,120,240,14285.71429,,40,90,,,,,7142.857143,,120,240
130,Kri-I-40-Chatrai,STW,17857.14286,,20,80,0,,120,240,0,,120,240,0,,30,80,0,,120,240,0,,120,240,22000,,40,90,,,,,7142.857143,,120,240
131,Kri-I-40-Chatrai,MTW,0,,20,80,0,,120,240,0,,120,240,0,,30,80,0,,120,240,0,,120,240,45000,,40,90,,,,,7142.857143,,120,240
132,Kri-I-40-Chatrai,Deep TW,0,,20,80,0,,120,240,0,,120,240,0,,30,80,0,,120,240,0,,120,240,64285.71429,,40,90,,,,,14285.71429,,120,240
133,Kri-I-40-Chatrai,Filter Points,0,,20,80,0,,120,240,0,,120,240,0,,30,80,0,,120,240,0,,120,240,7142.857143,,40,90,,,,,7142.857143,,120,240
134,Kri-I-41-Nuzvid,DW,0,,20,80,1285.714286,,120,240,0,,120,240,0,,30,80,857.1428571,,120,240,0,,120,240,0,,40,90,,,,,3571.428571,,120,240
135,Kri-I-41-Nuzvid,DW+PS/DCB,5714.285714,,20,80,0,,120,240,0,,120,240,5714.285714,,30,80,0,,120,240,0,,120,240,0,,40,90,,,,,7142.857143,,120,240
136,Kri-I-41-Nuzvid,BWs,9000,,20,80,20000,,120,240,1428.571429,,120,240,9000,,30,80,6428.571429,,120,240,1428.571429,,120,240,0,,40,90,,,,,7142.857143,,120,240
137,Kri-I-41-Nuzvid,STW,17142.85714,,20,80,0,,120,240,0,,120,240,17142.85714,,30,80,0,,120,240,0,,120,240,0,,40,90,,,,,7142.857143,,120,240
138,Kri-I-41-Nuzvid,MTW,20000,,20,80,0,,120,240,0,,120,240,20000,,30,80,0,,120,240,0,,120,240,0,,40,90,,,,,7142.857143,,120,240
139,Kri-I-41-Nuzvid,Deep TW,0,,20,80,0,,120,240,0,,120,240,0,,30,80,0,,120,240,0,,120,240,0,,40,90,,,,,14285.71429,,120,240
140,Kri-I-41-Nuzvid,Filter Points,0,,20,80,0,,120,240,0,,120,240,0,,30,80,0,,120,240,0,,120,240,0,,40,90,,,,,7142.857143,,120,240
141,kri-I-42-Ganginenipalem,DW,0,,20,80,571.4285714,,120,240,0,,120,240,3857.142857,,40,90,3857.142857,,120,240,3857.142857,,120,240,3857.142857,,40,90,,,,,3571.428571,,120,240
142,kri-I-42-Ganginenipalem,DW+PS/DCB,0,,20,80,0,,120,240,0,,120,240,3285.714286,,40,90,3285.714286,,120,240,3285.714286,,120,240,7142.857143,,40,90,,,,,7142.857143,,120,240
143,kri-I-42-Ganginenipalem,BWs,8000,,20,80,6428.571429,,120,240,1428.571429,,120,240,7000,,40,90,7000,,120,240,7000,,120,240,14285.71429,,40,90,,,,,7142.857143,,120,240
144,kri-I-42-Ganginenipalem,STW,0,,20,80,0,,120,240,0,,120,240,0,,40,90,0,,120,240,0,,120,240,22000,,40,90,,,,,7142.857143,,120,240
145,kri-I-42-Ganginenipalem,MTW,0,,20,80,0,,120,240,0,,120,240,0,,40,90,0,,120,240,0,,120,240,45000,,40,90,,,,,7142.857143,,120,240
146,kri-I-42-Ganginenipalem,Deep TW,0,,20,80,0,,120,240,0,,120,240,0,,40,90,0,,120,240,0,,120,240,64285.71429,,40,90,,,,,14285.71429,,120,240
147,kri-I-42-Ganginenipalem,Filter Points,0,,20,80,0,,120,240,7142.857143,,120,240,7142.857143,,40,90,7142.857143,,120,240,7142.857143,,120,240,7142.857143,,40,90,,,,,7142.857143,,120,240
148,Kri-I-42-Mylavaram,DW,0,,20,80,571.4285714,,120,240,0,,120,240,0,,40,90,571.4285714,,120,240,0,,120,240,3857.142857,,40,90,,,,,3571.428571,,120,240
149,Kri-I-42-Mylavaram,DW+PS/DCB,5714.285714,,20,80,0,,120,240,0,,120,240,5714.285714,,40,90,0,,120,240,0,,120,240,7142.857143,,40,90,,,,,7142.857143,,120,240
150,Kri-I-42-Mylavaram,BWs,7142.857143,,20,80,5714.285714,,120,240,2142.857143,,120,240,7142.857143,,40,90,5000,,120,240,2142.857143,,120,240,14285.71429,,40,90,,,,,7142.857143,,120,240
151,Kri-I-42-Mylavaram,STW,0,,20,80,0,,120,240,0,,120,240,0,,40,90,0,,120,240,0,,120,240,22000,,40,90,,,,,7142.857143,,120,240
152,Kri-I-42-Mylavaram,MTW,0,,20,80,0,,120,240,0,,120,240,0,,40,90,0,,120,240,0,,120,240,45000,,40,90,,,,,7142.857143,,120,240
153,Kri-I-42-Mylavaram,Deep TW,0,,20,80,0,,120,240,0,,120,240,0,,40,90,0,,120,240,0,,120,240,64285.71429,,40,90,,,,,14285.71429,,120,240
154,Kri-I-42-Mylavaram,Filter Points,0,,20,80,7142.857143,,120,240,0,,120,240,0,,40,90,0,,120,240,0,,120,240,7142.857143,,40,90,,,,,7142.857143,,120,240
155,Kri-I-42-Reddigudem,DW,0,,20,80,571.4285714,,120,240,0,,120,240,2142.857143,,40,90,857.1428571,,120,240,2142.857143,,120,240,3857.142857,,40,90,,,,,3571.428571,,120,240
156,Kri-I-42-Reddigudem,DW+PS/DCB,6428.571429,,20,80,0,,120,240,0,,120,240,4285.714286,,40,90,2142.857143,,120,240,2142.857143,,120,240,7142.857143,,40,90,,,,,7142.857143,,120,240
157,Kri-I-42-Reddigudem,BWs,8000,,20,80,6428.571429,,120,240,2142.857143,,120,240,7142.857143,,40,90,3571.428571,,120,240,142.8571429,,120,240,14285.71429,,40,90,,,,,7142.857143,,120,240
158,Kri-I-42-Reddigudem,STW,0,,20,80,0,,120,240,0,,120,240,0,,40,90,0,,120,240,0,,120,240,22000,,40,90,,,,,7142.857143,,120,240
159,Kri-I-42-Reddigudem,MTW,0,,20,80,0,,120,240,0,,120,240,0,,40,90,0,,120,240,0,,120,240,45000,,40,90,,,,,7142.857143,,120,240
160,Kri-I-42-Reddigudem,Deep TW,0,,20,80,0,,120,240,0,,120,240,0,,40,90,0,,120,240,0,,120,240,64285.71429,,40,90,,,,,14285.71429,,120,240
161,Kri-I-42-Reddigudem,Filter Points,0,,20,80,0,,120,240,0,,120,240,10000,,40,90,10000,,120,240,10000,,120,240,7142.857143,,40,90,,,,,7142.857143,,120,240
162,Kri-I-42-G.Konduru,DW,0,,20,80,1000,,120,240,0,,120,240,2142.857143,,40,90,1428.571429,,120,240,2142.857143,,120,240,3857.142857,,40,90,,,,,3571.428571,,120,240
163,Kri-I-42-G.Konduru,DW+PS/DCB,4285.714286,,20,80,0,,120,240,0,,120,240,2142.857143,,40,90,2142.857143,,120,240,2142.857143,,120,240,7142.857143,,40,90,,,,,7142.857143,,120,240
164,Kri-I-42-G.Konduru,BWs,7142.857143,,20,80,17857.14286,,120,240,1428.571429,,120,240,6000,,40,90,3571.428571,,120,240,142.8571429,,120,240,14285.71429,,40,90,,,,,7142.857143,,120,240
165,Kri-I-42-G.Konduru,STW,0,,20,80,0,,120,240,0,,120,240,0,,40,90,0,,120,240,0,,120,240,22000,,40,90,,,,,7142.857143,,120,240
166,Kri-I-42-G.Konduru,MTW,0,,20,80,0,,120,240,0,,120,240,0,,40,90,0,,120,240,0,,120,240,45000,,40,90,,,,,7142.857143,,120,240
167,Kri-I-42-G.Konduru,Deep TW,0,,20,80,0,,120,240,0,,120,240,0,,40,90,0,,120,240,0,,120,240,64285.71429,,40,90,,,,,14285.71429,,120,240
168,Kri-I-42-G.Konduru,Filter Points,14285.71429,,20,80,0,,120,240,0,,120,240,10000,,40,90,10000,,120,240,10000,,120,240,7142.857143,,40,90,,,,,7142.857143,,120,240
169,Kri-I-42-Gannavaram,DW,0,,20,80,857.1428571,,120,240,0,,120,240,2142.857143,,30,60,2142.857143,,120,240,2142.857143,,120,240,3857.142857,,40,90,,,,,3571.428571,,120,240
170,Kri-I-42-Gannavaram,DW+PS/DCB,5714.285714,,20,80,0,,120,240,0,,120,240,2142.857143,,30,60,2142.857143,,120,240,2142.857143,,120,240,7142.857143,,40,90,,,,,7142.857143,,120,240
171,Kri-I-42-Gannavaram,BWs,9000,,20,80,6428.571429,,120,240,714.2857143,,120,240,6000,,30,60,6000,,120,240,6000,,120,240,14285.71429,,40,90,,,,,7142.857143,,120,240
172,Kri-I-42-Gannavaram,STW,0,,20,80,0,,120,240,0,,120,240,18000,,30,60,18000,,120,240,18000,,120,240,22000,,40,90,,,,,7142.857143,,120,240
173,Kri-I-42-Gannavaram,MTW,0,,20,80,0,,120,240,0,,120,240,20000,,30,60,20000,,120,240,20000,,120,240,45000,,40,90,,,,,7142.857143,,120,240
174,Kri-I-42-Gannavaram,Deep TW,0,,20,80,0,,120,240,0,,120,240,25000,,30,60,25000,,120,240,25000,,120,240,64285.71429,,40,90,,,,,14285.71429,,120,240
175,Kri-I-42-Gannavaram,Filter Points,15000,,20,80,0,,120,240,0,,120,240,7142.857143,,30,60,7142.857143,,120,240,7142.857143,,120,240,7142.857143,,40,90,,,,,7142.857143,,120,240
176,Kri-I-42-Agiripalli,DW,0,,20,80,857.1428571,,120,240,0,,120,240,2142.857143,,40,90,2142.857143,,120,240,3571.428571,,120,240,3857.142857,,40,90,,,,,3571.428571,,120,240
177,Kri-I-42-Agiripalli,DW+PS/DCB,5714.285714,,20,80,0,,120,240,0,,120,240,2142.857143,,40,90,2142.857143,,120,240,7142.857143,,120,240,7142.857143,,40,90,,,,,7142.857143,,120,240
178,Kri-I-42-Agiripalli,BWs,7142.857143,,20,80,7857.142857,,120,240,1428.571429,,120,240,6000,,40,90,6000,,120,240,7142.857143,,120,240,14285.71429,,40,90,,,,,7142.857143,,120,240
179,Kri-I-42-Agiripalli,STW,17857.14286,,20,80,0,,120,240,0,,120,240,17142.85714,,40,90,17142.85714,,120,240,7142.857143,,120,240,22000,,40,90,,,,,7142.857143,,120,240
180,Kri-I-42-Agiripalli,MTW,0,,20,80,0,,120,240,0,,120,240,20000,,40,90,20000,,120,240,7142.857143,,120,240,45000,,40,90,,,,,7142.857143,,120,240
181,Kri-I-42-Agiripalli,Deep TW,0,,20,80,0,,120,240,0,,120,240,25000,,40,90,25000,,120,240,14285.71429,,120,240,64285.71429,,40,90,,,,,14285.71429,,120,240
182,Kri-I-42-Agiripalli,Filter Points,0,,20,80,0,,120,240,0,,120,240,7142.857143,,40,90,7142.857143,,120,240,7142.857143,,120,240,7142.857143,,40,90,,,,,7142.857143,,120,240
183,Kri-I-42-Bapulapadu,DW,0,,20,80,857.1428571,,120,240,0,,120,240,0,,30,80,857.1428571,,120,240,0,,120,240,3857.142857,,40,90,,,,,3571.428571,,120,240
184,Kri-I-42-Bapulapadu,DW+PS/DCB,5000,,20,80,0,,120,240,0,,120,240,5000,,30,80,0,,120,240,0,,120,240,7142.857143,,40,90,,,,,7142.857143,,120,240
185,Kri-I-42-Bapulapadu,BWs,7142.857143,,20,80,10000,,120,240,1428.571429,,120,240,0,,30,80,5000,,120,240,1428.571429,,120,240,14285.71429,,40,90,,,,,7142.857143,,120,240
186,Kri-I-42-Bapulapadu,STW,17857.14286,,20,80,0,,120,240,0,,120,240,17857.14286,,30,80,0,,120,240,0,,120,240,22000,,40,90,,,,,7142.857143,,120,240
187,Kri-I-42-Bapulapadu,MTW,21428.57143,,20,80,0,,120,240,0,,120,240,0,,30,80,0,,120,240,0,,120,240,45000,,40,90,,,,,7142.857143,,120,240
188,Kri-I-42-Bapulapadu,Deep TW,0,,20,80,0,,120,240,0,,120,240,0,,30,80,0,,120,240,0,,120,240,64285.71429,,40,90,,,,,14285.71429,,120,240
189,Kri-I-42-Bapulapadu,Filter Points,0,,20,80,0,,120,240,0,,120,240,0,,30,80,0,,120,240,0,,120,240,7142.857143,,40,90,,,,,7142.857143,,120,240
190,Kri-I-40-Musunuru,DW,0,,,,0,,,,0,,,,0,,30,80,857.1428571,,120,240,0,,120,240,0,,,,,,,,0,,,
191,Kri-I-40-Musunuru,DW+PS/DCB,0,,,,0,,,,0,,,,5714.285714,,30,90,0,,120,240,0,,120,240,0,,,,,,,,0,,,
192,Kri-I-40-Musunuru,BWs,0,,,,0,,,,0,,,,9000,,30,90,7142.857143,,120,240,1428.571429,,120,240,0,,,,,,,,0,,,
193,Kri-I-40-Musunuru,S TW,0,,,,0,,,,0,,,,17142.85714,,30,90,0,,120,240,0,,120,240,0,,,,,,,,0,,,
194,Kri-I-40-Musunuru,M TW,0,,,,0,,,,0,,,,20000,,30,90,0,,120,240,0,,120,240,0,,,,,,,,0,,,
195,Kri-I-40-Musunuru,D TW,0,,,,0,,,,0,,,,0,,30,80,0,,120,240,0,,120,240,0,,,,,,,,0,,,
196,Kri-I-40-Musunuru,Filter Points,0,,,,0,,,,0,,,,0,,30,80,0,,120,240,0,,120,240,0,,,,,,,,0,,,
197,Kri-I-42-Chillaboinapalli,DW,0,,,,0,,,,0,,,,0,,30,80,857.1428571,,120,240,0,,120,240,0,,,,,,,,0,,,
198,Kri-I-42-Chillaboinapalli,DW+PS/DCB,0,,,,0,,,,0,,,,5714.285714,,30,80,0,,120,240,0,,120,240,0,,,,,,,,0,,,
199,Kri-I-42-Chillaboinapalli,BWs,0,,,,0,,,,0,,,,9000,,30,80,7142.857143,,120,240,1428.571429,,120,240,0,,,,,,,,0,,,
200,Kri-I-42-Chillaboinapalli,S TW,0,,,,0,,,,0,,,,17142.85714,,30,80,0,,120,240,0,,120,240,0,,,,,,,,0,,,
201,Kri-I-42-Chillaboinapalli,M TW,0,,,,0,,,,0,,,,20000,,30,80,0,,120,240,0,,120,240,0,,,,,,,,0,,,
202,Kri-I-42-Chillaboinapalli,D TW,0,,,,0,,,,0,,,,0,,30,80,0,,120,240,0,,120,240,0,,,,,,,,0,,,
203,Kri-I-42-Chillaboinapalli,Filter Points,0,,,,0,,,,0,,,,0,,30,80,0,,120,240,0,,120,240,0,,,,,,,,0,,,
205,Kri-I-42-Unguturu,DW,0,,30,80,857.1428571,,120,240,0,,120,240,3857.142857,,40,90,857.1428571,,120,240,3571.428571,,120,240,3857.142857,,40,90,,,,,3571.428571,,120,240
206,Kri-I-42-Unguturu,DW+PS/DCB,0,,30,80,0,,120,240,0,,120,240,5714.285714,,40,90,4285.714286,,120,240,7142.857143,,120,240,7142.857143,,40,90,,,,,7142.857143,,120,240
207,Kri-I-42-Unguturu,BWs,0,,30,80,10000,,120,240,1428.571429,,120,240,9285.714286,,40,90,5142.857143,,120,240,7142.857143,,120,240,14285.71429,,40,90,,,,,7142.857143,,120,240
208,Kri-I-42-Unguturu,STW,0,,30,80,0,,120,240,0,,120,240,22000,,40,90,5142.857143,,120,240,7142.857143,,120,240,22000,,40,90,,,,,7142.857143,,120,240
209,Kri-I-42-Unguturu,MTW,0,,30,80,0,,120,240,0,,120,240,45000,,40,90,10285.71429,,120,240,7142.857143,,120,240,45000,,40,90,,,,,7142.857143,,120,240
210,Kri-I-42-Unguturu,Deep TW,0,,30,80,0,,120,240,0,,120,240,64285.71429,,40,90,10285.71429,,120,240,14285.71429,,120,240,64285.71429,,40,90,,,,,14285.71429,,120,240
211,Kri-I-42-Unguturu,Filter Points,15000,,30,80,0,,120,240,0,,120,240,7857.142857,,40,90,5142.857143,,120,240,7142.857143,,120,240,7142.857143,,40,90,,,,,7142.857143,,120,240
212,Kri-I-42-Bapulapadu delta,DW,0,,40,90,1428.571429,,120,240,0,,120,240,3857.142857,,40,90,857.1428571,,120,240,3571.428571,,120,240,3857.142857,,40,90,,,,,3571.428571,,120,240
213,Kri-I-42-Bapulapadu delta,DW+PS/DCB,0,,40,90,0,,120,240,0,,120,240,5714.285714,,40,90,4285.714286,,120,240,7142.857143,,120,240,7142.857143,,40,90,,,,,7142.857143,,120,240
214,Kri-I-42-Bapulapadu delta,BWs,0,,40,90,15714.28571,,120,240,1428.571429,,120,240,9285.714286,,40,90,5142.857143,,120,240,7142.857143,,120,240,14285.71429,,40,90,,,,,7142.857143,,120,240
215,Kri-I-42-Bapulapadu delta,STW,0,,40,90,0,,120,240,0,,120,240,22000,,40,90,5142.857143,,120,240,7142.857143,,120,240,22000,,40,90,,,,,7142.857143,,120,240
216,Kri-I-42-Bapulapadu delta,MTW,0,,40,90,0,,120,240,0,,120,240,45000,,40,90,10285.71429,,120,240,7142.857143,,120,240,45000,,40,90,,,,,7142.857143,,120,240
217,Kri-I-42-Bapulapadu delta,Deep TW,0,,40,90,0,,120,240,0,,120,240,64285.71429,,40,90,10285.71429,,120,240,14285.71429,,120,240,64285.71429,,40,90,,,,,14285.71429,,120,240
218,Kri-I-42-Bapulapadu delta,Filter Points,15000,,30,90,0,,120,240,0,,120,240,7857.142857,,40,90,5142.857143,,120,240,7142.857143,,120,240,7142.857143,,40,90,,,,,7142.857143,,120,240
219,Kri-I-52-Penamaluru,DW,0,,20,80,1428.571429,,120,240,0,,120,240,3857.142857,,40,90,857.1428571,,120,240,3571.428571,,120,240,3857.142857,,40,90,,,,,3571.428571,,120,240
220,Kri-I-52-Penamaluru,DW+PS/DCB,0,,20,80,0,,120,240,0,,120,240,5714.285714,,40,90,4285.714286,,120,240,7142.857143,,120,240,7142.857143,,40,90,,,,,7142.857143,,120,240
221,Kri-I-52-Penamaluru,BWs,0,,20,80,17857.14286,,120,240,714.2857143,,120,240,9285.714286,,40,90,5142.857143,,120,240,7142.857143,,120,240,14285.71429,,40,90,,,,,7142.857143,,120,240
222,Kri-I-52-Penamaluru,STW,0,,20,80,0,,120,240,0,,120,240,22000,,40,90,5142.857143,,120,240,7142.857143,,120,240,22000,,40,90,,,,,7142.857143,,120,240
223,Kri-I-52-Penamaluru,MTW,0,,20,80,0,,120,240,0,,120,240,45000,,40,90,10285.71429,,120,240,7142.857143,,120,240,45000,,40,90,,,,,7142.857143,,120,240
224,Kri-I-52-Penamaluru,Deep TW,0,,20,80,0,,120,240,0,,120,240,64285.71429,,40,90,10285.71429,,120,240,14285.71429,,120,240,64285.71429,,40,90,,,,,14285.71429,,120,240
225,Kri-I-52-Penamaluru,Filter Points,15000,,20,80,0,,120,240,0,,120,240,7857.142857,,40,90,5142.857143,,120,240,7142.857143,,120,240,7142.857143,,40,90,,,,,7142.857143,,120,240
226,Kri-I-52-Kankipadu,DW,0,,20,80,857.1428571,,120,240,0,,120,240,3857.142857,,40,90,857.1428571,,120,240,3571.428571,,120,240,3857.142857,,40,90,,,,,3571.428571,,120,240
227,Kri-I-52-Kankipadu,DW+PS/DCB,0,,20,80,0,,120,240,0,,120,240,5714.285714,,40,90,4285.714286,,120,240,7142.857143,,120,240,7142.857143,,40,90,,,,,7142.857143,,120,240
228,Kri-I-52-Kankipadu,BWs,0,,20,80,14285.71429,,120,240,1428.571429,,120,240,9285.714286,,40,90,5142.857143,,120,240,7142.857143,,120,240,14285.71429,,40,90,,,,,7142.857143,,120,240
229,Kri-I-52-Kankipadu,STW,0,,20,80,0,,120,240,0,,120,240,22000,,40,90,5142.857143,,120,240,7142.857143,,120,240,22000,,40,90,,,,,7142.857143,,120,240
230,Kri-I-52-Kankipadu,MTW,0,,20,80,0,,120,240,0,,120,240,45000,,40,90,10285.71429,,120,240,7142.857143,,120,240,45000,,40,90,,,,,7142.857143,,120,240
231,Kri-I-52-Kankipadu,Deep TW,0,,20,80,0,,120,240,0,,120,240,64285.71429,,40,90,10285.71429,,120,240,14285.71429,,120,240,64285.71429,,40,90,,,,,14285.71429,,120,240
232,Kri-I-52-Kankipadu,Filter Points,15000,,20,80,0,,120,240,0,,120,240,7857.142857,,40,90,5142.857143,,120,240,7142.857143,,120,240,7142.857143,,40,90,,,,,7142.857143,,120,240
233,Kri-I-52-Vuyyuru,DW,0,,20,80,1142.857143,,120,240,0,,120,240,3857.142857,,40,90,857.1428571,,120,240,3571.428571,,120,240,3857.142857,,40,90,,,,,3571.428571,,120,240
234,Kri-I-52-Vuyyuru,DW+PS/DCB,0,,20,80,0,,120,240,0,,120,240,5714.285714,,40,90,4285.714286,,120,240,7142.857143,,120,240,7142.857143,,40,90,,,,,7142.857143,,120,240
235,Kri-I-52-Vuyyuru,BWs,0,,20,80,15714.28571,,120,240,1428.571429,,120,240,9285.714286,,40,90,5142.857143,,120,240,7142.857143,,120,240,14285.71429,,40,90,,,,,7142.857143,,120,240
236,Kri-I-52-Vuyyuru,STW,0,,20,80,0,,120,240,0,,120,240,22000,,40,90,5142.857143,,120,240,7142.857143,,120,240,22000,,40,90,,,,,7142.857143,,120,240
237,Kri-I-52-Vuyyuru,MTW,0,,20,80,0,,120,240,0,,120,240,45000,,40,90,10285.71429,,120,240,7142.857143,,120,240,45000,,40,90,,,,,7142.857143,,120,240
238,Kri-I-52-Vuyyuru,Deep TW,0,,20,80,0,,120,240,0,,120,240,64285.71429,,40,90,10285.71429,,120,240,14285.71429,,120,240,64285.71429,,40,90,,,,,14285.71429,,120,240
239,Kri-I-52-Vuyyuru,Filter Points,15000,,20,80,0,,120,240,0,,120,240,7857.142857,,40,90,5142.857143,,120,240,7142.857143,,120,240,7142.857143,,40,90,,,,,7142.857143,,120,240
240,Kri-I-52-Pedaparupudi,DW,0,,40,90,1142.857143,,120,240,0,,120,240,3857.142857,,40,90,857.1428571,,120,240,3571.428571,,120,240,3857.142857,,40,90,,,,,3571.428571,,120,240
241,Kri-I-52-Pedaparupudi,DW+PS/DCB,0,,40,90,0,,120,240,0,,120,240,5714.285714,,40,90,4285.714286,,120,240,7142.857143,,120,240,7142.857143,,40,90,,,,,7142.857143,,120,240
242,Kri-I-52-Pedaparupudi,BWs,0,,40,90,15000,,120,240,1428.571429,,120,240,9285.714286,,40,90,5142.857143,,120,240,7142.857143,,120,240,14285.71429,,40,90,,,,,7142.857143,,120,240
243,Kri-I-52-Pedaparupudi,STW,0,,40,90,0,,120,240,0,,120,240,22000,,40,90,5142.857143,,120,240,7142.857143,,120,240,22000,,40,90,,,,,7142.857143,,120,240
244,Kri-I-52-Pedaparupudi,MTW,0,,40,90,0,,120,240,0,,120,240,45000,,40,90,10285.71429,,120,240,7142.857143,,120,240,45000,,40,90,,,,,7142.857143,,120,240
245,Kri-I-52-Pedaparupudi,Deep TW,0,,40,90,0,,120,240,0,,120,240,64285.71429,,40,90,10285.71429,,120,240,14285.71429,,120,240,64285.71429,,40,90,,,,,14285.71429,,120,240
246,Kri-I-52-Pedaparupudi,Filter Points,15000,,20,80,0,,120,240,0,,120,240,7857.142857,,40,90,5142.857143,,120,240,7142.857143,,120,240,7142.857143,,40,90,,,,,7142.857143,,120,240
247,Kri-I-52-Gudivada,DW,0,,40,90,1428.571429,,120,240,0,,120,240,3857.142857,,40,90,857.1428571,,120,240,3571.428571,,120,240,3857.142857,,40,90,,,,,3571.428571,,120,240
248,Kri-I-52-Gudivada,DW+PS/DCB,0,,40,90,0,,120,240,0,,120,240,5714.285714,,40,90,4285.714286,,120,240,7142.857143,,120,240,7142.857143,,40,90,,,,,7142.857143,,120,240
249,Kri-I-52-Gudivada,BWs,0,,40,90,27142.85714,,120,240,714.2857143,,120,240,9285.714286,,40,90,5142.857143,,120,240,7142.857143,,120,240,14285.71429,,40,90,,,,,7142.857143,,120,240
250,Kri-I-52-Gudivada,STW,0,,40,90,0,,120,240,0,,120,240,22000,,40,90,5142.857143,,120,240,7142.857143,,120,240,22000,,40,90,,,,,7142.857143,,120,240
251,Kri-I-52-Gudivada,MTW,0,,40,90,0,,120,240,0,,120,240,45000,,40,90,10285.71429,,120,240,7142.857143,,120,240,45000,,40,90,,,,,7142.857143,,120,240
252,Kri-I-52-Gudivada,Deep TW,0,,40,90,0,,120,240,0,,120,240,64285.71429,,40,90,10285.71429,,120,240,14285.71429,,120,240,64285.71429,,40,90,,,,,14285.71429,,120,240
253,Kri-I-52-Gudivada,Filter Points,15000,,20,80,0,,120,240,0,,120,240,7857.142857,,40,90,5142.857143,,120,240,7142.857143,,120,240,7142.857143,,40,90,,,,,7142.857143,,120,240
254,Kri-I-52-Thotlavalluru,DW,0,,40,90,857.1428571,,120,240,0,,120,240,0,,40,90,857.1428571,,120,240,3571.428571,,120,240,3857.142857,,40,90,,,,,3571.428571,,120,240
255,Kri-I-52-Thotlavalluru,DW+PS/DCB,0,,40,90,0,,120,240,0,,120,240,0,,40,90,4285.714286,,120,240,7142.857143,,120,240,7142.857143,,40,90,,,,,7142.857143,,120,240
256,Kri-I-52-Thotlavalluru,BWs,0,,40,90,10000,,120,240,1428.571429,,120,240,0,,40,90,5142.857143,,120,240,7142.857143,,120,240,14285.71429,,40,90,,,,,7142.857143,,120,240
257,Kri-I-52-Thotlavalluru,STW,0,,40,90,0,,120,240,0,,120,240,0,,40,90,5142.857143,,120,240,7142.857143,,120,240,22000,,40,90,,,,,7142.857143,,120,240
258,Kri-I-52-Thotlavalluru,MTW,0,,40,90,0,,120,240,0,,120,240,0,,40,90,10285.71429,,120,240,7142.857143,,120,240,45000,,40,90,,,,,7142.857143,,120,240
259,Kri-I-52-Thotlavalluru,Deep TW,0,,40,90,0,,120,240,0,,120,240,0,,40,90,10285.71429,,120,240,14285.71429,,120,240,64285.71429,,40,90,,,,,14285.71429,,120,240
260,Kri-I-52-Thotlavalluru,Filter Points,15000,,20,80,0,,120,240,0,,120,240,15000,,40,90,5142.857143,,120,240,7142.857143,,120,240,7142.857143,,40,90,,,,,7142.857143,,120,240
261,Kri-I-52-Pamidimukkala,DW,0,,40,90,857.1428571,,120,240,0,,120,240,3857.142857,,40,90,857.1428571,,120,240,3571.428571,,120,240,3857.142857,,40,90,,,,,3571.428571,,120,240
262,Kri-I-52-Pamidimukkala,DW+PS/DCB,0,,40,90,0,,120,240,0,,120,240,5714.285714,,40,90,4285.714286,,120,240,7142.857143,,120,240,7142.857143,,40,90,,,,,7142.857143,,120,240
263,Kri-I-52-Pamidimukkala,BWs,0,,40,90,7142.857143,,120,240,1428.571429,,120,240,9285.714286,,40,90,5142.857143,,120,240,7142.857143,,120,240,14285.71429,,40,90,,,,,7142.857143,,120,240
264,Kri-I-52-Pamidimukkala,STW,0,,40,90,0,,120,240,0,,120,240,22000,,40,90,5142.857143,,120,240,7142.857143,,120,240,22000,,40,90,,,,,7142.857143,,120,240
265,Kri-I-52-Pamidimukkala,MTW,0,,40,90,0,,120,240,0,,120,240,45000,,40,90,10285.71429,,120,240,7142.857143,,120,240,45000,,40,90,,,,,7142.857143,,120,240
266,Kri-I-52-Pamidimukkala,Deep TW,0,,40,90,0,,120,240,0,,120,240,64285.71429,,40,90,10285.71429,,120,240,14285.71429,,120,240,64285.71429,,40,90,,,,,14285.71429,,120,240
267,Kri-I-52-Pamidimukkala,Filter Points,15000,,30,80,0,,120,240,0,,120,240,7857.142857,,40,90,5142.857143,,120,240,7142.857143,,120,240,7142.857143,,40,90,,,,,7142.857143,,120,240
268,Kri-I-52-Pamarru,DW,0,,40,90,857.1428571,,120,240,0,,120,240,3857.142857,,40,90,857.1428571,,120,240,3571.428571,,120,240,3857.142857,,40,90,,,,,3571.428571,,120,240
269,Kri-I-52-Pamarru,DW+PS/DCB,0,,40,90,0,,120,240,0,,120,240,5714.285714,,40,90,4285.714286,,120,240,7142.857143,,120,240,7142.857143,,40,90,,,,,7142.857143,,120,240
270,Kri-I-52-Pamarru,BWs,0,,40,90,7142.857143,,120,240,1428.571429,,120,240,9285.714286,,40,90,5142.857143,,120,240,7142.857143,,120,240,14285.71429,,40,90,,,,,7142.857143,,120,240
271,Kri-I-52-Pamarru,STW,0,,40,90,0,,120,240,0,,120,240,22000,,40,90,5142.857143,,120,240,7142.857143,,120,240,22000,,40,90,,,,,7142.857143,,120,240
272,Kri-I-52-Pamarru,MTW,0,,40,90,0,,120,240,0,,120,240,45000,,40,90,10285.71429,,120,240,7142.857143,,120,240,45000,,40,90,,,,,7142.857143,,120,240
273,Kri-I-52-Pamarru,Deep TW,0,,40,90,0,,120,240,0,,120,240,64285.71429,,40,90,10285.71429,,120,240,14285.71429,,120,240,64285.71429,,40,90,,,,,14285.71429,,120,240
274,Kri-I-52-Pamarru,Filter Points,15000,,20,50,0,,120,240,0,,120,240,7857.142857,,40,90,5142.857143,,120,240,7142.857143,,120,240,7142.857143,,40,90,,,,,7142.857143,,120,240
275,Kri-I-52-Movva,DW,0,,40,90,1142.857143,,120,240,0,,120,240,3857.142857,,40,90,857.1428571,,120,240,3571.428571,,120,240,3857.142857,,40,90,,,,,3571.428571,,120,240
276,Kri-I-52-Movva,DW+PS/DCB,0,,40,90,0,,120,240,0,,120,240,5714.285714,,40,90,4285.714286,,120,240,7142.857143,,120,240,7142.857143,,40,90,,,,,7142.857143,,120,240
277,Kri-I-52-Movva,BWs,0,,40,90,25714.28571,,120,240,1428.571429,,120,240,9285.714286,,40,90,5142.857143,,120,240,7142.857143,,120,240,14285.71429,,40,90,,,,,7142.857143,,120,240
278,Kri-I-52-Movva,STW,0,,40,90,0,,120,240,0,,120,240,22000,,40,90,5142.857143,,120,240,7142.857143,,120,240,22000,,40,90,,,,,7142.857143,,120,240
279,Kri-I-52-Movva,MTW,0,,40,90,0,,120,240,0,,120,240,45000,,40,90,10285.71429,,120,240,7142.857143,,120,240,45000,,40,90,,,,,7142.857143,,120,240
280,Kri-I-52-Movva,Deep TW,0,,40,90,0,,120,240,0,,120,240,64285.71429,,40,90,10285.71429,,120,240,14285.71429,,120,240,64285.71429,,40,90,,,,,14285.71429,,120,240
281,Kri-I-52-Movva,Filter Points,15000,,20,80,0,,120,240,0,,120,240,7857.142857,,40,90,5142.857143,,120,240,7142.857143,,120,240,7142.857143,,40,90,,,,,7142.857143,,120,240
282,Kri-I-52-Ghantasala,DW,0,,40,90,1428.571429,,120,240,0,,120,240,3857.142857,,40,90,857.1428571,,120,240,3571.428571,,120,240,3857.142857,,40,90,,,,,3571.428571,,120,240
283,Kri-I-52-Ghantasala,DW+PS/DCB,0,,40,90,0,,120,240,0,,120,240,5714.285714,,40,90,4285.714286,,120,240,7142.857143,,120,240,7142.857143,,40,90,,,,,7142.857143,,120,240
284,Kri-I-52-Ghantasala,BWs,0,,40,90,11428.57143,,120,240,1428.571429,,120,240,9285.714286,,40,90,5142.857143,,120,240,7142.857143,,120,240,14285.71429,,40,90,,,,,7142.857143,,120,240
285,Kri-I-52-Ghantasala,STW,0,,40,90,0,,120,240,0,,120,240,22000,,40,90,5142.857143,,120,240,7142.857143,,120,240,22000,,40,90,,,,,7142.857143,,120,240
286,Kri-I-52-Ghantasala,MTW,0,,40,90,0,,120,240,0,,120,240,45000,,40,90,10285.71429,,120,240,7142.857143,,120,240,45000,,40,90,,,,,7142.857143,,120,240
287,Kri-I-52-Ghantasala,Deep TW,0,,40,90,0,,120,240,0,,120,240,64285.71429,,40,90,10285.71429,,120,240,14285.71429,,120,240,64285.71429,,40,90,,,,,14285.71429,,120,240
288,Kri-I-52-Ghantasala,Filter Points,15000,,2,80,0,,120,240,0,,120,240,7857.142857,,40,90,5142.857143,,120,240,7142.857143,,120,240,7142.857143,,40,90,,,,,7142.857143,,120,240
289,Kri-I-52-Challapalli,DW,0,,40,90,857.1428571,,120,240,0,,120,240,3857.142857,,40,90,857.1428571,,120,240,3571.428571,,120,240,3857.142857,,40,90,,,,,3571.428571,,120,240
290,Kri-I-52-Challapalli,DW+PS/DCB,0,,40,90,0,,120,240,0,,120,240,5714.285714,,40,90,4285.714286,,120,240,7142.857143,,120,240,7142.857143,,40,90,,,,,7142.857143,,120,240
291,Kri-I-52-Challapalli,BWs,0,,40,90,9285.714286,,120,240,1428.571429,,120,240,9285.714286,,40,90,5142.857143,,120,240,7142.857143,,120,240,14285.71429,,40,90,,,,,7142.857143,,120,240
292,Kri-I-52-Challapalli,STW,0,,40,90,0,,120,240,0,,120,240,22000,,40,90,5142.857143,,120,240,7142.857143,,120,240,22000,,40,90,,,,,7142.857143,,120,240
293,Kri-I-52-Challapalli,MTW,0,,40,90,0,,120,240,0,,120,240,45000,,40,90,10285.71429,,120,240,7142.857143,,120,240,45000,,40,90,,,,,7142.857143,,120,240
294,Kri-I-52-Challapalli,Deep TW,0,,40,90,0,,120,240,0,,120,240,64285.71429,,40,90,10285.71429,,120,240,14285.71429,,120,240,64285.71429,,40,90,,,,,14285.71429,,120,240
295,Kri-I-52-Challapalli,Filter Points,15000,,20,80,0,,120,240,0,,120,240,7857.142857,,40,90,5142.857143,,120,240,7142.857143,,120,240,7142.857143,,40,90,,,,,7142.857143,,120,240
296,Kri-I-52-Mopidevi,DW,0,,40,90,714.2857143,,120,240,0,,120,240,3857.142857,,40,90,857.1428571,,120,240,3571.428571,,120,240,3857.142857,,40,90,,,,,3571.428571,,120,240
297,Kri-I-52-Mopidevi,DW+PS/DCB,0,,40,90,0,,120,240,0,,120,240,5714.285714,,40,90,4285.714286,,120,240,7142.857143,,120,240,7142.857143,,40,90,,,,,7142.857143,,120,240
298,Kri-I-52-Mopidevi,BWs,0,,40,90,5714.285714,,120,240,1428.571429,,120,240,9285.714286,,40,90,5142.857143,,120,240,7142.857143,,120,240,14285.71429,,40,90,,,,,7142.857143,,120,240
299,Kri-I-52-Mopidevi,STW,0,,40,90,0,,120,240,0,,120,240,22000,,40,90,5142.857143,,120,240,7142.857143,,120,240,22000,,40,90,,,,,7142.857143,,120,240
300,Kri-I-52-Mopidevi,MTW,0,,40,90,0,,120,240,0,,120,240,45000,,40,90,10285.71429,,120,240,7142.857143,,120,240,45000,,40,90,,,,,7142.857143,,120,240
301,Kri-I-52-Mopidevi,Deep TW,0,,40,90,0,,120,240,0,,120,240,64285.71429,,40,90,10285.71429,,120,240,14285.71429,,120,240,64285.71429,,40,90,,,,,14285.71429,,120,240
302,Kri-I-52-Mopidevi,Filter Points,15000,,20,80,0,,120,240,0,,120,240,7857.142857,,40,90,5142.857143,,120,240,7142.857143,,120,240,7142.857143,,40,90,,,,,7142.857143,,120,240
303,Avanigadda,DW,0,,40,90,857.1428571,,120,240,0,,120,240,3857.142857,,40,90,857.1428571,,120,240,3571.428571,,120,240,3857.142857,,40,90,,,,,3571.428571,,120,240
304,Avanigadda,DW+PS/DCB,0,,40,90,0,,120,240,0,,120,240,5714.285714,,40,90,4285.714286,,120,240,7142.857143,,120,240,7142.857143,,40,90,,,,,7142.857143,,120,240
305,Avanigadda,BWs,0,,40,90,11000,,120,240,1428.571429,,120,240,9285.714286,,40,90,5142.857143,,120,240,7142.857143,,120,240,14285.71429,,40,90,,,,,7142.857143,,120,240
306,Avanigadda,STW,0,,40,90,0,,120,240,0,,120,240,22000,,40,90,5142.857143,,120,240,7142.857143,,120,240,22000,,40,90,,,,,7142.857143,,120,240
307,Avanigadda,MTW,0,,40,90,0,,120,240,0,,120,240,45000,,40,90,10285.71429,,120,240,7142.857143,,120,240,45000,,40,90,,,,,7142.857143,,120,240
308,Avanigadda,Deep TW,0,,40,90,0,,120,240,0,,120,240,64285.71429,,40,90,10285.71429,,120,240,14285.71429,,120,240,64285.71429,,40,90,,,,,14285.71429,,120,240
309,Avanigadda,Filter Points,15000,,20,80,0,,120,240,0,,120,240,7857.142857,,40,90,5142.857143,,120,240,7142.857143,,120,240,7142.857143,,40,90,,,,,7142.857143,,120,240
310,Kri-I-52-Nandiwada,DW,0,,40,90,857.1428571,,120,240,0,,120,240,3857.142857,,40,90,857.1428571,,120,240,3571.428571,,120,240,3857.142857,,40,90,,,,,3571.428571,,120,240
311,Kri-I-52-Nandiwada,DW+PS/DCB,0,,40,90,0,,120,240,0,,120,240,5714.285714,,40,90,4285.714286,,120,240,7142.857143,,120,240,7142.857143,,40,90,,,,,7142.857143,,120,240
312,Kri-I-52-Nandiwada,BWs,0,,40,90,10000,,120,240,1428.571429,,120,240,9285.714286,,40,90,5142.857143,,120,240,7142.857143,,120,240,14285.71429,,40,90,,,,,7142.857143,,120,240
313,Kri-I-52-Nandiwada,STW,0,,40,90,0,,120,240,0,,120,240,22000,,40,90,5142.857143,,120,240,7142.857143,,120,240,22000,,40,90,,,,,7142.857143,,120,240
314,Kri-I-52-Nandiwada,MTW,0,,40,90,0,,120,240,0,,120,240,45000,,40,90,10285.71429,,120,240,7142.857143,,120,240,45000,,40,90,,,,,7142.857143,,120,240
315,Kri-I-52-Nandiwada,Deep TW,0,,40,90,0,,120,240,0,,120,240,64285.71429,,40,90,10285.71429,,120,240,14285.71429,,120,240,64285.71429,,40,90,,,,,14285.71429,,120,240
316,Kri-I-52-Nandiwada,Filter Points,0,,20,80,0,,120,240,0,,120,240,7857.142857,,40,90,5142.857143,,120,240,7142.857143,,120,240,7142.857143,,40,90,,,,,7142.857143,,120,240
317,Kri-I-52-Mandavalli,DW,0,,40,90,857.1428571,,120,240,0,,120,240,3857.142857,,40,90,857.1428571,,120,240,3571.428571,,120,240,3857.142857,,40,90,,,,,3571.428571,,120,240
318,Kri-I-52-Mandavalli,DW+PS/DCB,0,,40,90,0,,120,240,0,,120,240,5714.285714,,40,90,4285.714286,,120,240,7142.857143,,120,240,7142.857143,,40,90,,,,,7142.857143,,120,240
319,Kri-I-52-Mandavalli,BWs,0,,40,90,5142.857143,,120,240,1428.571429,,120,240,9285.714286,,40,90,5142.857143,,120,240,7142.857143,,120,240,14285.71429,,40,90,,,,,7142.857143,,120,240
320,Kri-I-52-Mandavalli,STW,0,,40,90,0,,120,240,0,,120,240,22000,,40,90,5142.857143,,120,240,7142.857143,,120,240,22000,,40,90,,,,,7142.857143,,120,240
321,Kri-I-52-Mandavalli,MTW,0,,40,90,0,,120,240,0,,120,240,45000,,40,90,10285.71429,,120,240,7142.857143,,120,240,45000,,40,90,,,,,7142.857143,,120,240
322,Kri-I-52-Mandavalli,Deep TW,0,,40,90,0,,120,240,0,,120,240,64285.71429,,40,90,10285.71429,,120,240,14285.71429,,120,240,64285.71429,,40,90,,,,,14285.71429,,120,240
323,Kri-I-52-Mandavalli,Filter Points,0,,20,80,0,,120,240,0,,120,240,7857.142857,,40,90,5142.857143,,120,240,7142.857143,,120,240,7142.857143,,40,90,,,,,7142.857143,,120,240
324,Kri-I-52-Kaikaluru,DW,0,,40,90,571.4285714,,120,240,0,,120,240,3857.142857,,40,90,857.1428571,,120,240,3571.428571,,120,240,3857.142857,,40,90,,,,,3571.428571,,120,240
325,Kri-I-52-Kaikaluru,DW+PS/DCB,0,,40,90,0,,120,240,0,,120,240,5714.285714,,40,90,4285.714286,,120,240,7142.857143,,120,240,7142.857143,,40,90,,,,,7142.857143,,120,240
326,Kri-I-52-Kaikaluru,BWs,0,,40,90,3571.428571,,120,240,1428.571429,,120,240,9285.714286,,40,90,5142.857143,,120,240,7142.857143,,120,240,14285.71429,,40,90,,,,,7142.857143,,120,240
327,Kri-I-52-Kaikaluru,STW,0,,40,90,0,,120,240,0,,120,240,22000,,40,90,5142.857143,,120,240,7142.857143,,120,240,22000,,40,90,,,,,7142.857143,,120,240
328,Kri-I-52-Kaikaluru,MTW,0,,40,90,0,,120,240,0,,120,240,45000,,40,90,10285.71429,,120,240,7142.857143,,120,240,45000,,40,90,,,,,7142.857143,,120,240
329,Kri-I-52-Kaikaluru,Deep TW,0,,40,90,0,,120,240,0,,120,240,64285.71429,,40,90,10285.71429,,120,240,14285.71429,,120,240,64285.71429,,40,90,,,,,14285.71429,,120,240
330,Kri-I-52-Kaikaluru,Filter Points,15000,,20,80,0,,120,240,0,,120,240,7857.142857,,40,90,5142.857143,,120,240,7142.857143,,120,240,7142.857143,,40,90,,,,,7142.857143,,120,240
331,Kri-I-52-Kalidindi,DW,0,,40,90,857.1428571,,120,240,0,,120,240,3857.142857,,40,90,857.1428571,,120,240,3571.428571,,120,240,3857.142857,,40,90,,,,,3571.428571,,120,240
332,Kri-I-52-Kalidindi,DW+PS/DCB,0,,40,90,0,,120,240,0,,120,240,5714.285714,,40,90,4285.714286,,120,240,7142.857143,,120,240,7142.857143,,40,90,,,,,7142.857143,,120,240
333,Kri-I-52-Kalidindi,BWs,0,,40,90,5142.857143,,120,240,1428.571429,,120,240,9285.714286,,40,90,5142.857143,,120,240,7142.857143,,120,240,14285.71429,,40,90,,,,,7142.857143,,120,240
334,Kri-I-52-Kalidindi,STW,0,,40,90,0,,120,240,0,,120,240,22000,,40,90,5142.857143,,120,240,7142.857143,,120,240,22000,,40,90,,,,,7142.857143,,120,240
335,Kri-I-52-Kalidindi,MTW,0,,40,90,0,,120,240,0,,120,240,45000,,40,90,10285.71429,,120,240,7142.857143,,120,240,45000,,40,90,,,,,7142.857143,,120,240
336,Kri-I-52-Kalidindi,Deep TW,0,,40,90,0,,120,240,0,,120,240,64285.71429,,40,90,10285.71429,,120,240,14285.71429,,120,240,64285.71429,,40,90,,,,,14285.71429,,120,240
337,Kri-I-52-Kalidindi,Filter Points,15000,,30,90,0,,120,240,0,,120,240,7857.142857,,40,90,5142.857143,,120,240,7142.857143,,120,240,7142.857143,,40,90,,,,,7142.857143,,120,240
338,Kri-I-52-Kruthivennu,DW,0,,40,90,857.1428571,,120,240,0,,120,240,3857.142857,,40,90,857.1428571,,120,240,3571.428571,,120,240,3857.142857,,40,90,,,,,3571.428571,,120,240
339,Kri-I-52-Kruthivennu,DW+PS/DCB,0,,40,90,0,,120,240,0,,120,240,5714.285714,,40,90,4285.714286,,120,240,7142.857143,,120,240,7142.857143,,40,90,,,,,7142.857143,,120,240
340,Kri-I-52-Kruthivennu,BWs,0,,40,90,4285.714286,,120,240,1428.571429,,120,240,9285.714286,,40,90,5142.857143,,120,240,7142.857143,,120,240,14285.71429,,40,90,,,,,7142.857143,,120,240
341,Kri-I-52-Kruthivennu,STW,0,,40,90,0,,120,240,0,,120,240,22000,,40,90,5142.857143,,120,240,7142.857143,,120,240,22000,,40,90,,,,,7142.857143,,120,240
342,Kri-I-52-Kruthivennu,MTW,0,,40,90,0,,120,240,0,,120,240,45000,,40,90,10285.71429,,120,240,7142.857143,,120,240,45000,,40,90,,,,,7142.857143,,120,240
343,Kri-I-52-Kruthivennu,Deep TW,0,,40,90,0,,120,240,0,,120,240,64285.71429,,40,90,10285.71429,,120,240,14285.71429,,120,240,64285.71429,,40,90,,,,,14285.71429,,120,240
344,Kri-I-52-Kruthivennu,Filter Points,15000,,30,90,0,,120,240,0,,120,240,7857.142857,,40,90,5142.857143,,120,240,7142.857143,,120,240,7142.857143,,40,90,,,,,7142.857143,,120,240
345,Kri-I-52-Bantumilli,DW,0,,40,90,571.4285714,,120,240,0,,120,240,3857.142857,,40,90,857.1428571,,120,240,3571.428571,,120,240,3857.142857,,40,90,,,,,3571.428571,,120,240
346,Kri-I-52-Bantumilli,DW+PS/DCB,0,,40,90,0,,120,240,0,,120,240,5714.285714,,40,90,4285.714286,,120,240,7142.857143,,120,240,7142.857143,,40,90,,,,,7142.857143,,120,240
347,Kri-I-52-Bantumilli,BWs,0,,40,90,3571.428571,,120,240,1428.571429,,120,240,9285.714286,,40,90,5142.857143,,120,240,7142.857143,,120,240,14285.71429,,40,90,,,,,7142.857143,,120,240
348,Kri-I-52-Bantumilli,STW,0,,40,90,0,,120,240,0,,120,240,22000,,40,90,5142.857143,,120,240,7142.857143,,120,240,22000,,40,90,,,,,7142.857143,,120,240
349,Kri-I-52-Bantumilli,MTW,0,,40,90,0,,120,240,0,,120,240,45000,,40,90,10285.71429,,120,240,7142.857143,,120,240,45000,,40,90,,,,,7142.857143,,120,240
350,Kri-I-52-Bantumilli,Deep TW,0,,40,90,0,,120,240,0,,120,240,64285.71429,,40,90,10285.71429,,120,240,14285.71429,,120,240,64285.71429,,40,90,,,,,14285.71429,,120,240
351,Kri-I-52-Bantumilli,Filter Points,15000,,30,90,0,,120,240,0,,120,240,7857.142857,,40,90,5142.857143,,120,240,7142.857143,,120,240,7142.857143,,40,90,,,,,7142.857143,,120,240
352,Kri-I-52-Mudinepalli,DW,0,,40,90,857.1428571,,120,240,0,,120,240,3857.142857,,40,90,4285.714286,,120,240,3571.428571,,120,240,3857.142857,,40,90,,,,,3571.428571,,120,240
353,Kri-I-52-Mudinepalli,DW+PS/DCB,0,,40,90,0,,120,240,0,,120,240,5714.285714,,40,90,5142.857143,,120,240,7142.857143,,120,240,7142.857143,,40,90,,,,,7142.857143,,120,240
354,Kri-I-52-Mudinepalli,BWs,0,,40,90,4285.714286,,120,240,1428.571429,,120,240,9285.714286,,40,90,5142.857143,,120,240,7142.857143,,120,240,14285.71429,,40,90,,,,,7142.857143,,120,240
355,Kri-I-52-Mudinepalli,STW,0,,40,90,0,,120,240,0,,120,240,22000,,40,90,10285.71429,,120,240,7142.857143,,120,240,22000,,40,90,,,,,7142.857143,,120,240
356,Kri-I-52-Mudinepalli,MTW,0,,40,90,0,,120,240,0,,120,240,45000,,40,90,10285.71429,,120,240,7142.857143,,120,240,45000,,40,90,,,,,7142.857143,,120,240
357,Kri-I-52-Mudinepalli,Deep TW,0,,40,90,0,,120,240,0,,120,240,64285.71429,,40,90,5142.857143,,120,240,14285.71429,,120,240,64285.71429,,40,90,,,,,14285.71429,,120,240
358,Kri-I-52-Mudinepalli,Filter Points,15000,,0,0,0,,120,240,0,,120,240,7857.142857,,40,90,0,,,,7142.857143,,120,240,7142.857143,,40,90,,,,,7142.857143,,120,240
359,Kri-I-52-Gudlavalleru,DW,0,,40,90,857.1428571,,120,240,0,,120,240,3857.142857,,40,90,857.1428571,,120,240,3571.428571,,120,240,3857.142857,,40,90,,,,,3571.428571,,120,240
360,Kri-I-52-Gudlavalleru,DW+PS/DCB,0,,40,90,0,,120,240,0,,120,240,5714.285714,,40,90,4285.714286,,120,240,7142.857143,,120,240,7142.857143,,40,90,,,,,7142.857143,,120,240
361,Kri-I-52-Gudlavalleru,BWs,0,,40,90,3571.428571,,120,240,1428.571429,,120,240,9285.714286,,40,90,5142.857143,,120,240,7142.857143,,120,240,14285.71429,,40,90,,,,,7142.857143,,120,240
362,Kri-I-52-Gudlavalleru,STW,0,,40,90,0,,120,240,0,,120,240,22000,,40,90,5142.857143,,120,240,7142.857143,,120,240,22000,,40,90,,,,,7142.857143,,120,240
363,Kri-I-52-Gudlavalleru,MTW,0,,40,90,0,,120,240,0,,120,240,45000,,40,90,10285.71429,,120,240,7142.857143,,120,240,45000,,40,90,,,,,7142.857143,,120,240
364,Kri-I-52-Gudlavalleru,Deep TW,0,,40,90,0,,120,240,0,,120,240,64285.71429,,40,90,10285.71429,,120,240,14285.71429,,120,240,64285.71429,,40,90,,,,,14285.71429,,120,240
365,Kri-I-52-Gudlavalleru,Filter Points,15000,,30,90,0,,120,240,0,,120,240,7857.142857,,40,90,5142.857143,,120,240,7142.857143,,120,240,7142.857143,,40,90,,,,,7142.857143,,120,240
366,Kri-I-52-Pedana,DW,0,,40,90,857.1428571,,120,240,0,,120,240,3857.142857,,40,90,857.1428571,,120,240,3571.428571,,120,240,3857.142857,,40,90,,,,,3571.428571,,120,240
367,Kri-I-52-Pedana,DW+PS/DCB,0,,40,90,0,,120,240,0,,120,240,5714.285714,,40,90,4285.714286,,120,240,7142.857143,,120,240,7142.857143,,40,90,,,,,7142.857143,,120,240
368,Kri-I-52-Pedana,BWs,0,,40,90,4285.714286,,120,240,1428.571429,,120,240,9285.714286,,40,90,5142.857143,,120,240,7142.857143,,120,240,14285.71429,,40,90,,,,,7142.857143,,120,240
369,Kri-I-52-Pedana,STW,0,,40,90,0,,120,240,0,,120,240,22000,,40,90,5142.857143,,120,240,7142.857143,,120,240,22000,,40,90,,,,,7142.857143,,120,240
370,Kri-I-52-Pedana,MTW,0,,40,90,0,,120,240,0,,120,240,45000,,40,90,10285.71429,,120,240,7142.857143,,120,240,45000,,40,90,,,,,7142.857143,,120,240
371,Kri-I-52-Pedana,Deep TW,0,,40,90,0,,120,240,0,,120,240,64285.71429,,40,90,10285.71429,,120,240,14285.71429,,120,240,64285.71429,,40,90,,,,,14285.71429,,120,240
372,Kri-I-52-Pedana,Filter Points,15000,,20,80,0,,120,240,0,,120,240,7857.142857,,40,90,5142.857143,,120,240,7142.857143,,120,240,7142.857143,,40,90,,,,,7142.857143,,120,240
373,Kri-I-52-Guduru,DW,0,,40,90,285.7142857,,120,240,0,,120,240,3857.142857,,40,90,857.1428571,,120,240,3571.428571,,120,240,3857.142857,,40,90,,,,,3571.428571,,120,240
374,Kri-I-52-Guduru,DW+PS/DCB,0,,40,90,0,,120,240,0,,120,240,5714.285714,,40,90,4285.714286,,120,240,7142.857143,,120,240,7142.857143,,40,90,,,,,7142.857143,,120,240
375,Kri-I-52-Guduru,BWs,0,,40,90,2142.857143,,120,240,1428.571429,,120,240,9285.714286,,40,90,5142.857143,,120,240,7142.857143,,120,240,14285.71429,,40,90,,,,,7142.857143,,120,240
376,Kri-I-52-Guduru,STW,0,,40,90,0,,120,240,0,,120,240,22000,,40,90,5142.857143,,120,240,7142.857143,,120,240,22000,,40,90,,,,,7142.857143,,120,240
377,Kri-I-52-Guduru,MTW,0,,40,90,0,,120,240,0,,120,240,45000,,40,90,10285.71429,,120,240,7142.857143,,120,240,45000,,40,90,,,,,7142.857143,,120,240
378,Kri-I-52-Guduru,Deep TW,0,,40,90,0,,120,240,0,,120,240,64285.71429,,40,90,10285.71429,,120,240,14285.71429,,120,240,64285.71429,,40,90,,,,,14285.71429,,120,240
379,Kri-I-52-Guduru,Filter Points,15000,,0,80,0,,120,240,0,,120,240,7857.142857,,40,90,5142.857143,,120,240,7142.857143,,120,240,7142.857143,,40,90,,,,,7142.857143,,120,240
380,Kri-I-52-Machilipatnam,DW,0,,40,90,571.4285714,,120,240,0,,120,240,3857.142857,,40,90,857.1428571,,120,240,3571.428571,,120,240,3857.142857,,40,90,,,,,3571.428571,,120,240
381,Kri-I-52-Machilipatnam,DW+PS/DCB,0,,40,90,0,,120,240,0,,120,240,5714.285714,,40,90,4285.714286,,120,240,7142.857143,,120,240,7142.857143,,40,90,,,,,7142.857143,,120,240
382,Kri-I-52-Machilipatnam,BWs,0,,40,90,12142.85714,,120,240,714.2857143,,120,240,9285.714286,,40,90,5142.857143,,120,240,7142.857143,,120,240,14285.71429,,40,90,,,,,7142.857143,,120,240
383,Kri-I-52-Machilipatnam,STW,0,,40,90,0,,120,240,0,,120,240,22000,,40,90,5142.857143,,120,240,7142.857143,,120,240,22000,,40,90,,,,,7142.857143,,120,240
384,Kri-I-52-Machilipatnam,MTW,0,,40,90,0,,120,240,0,,120,240,45000,,40,90,10285.71429,,120,240,7142.857143,,120,240,45000,,40,90,,,,,7142.857143,,120,240
385,Kri-I-52-Machilipatnam,Deep TW,0,,40,90,0,,120,240,0,,120,240,64285.71429,,40,90,10285.71429,,120,240,14285.71429,,120,240,64285.71429,,40,90,,,,,14285.71429,,120,240
386,Kri-I-52-Machilipatnam,Filter Points,15000,,20,0,0,,120,240,0,,120,240,7857.142857,,40,90,5142.857143,,120,240,7142.857143,,120,240,7142.857143,,40,90,,,,,7142.857143,,120,240
387,Kri-I-52-Koduru,DW,0,,40,90,571.4285714,,120,240,0,,120,240,3857.142857,,40,90,857.1428571,,120,240,3571.428571,,120,240,3857.142857,,40,90,,,,,3571.428571,,120,240
388,Kri-I-52-Koduru,DW+PS/DCB,0,,40,90,0,,120,240,0,,120,240,5714.285714,,40,90,4285.714286,,120,240,7142.857143,,120,240,7142.857143,,40,90,,,,,7142.857143,,120,240
389,Kri-I-52-Koduru,BWs,0,,40,90,2142.857143,,120,240,1428.571429,,120,240,9285.714286,,40,90,5142.857143,,120,240,7142.857143,,120,240,14285.71429,,40,90,,,,,7142.857143,,120,240
390,Kri-I-52-Koduru,STW,0,,40,90,0,,120,240,0,,120,240,22000,,40,90,5142.857143,,120,240,7142.857143,,120,240,22000,,40,90,,,,,7142.857143,,120,240
391,Kri-I-52-Koduru,MTW,0,,40,90,0,,120,240,0,,120,240,45000,,40,90,10285.71429,,120,240,7142.857143,,120,240,45000,,40,90,,,,,7142.857143,,120,240
392,Kri-I-52-Koduru,Deep TW,0,,40,90,0,,120,240,0,,120,240,64285.71429,,40,90,10285.71429,,120,240,14285.71429,,120,240,64285.71429,,40,90,,,,,14285.71429,,120,240
393,Kri-I-52-Koduru,Filter Points,15000,,30,90,0,,120,240,0,,120,240,7857.142857,,40,90,5142.857143,,120,240,7142.857143,,120,240,7142.857143,,40,90,,,,,7142.857143,,120,240
394,Kri-I-52-Nagayalanka,DW,0,,40,90,571.4285714,,120,240,0,,120,240,3857.142857,,40,90,857.1428571,,120,240,3571.428571,,120,240,3857.142857,,40,90,,,,,3571.428571,,120,240
395,Kri-I-52-Nagayalanka,DW+PS/DCB,0,,40,90,0,,120,240,0,,120,240,5714.285714,,40,90,4285.714286,,120,240,7142.857143,,120,240,7142.857143,,40,90,,,,,7142.857143,,120,240
396,Kri-I-52-Nagayalanka,BWs,0,,40,90,2142.857143,,120,240,1428.571429,,120,240,9285.714286,,40,90,5142.857143,,120,240,7142.857143,,120,240,14285.71429,,40,90,,,,,7142.857143,,120,240
397,Kri-I-52-Nagayalanka,STW,0,,40,90,0,,120,240,0,,120,240,22000,,40,90,5142.857143,,120,240,7142.857143,,120,240,22000,,40,90,,,,,7142.857143,,120,240
398,Kri-I-52-Nagayalanka,MTW,0,,40,90,0,,120,240,0,,120,240,45000,,40,90,10285.71429,,120,240,7142.857143,,120,240,45000,,40,90,,,,,7142.857143,,120,240
399,Kri-I-52-Nagayalanka,Deep TW,0,,40,90,0,,120,240,0,,120,240,64285.71429,,40,90,10285.71429,,120,240,14285.71429,,120,240,64285.71429,,40,90,,,,,14285.71429,,120,240
400,Kri-I-52-Nagayalanka,Filter Points,15000,,0,80,0,,120,240,0,,120,240,7857.142857,,40,90,5142.857143,,120,240,7142.857143,,120,240,7142.857143,,40,90,,,,,7142.857143,,120,240
401,Kri-D-49-Jayanthi,DW,0,,40,90,571.4285714,,120,240,0,,120,240,3857.142857,,40,90,857.1428571,,120,240,3571.428571,,120,240,3857.142857,,40,90,,,,,3571.428571,,120,240
402,Kri-D-49-Jayanthi,DW+PS/DCB,0,,40,90,0,,120,240,0,,120,240,5714.285714,,40,90,4285.714286,,120,240,7142.857143,,120,240,7142.857143,,40,90,,,,,7142.857143,,120,240
403,Kri-D-49-Jayanthi,BWs,0,,40,90,2142.857143,,120,240,1428.571429,,120,240,9285.714286,,40,90,5142.857143,,120,240,7142.857143,,120,240,14285.71429,,40,90,,,,,7142.857143,,120,240
404,Kri-D-49-Jayanthi,STW,0,,40,90,0,,120,240,,,120,240,22000,,40,90,5142.857143,,120,240,7142.857143,,120,240,22000,,40,90,,,,,7142.857143,,120,240
405,Kri-D-49-Jayanthi,MTW,0,,40,90,0,,120,240,,,120,240,45000,,40,90,10285.71429,,120,240,7142.857143,,120,240,45000,,40,90,,,,,7142.857143,,120,240
406,Kri-D-49-Jayanthi,Deep TW,0,,40,90,0,,120,240,,,120,240,64285.71429,,40,90,10285.71429,,120,240,14285.71429,,120,240,64285.71429,,40,90,,,,,14285.71429,,120,240
407,Kri-D-49-Jayanthi,Filter Points,15000,,0,80,0,,120,240,,,120,240,7857.142857,,40,90,5142.857143,,120,240,7142.857143,,120,240,7142.857143,,40,90,,,,,7142.857143,,120,240
