,,,"Command area",,,,,,,,,,,,"Non-Command area",,,,,,,,,,,,"Poor quality",,,,,,,,,,,
"Sr.No","Watershed name",,"Agriculture",,,,"Domestic",,,,"Industrial",,,,"Agriculture",,,,"Domestic",,,,"Industrial",,,,"Agriculture",,,,,3.401360544,,,"Industrial",,,
,,"Type of well","yield","No.of ","Days of operation of wells          ",,"yield","No.of ","Days of operation of wells          ",,"yield","No.of ","Days of operation of wells          ",,"yield","No.of ","Days of operation of wells          ",,"yield","No.of ","Days of operation of wells          ",,"yield","No.of ","Days of operation of wells          ",,"yield","No.of ","Days of operation of wells          ",,,,,,"yield","No.of ","Days of operation of wells          ",
,,,"lph","wells","Monsoon","Non - Monsoon","lph","wells","Monsoon","Non - Monsoon","lph","wells","Monsoon","Non - Monsoon","lph","wells","Monsoon","Non - Monsoon","lph","wells","Monsoon","Non - Monsoon","lph","wells","Monsoon","Non - Monsoon","lph","wells","Monsoon","Non - Monsoon",,,,,"lph","wells","Monsoon","Non - Monsoon"
,"Ku_C_KD_Allagadda (A)","DW",1428.571429,,40,90,857.1428571,,120,240,3571.428571,,120,240,1428.571429,,40,90,857.1428571,,120,240,3571.428571,,120,240,1428.571429,,40,90,,,,,3571.428571,,120,240
,"Ku_C_KD_Allagadda (A)","DW+PS/DCB",5714.285714,,40,90,4285.714286,,120,240,7142.857143,,120,240,5714.285714,,40,90,4285.714286,,120,240,7142.857143,,120,240,5714.285714,,40,90,,,,,7142.857143,,120,240
,"Ku_C_KD_Allagadda (A)","BWs",8571.428571,,40,90,5142.857143,,120,240,7142.857143,,120,240,8571.428571,,40,90,5142.857143,,120,240,7142.857143,,120,240,8571.428571,,40,90,,,,,7142.857143,,120,240
,"Ku_C_KD_Allagadda (A)","STW",22000,,40,90,5142.857143,,120,240,7142.857143,,120,240,22000,,40,90,5142.857143,,120,240,7142.857143,,120,240,22000,,40,90,,,,,7142.857143,,120,240
,"Ku_C_KD_Allagadda (A)","MTW",45000,,40,90,10285.71429,,120,240,7142.857143,,120,240,45000,,40,90,10285.71429,,120,240,7142.857143,,120,240,45000,,40,90,,,,,7142.857143,,120,240
,"Ku_C_KD_Allagadda (A)","Deep TW",64285.71429,,40,90,10285.71429,,120,240,14285.71429,,120,240,64285.71429,,40,90,10285.71429,,120,240,14285.71429,,120,240,64285.71429,,40,90,,,,,14285.71429,,120,240
,"Ku_C_KD_Allagadda (A)","Filter Points",7142.857143,,40,90,5142.857143,,120,240,3571.428571,,120,240,7857.142857,,40,90,5142.857143,,120,240,7142.857143,,120,240,7142.857143,,40,90,,,,,7142.857143,,120,240
,"KU_C_KD_BANAGANAPALLI(a)","DW",1428.571429,,40,90,857.1428571,,120,240,7142.857143,,120,240,1428.571429,,40,90,857.1428571,,120,240,3571.428571,,120,240,1428.571429,,40,90,,,,,3571.428571,,120,240
,"KU_C_KD_BANAGANAPALLI(a)","DW+PS/DCB",4285.714286,,40,90,4285.714286,,120,240,7142.857143,,120,240,3571.428571,,40,90,4285.714286,,120,240,7142.857143,,120,240,4285.714286,,40,90,,,,,7142.857143,,120,240
,"KU_C_KD_BANAGANAPALLI(a)","BWs",8571.428571,,40,90,5142.857143,,120,240,7142.857143,,120,240,7142.857143,,40,90,5142.857143,,120,240,7142.857143,,120,240,8571.428571,,40,90,,,,,7142.857143,,120,240
,"KU_C_KD_BANAGANAPALLI(a)","STW",22000,,40,90,5142.857143,,120,240,7142.857143,,120,240,22000,,40,90,5142.857143,,120,240,7142.857143,,120,240,22000,,40,90,,,,,7142.857143,,120,240
,"KU_C_KD_BANAGANAPALLI(a)","MTW",45000,,40,90,10285.71429,,120,240,14285.71429,,120,240,45000,,40,90,10285.71429,,120,240,7142.857143,,120,240,45000,,40,90,,,,,7142.857143,,120,240
,"KU_C_KD_BANAGANAPALLI(a)","Deep TW",64285.71429,,40,90,10285.71429,,120,240,3571.428571,,120,240,64285.71429,,40,90,10285.71429,,120,240,14285.71429,,120,240,64285.71429,,40,90,,,,,14285.71429,,120,240
,"KU_C_KD_BANAGANAPALLI(a)","Filter Points",7142.857143,,40,90,5142.857143,,120,240,7142.857143,,120,240,7857.142857,,40,90,5142.857143,,120,240,7142.857143,,120,240,7142.857143,,40,90,,,,,7142.857143,,120,240
,"KU-C_KD_Banaganapalli-(C)-C","DW",1428.571429,,40,90,857.1428571,,120,240,7142.857143,,120,240,1428.571429,,40,90,857.1428571,,120,240,3571.428571,,120,240,1428.571429,,40,90,,,,,3571.428571,,120,240
,"KU-C_KD_Banaganapalli-(C)-C","DW+PS/DCB",4285.714286,,40,90,4285.714286,,120,240,7142.857143,,120,240,4285.714286,,40,90,4285.714286,,120,240,7142.857143,,120,240,4285.714286,,40,90,,,,,7142.857143,,120,240
,"KU-C_KD_Banaganapalli-(C)-C","BWs",8571.428571,,40,90,5142.857143,,120,240,7142.857143,,120,240,8571.428571,,40,90,5142.857143,,120,240,7142.857143,,120,240,8571.428571,,40,90,,,,,7142.857143,,120,240
,"KU-C_KD_Banaganapalli-(C)-C","STW",22000,,40,90,5142.857143,,120,240,14285.71429,,120,240,22000,,40,90,5142.857143,,120,240,7142.857143,,120,240,22000,,40,90,,,,,7142.857143,,120,240
,"KU-C_KD_Banaganapalli-(C)-C","MTW",45000,,40,90,10285.71429,,120,240,3571.428571,,120,240,45000,,40,90,10285.71429,,120,240,7142.857143,,120,240,45000,,40,90,,,,,7142.857143,,120,240
,"KU-C_KD_Banaganapalli-(C)-C","Deep TW",64285.71429,,40,90,10285.71429,,120,240,7142.857143,,120,240,64285.71429,,40,90,10285.71429,,120,240,14285.71429,,120,240,64285.71429,,40,90,,,,,14285.71429,,120,240
,"KU-C_KD_Banaganapalli-(C)-C","Filter Points",7142.857143,,40,90,5142.857143,,120,240,7142.857143,,120,240,7857.142857,,40,90,5142.857143,,120,240,7142.857143,,120,240,7142.857143,,40,90,,,,,7142.857143,,120,240
,"Ku_C_Kd_Bandi Atmakuru (a)_c","DW",1428.571429,,40,90,857.1428571,,120,240,7142.857143,,120,240,1428.571429,,40,90,857.1428571,,120,240,3571.428571,,120,240,1428.571429,,40,90,,,,,3571.428571,,120,240
,"Ku_C_Kd_Bandi Atmakuru (a)_c","DW+PS/DCB",4285.714286,,40,60,4285.714286,,120,240,7142.857143,,120,240,4285.714286,,40,90,4285.714286,,120,240,7142.857143,,120,240,4285.714286,,40,90,,,,,7142.857143,,120,240
,"Ku_C_Kd_Bandi Atmakuru (a)_c","BWs",9285.714286,,40,60,5142.857143,,120,240,14285.71429,,120,240,8571.428571,,40,90,5142.857143,,120,240,7142.857143,,120,240,8571.428571,,40,90,,,,,7142.857143,,120,240
,"Ku_C_Kd_Bandi Atmakuru (a)_c","STW",22000,,40,90,5142.857143,,120,240,3571.428571,,120,240,22000,,40,90,5142.857143,,120,240,7142.857143,,120,240,22000,,40,90,,,,,7142.857143,,120,240
,"Ku_C_Kd_Bandi Atmakuru (a)_c","MTW",45000,,40,90,10285.71429,,120,240,7142.857143,,120,240,45000,,40,90,10285.71429,,120,240,7142.857143,,120,240,45000,,40,90,,,,,7142.857143,,120,240
,"Ku_C_Kd_Bandi Atmakuru (a)_c","Deep TW",64285.71429,,40,90,10285.71429,,120,240,7142.857143,,120,240,64285.71429,,40,90,10285.71429,,120,240,14285.71429,,120,240,64285.71429,,40,90,,,,,14285.71429,,120,240
,"Ku_C_Kd_Bandi Atmakuru (a)_c","Filter Points",7142.857143,,40,90,5142.857143,,120,240,7142.857143,,120,240,7857.142857,,40,90,5142.857143,,120,240,7142.857143,,120,240,7142.857143,,40,90,,,,,7142.857143,,120,240
,"Ku_C_KD_B.Atmakuru(b)","DW",1428.571429,,40,90,857.1428571,,120,240,7142.857143,,120,240,1428.571429,,40,90,857.1428571,,120,240,3571.428571,,120,240,1428.571429,,40,90,,,,,3571.428571,,120,240
,"Ku_C_KD_B.Atmakuru(b)","DW+PS/DCB",4285.714286,,40,90,4285.714286,,120,240,14285.71429,,120,240,4285.714286,,40,90,4285.714286,,120,240,7142.857143,,120,240,4285.714286,,40,90,,,,,7142.857143,,120,240
,"Ku_C_KD_B.Atmakuru(b)","BWs",8571.428571,,40,90,5142.857143,,120,240,3571.428571,,120,240,8571.428571,,40,90,5142.857143,,120,240,7142.857143,,120,240,8571.428571,,40,90,,,,,7142.857143,,120,240
,"Ku_C_KD_B.Atmakuru(b)","STW",22000,,40,90,5142.857143,,120,240,7142.857143,,120,240,22000,,40,90,5142.857143,,120,240,7142.857143,,120,240,22000,,40,90,,,,,7142.857143,,120,240
,"Ku_C_KD_B.Atmakuru(b)","MTW",45000,,40,90,10285.71429,,120,240,7142.857143,,120,240,45000,,40,90,10285.71429,,120,240,7142.857143,,120,240,45000,,40,90,,,,,7142.857143,,120,240
,"Ku_C_KD_B.Atmakuru(b)","Deep TW",64285.71429,,40,90,10285.71429,,120,240,7142.857143,,120,240,64285.71429,,40,90,10285.71429,,120,240,14285.71429,,120,240,64285.71429,,40,90,,,,,14285.71429,,120,240
,"Ku_C_KD_B.Atmakuru(b)","Filter Points",7142.857143,,40,90,5142.857143,,120,240,7142.857143,,120,240,7857.142857,,40,90,5142.857143,,120,240,7142.857143,,120,240,7142.857143,,40,90,,,,,7142.857143,,120,240
,"ku_c_kd_chagalamarri_C","DW",1428.571429,,40,90,857.1428571,,120,240,14285.71429,,120,240,1428.571429,,40,90,857.1428571,,120,240,3571.428571,,120,240,1428.571429,,40,90,,,,,3571.428571,,120,240
,"ku_c_kd_chagalamarri_C","DW+PS/DCB",5000,,40,90,4285.714286,,120,240,3571.428571,,120,240,5000,,40,90,4285.714286,,120,240,7142.857143,,120,240,5000,,40,90,,,,,7142.857143,,120,240
,"ku_c_kd_chagalamarri_C","BWs",9285.714286,,40,90,5142.857143,,120,240,7142.857143,,120,240,9285.714286,,40,90,5142.857143,,120,240,7142.857143,,120,240,9285.714286,,40,90,,,,,7142.857143,,120,240
,"ku_c_kd_chagalamarri_C","STW",22000,,40,90,5142.857143,,120,240,7142.857143,,120,240,22000,,40,90,5142.857143,,120,240,7142.857143,,120,240,22000,,40,90,,,,,7142.857143,,120,240
,"ku_c_kd_chagalamarri_C","MTW",45000,,40,90,10285.71429,,120,240,7142.857143,,120,240,45000,,40,90,10285.71429,,120,240,7142.857143,,120,240,45000,,40,90,,,,,7142.857143,,120,240
,"ku_c_kd_chagalamarri_C","Deep TW",64285.71429,,40,90,10285.71429,,120,240,7142.857143,,120,240,64285.71429,,40,90,10285.71429,,120,240,14285.71429,,120,240,64285.71429,,40,90,,,,,14285.71429,,120,240
,"ku_c_kd_chagalamarri_C","Filter Points",7142.857143,,40,90,5142.857143,,120,240,14285.71429,,120,240,7857.142857,,40,90,5142.857143,,120,240,7142.857143,,120,240,7142.857143,,40,90,,,,,7142.857143,,120,240
,"KU_D_TB_Devanakonda(b)","DW",3857.142857,,40,90,857.1428571,,120,240,3571.428571,,120,240,3857.142857,,40,90,857.1428571,,120,240,3571.428571,,120,240,3857.142857,,40,90,,,,,3571.428571,,120,240
,"KU_D_TB_Devanakonda(b)","DW+PS/DCB",7142.857143,,40,90,4285.714286,,120,240,7142.857143,,120,240,5714.285714,,40,90,4285.714286,,120,240,7142.857143,,120,240,7142.857143,,40,90,,,,,7142.857143,,120,240
,"KU_D_TB_Devanakonda(b)","BWs",14285.71429,,40,90,5142.857143,,120,240,7142.857143,,120,240,9285.714286,,40,90,5142.857143,,120,240,7142.857143,,120,240,14285.71429,,40,90,,,,,7142.857143,,120,240
,"KU_D_TB_Devanakonda(b)","STW",22000,,40,90,5142.857143,,120,240,7142.857143,,120,240,22000,,40,90,5142.857143,,120,240,7142.857143,,120,240,22000,,40,90,,,,,7142.857143,,120,240
,"KU_D_TB_Devanakonda(b)","MTW",45000,,40,90,10285.71429,,120,240,7142.857143,,120,240,45000,,40,90,10285.71429,,120,240,7142.857143,,120,240,45000,,40,90,,,,,7142.857143,,120,240
,"KU_D_TB_Devanakonda(b)","Deep TW",64285.71429,,40,90,10285.71429,,120,240,14285.71429,,120,240,64285.71429,,40,90,10285.71429,,120,240,14285.71429,,120,240,64285.71429,,40,90,,,,,14285.71429,,120,240
,"KU_D_TB_Devanakonda(b)","Filter Points",7142.857143,,40,90,5142.857143,,120,240,3571.428571,,120,240,7857.142857,,40,90,5142.857143,,120,240,7142.857143,,120,240,7142.857143,,40,90,,,,,7142.857143,,120,240
,"KU_C_KD_Dornipadu-c","DW",3857.142857,,40,90,857.1428571,,120,240,7142.857143,,120,240,3857.142857,,40,90,857.1428571,,120,240,3571.428571,,120,240,3857.142857,,40,90,,,,,3571.428571,,120,240
,"KU_C_KD_Dornipadu-c","DW+PS/DCB",7142.857143,,40,90,4285.714286,,120,240,7142.857143,,120,240,5714.285714,,40,90,4285.714286,,120,240,7142.857143,,120,240,7142.857143,,40,90,,,,,7142.857143,,120,240
,"KU_C_KD_Dornipadu-c","BWs",14285.71429,,40,90,5142.857143,,120,240,7142.857143,,120,240,9285.714286,,40,90,5142.857143,,120,240,7142.857143,,120,240,14285.71429,,40,90,,,,,7142.857143,,120,240
,"KU_C_KD_Dornipadu-c","STW",22000,,40,90,5142.857143,,120,240,7142.857143,,120,240,22000,,40,90,5142.857143,,120,240,7142.857143,,120,240,22000,,40,90,,,,,7142.857143,,120,240
,"KU_C_KD_Dornipadu-c","MTW",45000,,40,90,10285.71429,,120,240,14285.71429,,120,240,45000,,40,90,10285.71429,,120,240,7142.857143,,120,240,45000,,40,90,,,,,7142.857143,,120,240
,"KU_C_KD_Dornipadu-c","Deep TW",64285.71429,,40,90,10285.71429,,120,240,3571.428571,,120,240,64285.71429,,40,90,10285.71429,,120,240,14285.71429,,120,240,64285.71429,,40,90,,,,,14285.71429,,120,240
,"KU_C_KD_Dornipadu-c","Filter Points",7142.857143,,40,90,5142.857143,,120,240,7142.857143,,120,240,7857.142857,,40,90,5142.857143,,120,240,7142.857143,,120,240,7142.857143,,40,90,,,,,7142.857143,,120,240
,"KU_C_KD_Gospadu_c","DW",3857.142857,,40,90,857.1428571,,120,240,7142.857143,,120,240,3857.142857,,40,90,857.1428571,,120,240,3571.428571,,120,240,3857.142857,,40,90,,,,,3571.428571,,120,240
,"KU_C_KD_Gospadu_c","DW+PS/DCB",5714.285714,,40,90,4285.714286,,120,240,7142.857143,,120,240,5714.285714,,40,90,4285.714286,,120,240,7142.857143,,120,240,7142.857143,,40,90,,,,,7142.857143,,120,240
,"KU_C_KD_Gospadu_c","BWs",7142.857143,,40,90,5142.857143,,120,240,7142.857143,,120,240,9285.714286,,40,90,5142.857143,,120,240,7142.857143,,120,240,14285.71429,,40,90,,,,,7142.857143,,120,240
,"KU_C_KD_Gospadu_c","STW",22000,,40,90,5142.857143,,120,240,14285.71429,,120,240,22000,,40,90,5142.857143,,120,240,7142.857143,,120,240,22000,,40,90,,,,,7142.857143,,120,240
,"KU_C_KD_Gospadu_c","MTW",45000,,40,90,10285.71429,,120,240,3571.428571,,120,240,45000,,40,90,10285.71429,,120,240,7142.857143,,120,240,45000,,40,90,,,,,7142.857143,,120,240
,"KU_C_KD_Gospadu_c","Deep TW",64285.71429,,40,90,10285.71429,,120,240,7142.857143,,120,240,64285.71429,,40,90,10285.71429,,120,240,14285.71429,,120,240,64285.71429,,40,90,,,,,14285.71429,,120,240
,"KU_C_KD_Gospadu_c","Filter Points",7142.857143,,40,90,5142.857143,,120,240,7142.857143,,120,240,7857.142857,,40,90,5142.857143,,120,240,7142.857143,,120,240,7142.857143,,40,90,,,,,7142.857143,,120,240
,"Ku_C_kd_Miduthuru-c","DW",1428.571429,,40,90,857.1428571,,120,240,7142.857143,,120,240,1428.571429,,40,90,857.1428571,,120,240,3571.428571,,120,240,1428.571429,,40,90,,,,,3571.428571,,120,240
,"Ku_C_kd_Miduthuru-c","DW+PS/DCB",4285.714286,,40,90,4285.714286,,120,240,7142.857143,,120,240,4285.714286,,40,90,4285.714286,,120,240,7142.857143,,120,240,4285.714286,,40,90,,,,,7142.857143,,120,240
,"Ku_C_kd_Miduthuru-c","BWs",8571.428571,,40,90,5142.857143,,120,240,14285.71429,,120,240,8571.428571,,40,90,5142.857143,,120,240,7142.857143,,120,240,8571.428571,,40,90,,,,,7142.857143,,120,240
,"Ku_C_kd_Miduthuru-c","STW",22000,,40,90,5142.857143,,120,240,3571.428571,,120,240,22000,,40,90,5142.857143,,120,240,7142.857143,,120,240,22000,,40,90,,,,,7142.857143,,120,240
,"Ku_C_kd_Miduthuru-c","MTW",45000,,40,90,10285.71429,,120,240,7142.857143,,120,240,45000,,40,90,10285.71429,,120,240,7142.857143,,120,240,45000,,40,90,,,,,7142.857143,,120,240
,"Ku_C_kd_Miduthuru-c","Deep TW",64285.71429,,40,90,10285.71429,,120,240,7142.857143,,120,240,64285.71429,,40,90,10285.71429,,120,240,14285.71429,,120,240,64285.71429,,40,90,,,,,14285.71429,,120,240
,"Ku_C_kd_Miduthuru-c","Filter Points",7142.857143,,40,90,5142.857143,,120,240,7142.857143,,120,240,7857.142857,,40,90,5142.857143,,120,240,7142.857143,,120,240,7142.857143,,40,90,,,,,7142.857143,,120,240
,"Ku_c_kd_Panyam(a)","DW",1428.571429,,40,90,857.1428571,,120,240,7142.857143,,120,240,1428.571429,,40,90,857.1428571,,120,240,3571.428571,,120,240,1428.571429,,40,90,,,,,3571.428571,,120,240
,"Ku_c_kd_Panyam(a)","DW+PS/DCB",4285.714286,,40,90,4285.714286,,120,240,14285.71429,,120,240,4285.714286,,40,90,4285.714286,,120,240,7142.857143,,120,240,5000,,40,90,,,,,7142.857143,,120,240
,"Ku_c_kd_Panyam(a)","BWs",8571.428571,,40,90,5142.857143,,120,240,3571.428571,,120,240,8571.428571,,40,90,5142.857143,,120,240,7142.857143,,120,240,9285.714286,,40,90,,,,,7142.857143,,120,240
,"Ku_c_kd_Panyam(a)","STW",22000,,40,90,5142.857143,,120,240,7142.857143,,120,240,22000,,40,90,5142.857143,,120,240,7142.857143,,120,240,22000,,40,90,,,,,7142.857143,,120,240
,"Ku_c_kd_Panyam(a)","MTW",45000,,40,90,10285.71429,,120,240,7142.857143,,120,240,45000,,40,90,10285.71429,,120,240,7142.857143,,120,240,45000,,40,90,,,,,7142.857143,,120,240
,"Ku_c_kd_Panyam(a)","Deep TW",64285.71429,,40,90,10285.71429,,120,240,7142.857143,,120,240,64285.71429,,40,90,10285.71429,,120,240,14285.71429,,120,240,64285.71429,,40,90,,,,,14285.71429,,120,240
,"Ku_c_kd_Panyam(a)","Filter Points",7142.857143,,40,90,5142.857143,,120,240,7142.857143,,120,240,7857.142857,,40,90,5142.857143,,120,240,7142.857143,,120,240,7142.857143,,40,90,,,,,7142.857143,,120,240
,"KU_C_KD_PANYAM(B)","DW",1428.571429,,40,90,857.1428571,,120,240,14285.71429,,120,240,1428.571429,,40,90,857.1428571,,120,240,3571.428571,,120,240,1428.571429,,40,90,,,,,3571.428571,,120,240
,"KU_C_KD_PANYAM(B)","DW+PS/DCB",4285.714286,,40,90,4285.714286,,120,240,3571.428571,,120,240,4285.714286,,40,90,4285.714286,,120,240,7142.857143,,120,240,4285.714286,,40,90,,,,,7142.857143,,120,240
,"KU_C_KD_PANYAM(B)","BWs",9285.714286,,40,90,5142.857143,,120,240,7142.857143,,120,240,9285.714286,,40,90,5142.857143,,120,240,7142.857143,,120,240,9285.714286,,40,90,,,,,7142.857143,,120,240
,"KU_C_KD_PANYAM(B)","STW",22000,,40,90,5142.857143,,120,240,7142.857143,,120,240,22000,,40,90,5142.857143,,120,240,7142.857143,,120,240,22000,,40,90,,,,,7142.857143,,120,240
,"KU_C_KD_PANYAM(B)","MTW",45000,,40,90,10285.71429,,120,240,7142.857143,,120,240,45000,,40,90,10285.71429,,120,240,7142.857143,,120,240,45000,,40,90,,,,,7142.857143,,120,240
,"KU_C_KD_PANYAM(B)","Deep TW",64285.71429,,40,90,10285.71429,,120,240,7142.857143,,120,240,64285.71429,,40,90,10285.71429,,120,240,14285.71429,,120,240,64285.71429,,40,90,,,,,14285.71429,,120,240
,"KU_C_KD_PANYAM(B)","Filter Points",7142.857143,,40,90,5142.857143,,120,240,14285.71429,,120,240,7857.142857,,40,90,5142.857143,,120,240,7142.857143,,120,240,7142.857143,,40,90,,,,,7142.857143,,120,240
,"Ku_C_kd_Rudravaram (a)","DW",1428.571429,,40,90,857.1428571,,120,240,3571.428571,,120,240,1428.571429,,40,90,857.1428571,,120,240,3571.428571,,120,240,1428.571429,,40,90,,,,,3571.428571,,120,240
,"Ku_C_kd_Rudravaram (a)","DW+PS/DCB",5000,,40,90,4285.714286,,120,240,7142.857143,,120,240,5000,,40,90,4285.714286,,120,240,7142.857143,,120,240,5000,,40,90,,,,,7142.857143,,120,240
,"Ku_C_kd_Rudravaram (a)","BWs",9285.714286,,40,90,5142.857143,,120,240,7142.857143,,120,240,9285.714286,,40,90,5142.857143,,120,240,7142.857143,,120,240,9285.714286,,40,90,,,,,7142.857143,,120,240
,"Ku_C_kd_Rudravaram (a)","STW",22000,,40,90,5142.857143,,120,240,7142.857143,,120,240,22000,,40,90,5142.857143,,120,240,7142.857143,,120,240,22000,,40,90,,,,,7142.857143,,120,240
,"Ku_C_kd_Rudravaram (a)","MTW",45000,,40,90,10285.71429,,120,240,7142.857143,,120,240,45000,,40,90,10285.71429,,120,240,7142.857143,,120,240,45000,,40,90,,,,,7142.857143,,120,240
,"Ku_C_kd_Rudravaram (a)","Deep TW",64285.71429,,40,90,10285.71429,,120,240,14285.71429,,120,240,64285.71429,,40,90,10285.71429,,120,240,14285.71429,,120,240,64285.71429,,40,90,,,,,14285.71429,,120,240
,"Ku_C_kd_Rudravaram (a)","Filter Points",7142.857143,,40,90,5142.857143,,120,240,3571.428571,,120,240,7857.142857,,40,90,5142.857143,,120,240,7142.857143,,120,240,7142.857143,,40,90,,,,,7142.857143,,120,240
,"Ku_C_Kd_Rudravaram (b)","DW",1428.571429,,40,90,857.1428571,,120,240,7142.857143,,120,240,1428.571429,,40,90,857.1428571,,120,240,3571.428571,,120,240,1428.571429,,40,90,,,,,3571.428571,,120,240
,"Ku_C_Kd_Rudravaram (b)","DW+PS/DCB",5000,,40,90,4285.714286,,120,240,7142.857143,,120,240,5000,,40,90,4285.714286,,120,240,7142.857143,,120,240,5000,,40,90,,,,,7142.857143,,120,240
,"Ku_C_Kd_Rudravaram (b)","BWs",9285.714286,,40,90,5142.857143,,120,240,7142.857143,,120,240,9285.714286,,40,90,5142.857143,,120,240,7142.857143,,120,240,9285.714286,,40,90,,,,,7142.857143,,120,240
,"Ku_C_Kd_Rudravaram (b)","STW",22000,,40,90,5142.857143,,120,240,7142.857143,,120,240,22000,,40,90,5142.857143,,120,240,7142.857143,,120,240,22000,,40,90,,,,,7142.857143,,120,240
,"Ku_C_Kd_Rudravaram (b)","MTW",45000,,40,90,10285.71429,,120,240,14285.71429,,120,240,45000,,40,90,10285.71429,,120,240,7142.857143,,120,240,45000,,40,90,,,,,7142.857143,,120,240
,"Ku_C_Kd_Rudravaram (b)","Deep TW",64285.71429,,40,90,10285.71429,,120,240,3571.428571,,120,240,64285.71429,,40,90,10285.71429,,120,240,14285.71429,,120,240,64285.71429,,40,90,,,,,14285.71429,,120,240
,"Ku_C_Kd_Rudravaram (b)","Filter Points",7142.857143,,40,90,5142.857143,,120,240,7142.857143,,120,240,7857.142857,,40,90,5142.857143,,120,240,7142.857143,,120,240,7142.857143,,40,90,,,,,7142.857143,,120,240
,"KU_C_KD_Sanjamala(a)","DW",1428.571429,,40,90,857.1428571,,120,240,7142.857143,,120,240,1428.571429,,40,90,857.1428571,,120,240,3571.428571,,120,240,1428.571429,,40,90,,,,,3571.428571,,120,240
,"KU_C_KD_Sanjamala(a)","DW+PS/DCB",4285.714286,,40,90,4285.714286,,120,240,7142.857143,,120,240,4285.714286,,40,90,4285.714286,,120,240,7142.857143,,120,240,4285.714286,,40,90,,,,,7142.857143,,120,240
,"KU_C_KD_Sanjamala(a)","BWs",8571.428571,,40,90,5142.857143,,120,240,7142.857143,,120,240,8571.428571,,40,90,5142.857143,,120,240,7142.857143,,120,240,8571.428571,,40,90,,,,,7142.857143,,120,240
,"KU_C_KD_Sanjamala(a)","STW",22000,,40,90,5142.857143,,120,240,14285.71429,,120,240,22000,,40,90,5142.857143,,120,240,7142.857143,,120,240,22000,,40,90,,,,,7142.857143,,120,240
,"KU_C_KD_Sanjamala(a)","MTW",45000,,40,90,10285.71429,,120,240,3571.428571,,120,240,45000,,40,90,10285.71429,,120,240,7142.857143,,120,240,45000,,40,90,,,,,7142.857143,,120,240
,"KU_C_KD_Sanjamala(a)","Deep TW",64285.71429,,40,90,10285.71429,,120,240,7142.857143,,120,240,64285.71429,,40,90,10285.71429,,120,240,14285.71429,,120,240,64285.71429,,40,90,,,,,14285.71429,,120,240
,"KU_C_KD_Sanjamala(a)","Filter Points",7142.857143,,40,90,5142.857143,,120,240,7142.857143,,120,240,7857.142857,,40,90,5142.857143,,120,240,7142.857143,,120,240,7142.857143,,40,90,,,,,7142.857143,,120,240
,"KU_C_KD_Sanjamala(b)","DW",1428.571429,,40,90,857.1428571,,120,240,7142.857143,,120,240,1428.571429,,40,90,857.1428571,,120,240,3571.428571,,120,240,1428.571429,,40,90,,,,,3571.428571,,120,240
,"KU_C_KD_Sanjamala(b)","DW+PS/DCB",4285.714286,,40,90,4285.714286,,120,240,7142.857143,,120,240,4285.714286,,40,90,4285.714286,,120,240,7142.857143,,120,240,4285.714286,,40,90,,,,,7142.857143,,120,240
,"KU_C_KD_Sanjamala(b)","BWs",7142.857143,,40,90,5142.857143,,120,240,14285.71429,,120,240,7142.857143,,40,90,5142.857143,,120,240,7142.857143,,120,240,8571.428571,,40,90,,,,,7142.857143,,120,240
,"KU_C_KD_Sanjamala(b)","STW",22000,,40,90,5142.857143,,120,240,3571.428571,,120,240,22000,,40,90,5142.857143,,120,240,7142.857143,,120,240,22000,,40,90,,,,,7142.857143,,120,240
,"KU_C_KD_Sanjamala(b)","MTW",45000,,40,90,10285.71429,,120,240,7142.857143,,120,240,45000,,40,90,10285.71429,,120,240,7142.857143,,120,240,45000,,40,90,,,,,7142.857143,,120,240
,"KU_C_KD_Sanjamala(b)","Deep TW",64285.71429,,40,90,10285.71429,,120,240,7142.857143,,120,240,64285.71429,,40,90,10285.71429,,120,240,14285.71429,,120,240,64285.71429,,40,90,,,,,14285.71429,,120,240
,"KU_C_KD_Sanjamala(b)","Filter Points",7142.857143,,40,90,5142.857143,,120,240,7142.857143,,120,240,7857.142857,,40,90,5142.857143,,120,240,7142.857143,,120,240,7142.857143,,40,90,,,,,7142.857143,,120,240
,"KU_C-KD_SIRIVELLA_C","DW",3857.142857,,40,90,857.1428571,,120,240,7142.857143,,120,240,3857.142857,,40,90,857.1428571,,120,240,3571.428571,,120,240,3857.142857,,40,90,,,,,3571.428571,,120,240
,"KU_C-KD_SIRIVELLA_C","DW+PS/DCB",7142.857143,,40,90,4285.714286,,120,240,14285.71429,,120,240,5714.285714,,40,90,4285.714286,,120,240,7142.857143,,120,240,7142.857143,,40,90,,,,,7142.857143,,120,240
,"KU_C-KD_SIRIVELLA_C","BWs",14285.71429,,40,90,5142.857143,,120,240,3571.428571,,120,240,9285.714286,,40,90,5142.857143,,120,240,7142.857143,,120,240,14285.71429,,40,90,,,,,7142.857143,,120,240
,"KU_C-KD_SIRIVELLA_C","STW",22000,,40,90,5142.857143,,120,240,7142.857143,,120,240,22000,,40,90,5142.857143,,120,240,7142.857143,,120,240,22000,,40,90,,,,,7142.857143,,120,240
,"KU_C-KD_SIRIVELLA_C","MTW",45000,,40,90,10285.71429,,120,240,7142.857143,,120,240,45000,,40,90,10285.71429,,120,240,7142.857143,,120,240,45000,,40,90,,,,,7142.857143,,120,240
,"KU_C-KD_SIRIVELLA_C","Deep TW",64285.71429,,40,90,10285.71429,,120,240,7142.857143,,120,240,64285.71429,,40,90,10285.71429,,120,240,14285.71429,,120,240,64285.71429,,40,90,,,,,14285.71429,,120,240
,"KU_C-KD_SIRIVELLA_C","Filter Points",7142.857143,,40,90,5142.857143,,120,240,7142.857143,,120,240,7857.142857,,40,90,5142.857143,,120,240,7142.857143,,120,240,7142.857143,,40,90,,,,,7142.857143,,120,240
,"KU_C_KD_VELUGODU","DW",3857.142857,,40,90,857.1428571,,120,240,14285.71429,,120,240,3857.142857,,40,90,857.1428571,,120,240,3571.428571,,120,240,3857.142857,,40,90,,,,,3571.428571,,120,240
,"KU_C_KD_VELUGODU","DW+PS/DCB",7142.857143,,40,90,4285.714286,,120,240,3571.428571,,120,240,5714.285714,,40,90,4285.714286,,120,240,7142.857143,,120,240,7142.857143,,40,90,,,,,7142.857143,,120,240
,"KU_C_KD_VELUGODU","BWs",14285.71429,,40,90,5142.857143,,120,240,7142.857143,,120,240,9285.714286,,40,90,5142.857143,,120,240,7142.857143,,120,240,14285.71429,,40,90,,,,,7142.857143,,120,240
,"KU_C_KD_VELUGODU","STW",22000,,40,90,5142.857143,,120,240,7142.857143,,120,240,22000,,40,90,5142.857143,,120,240,7142.857143,,120,240,22000,,40,90,,,,,7142.857143,,120,240
,"KU_C_KD_VELUGODU","MTW",45000,,40,90,10285.71429,,120,240,7142.857143,,120,240,45000,,40,90,10285.71429,,120,240,7142.857143,,120,240,45000,,40,90,,,,,7142.857143,,120,240
,"KU_C_KD_VELUGODU","Deep TW",64285.71429,,40,90,10285.71429,,120,240,7142.857143,,120,240,64285.71429,,40,90,10285.71429,,120,240,14285.71429,,120,240,64285.71429,,40,90,,,,,14285.71429,,120,240
,"KU_C_KD_VELUGODU","Filter Points",7142.857143,,40,90,5142.857143,,120,240,14285.71429,,120,240,7857.142857,,40,90,5142.857143,,120,240,7142.857143,,120,240,7142.857143,,40,90,,,,,7142.857143,,120,240
,"Ku_D_LK_J.Bunglow_C","DW",1428.571429,,40,90,857.1428571,,120,240,3571.428571,,120,240,1428.571429,,40,90,857.1428571,,120,240,3571.428571,,120,240,1428.571429,,40,90,,,,,3571.428571,,120,240
,"Ku_D_LK_J.Bunglow_C","DW+PS/DCB",4285.714286,,40,90,4285.714286,,120,240,7142.857143,,120,240,4285.714286,,40,60,4285.714286,,120,240,7142.857143,,120,240,4285.714286,,40,90,,,,,7142.857143,,120,240
,"Ku_D_LK_J.Bunglow_C","BWs",9285.714286,,40,90,5142.857143,,120,240,7142.857143,,120,240,7142.857143,,40,60,5142.857143,,120,240,7142.857143,,120,240,9285.714286,,40,90,,,,,7142.857143,,120,240
,"Ku_D_LK_J.Bunglow_C","STW",0,,40,90,5142.857143,,120,240,7142.857143,,120,240,22000,,40,90,5142.857143,,120,240,7142.857143,,120,240,22000,,40,90,,,,,7142.857143,,120,240
,"Ku_D_LK_J.Bunglow_C","MTW",45000,,40,90,10285.71429,,120,240,7142.857143,,120,240,45000,,40,90,10285.71429,,120,240,7142.857143,,120,240,45000,,40,90,,,,,7142.857143,,120,240
,"Ku_D_LK_J.Bunglow_C","Deep TW",0,,40,90,10285.71429,,120,240,14285.71429,,120,240,64285.71429,,40,90,10285.71429,,120,240,14285.71429,,120,240,64285.71429,,40,90,,,,,14285.71429,,120,240
,"Ku_D_LK_J.Bunglow_C","Filter Points",0,,40,90,5142.857143,,120,240,3571.428571,,120,240,7857.142857,,40,90,5142.857143,,120,240,7142.857143,,120,240,7142.857143,,40,90,,,,,7142.857143,,120,240
,"Ku_D_lk_Kothapalli(b)","DW",1428.571429,,40,60,857.1428571,,120,240,7142.857143,,120,240,1428.571429,,40,60,857.1428571,,120,240,3571.428571,,120,240,1428.571429,,40,90,,,,,3571.428571,,120,240
,"Ku_D_lk_Kothapalli(b)","DW+PS/DCB",5000,,40,60,4285.714286,,120,240,7142.857143,,120,240,5000,,40,60,4285.714286,,120,240,7142.857143,,120,240,5000,,40,90,,,,,7142.857143,,120,240
,"Ku_D_lk_Kothapalli(b)","BWs",8571.428571,,40,60,5142.857143,,120,240,7142.857143,,120,240,7142.857143,,40,60,5142.857143,,120,240,7142.857143,,120,240,8571.428571,,40,90,,,,,7142.857143,,120,240
,"Ku_D_lk_Kothapalli(b)","STW",22000,,40,90,5142.857143,,120,240,7142.857143,,120,240,22000,,40,90,5142.857143,,120,240,7142.857143,,120,240,22000,,40,90,,,,,7142.857143,,120,240
,"Ku_D_lk_Kothapalli(b)","MTW",45000,,40,90,10285.71429,,120,240,14285.71429,,120,240,45000,,40,90,10285.71429,,120,240,7142.857143,,120,240,45000,,40,90,,,,,7142.857143,,120,240
,"Ku_D_lk_Kothapalli(b)","Deep TW",64285.71429,,40,90,10285.71429,,120,240,3571.428571,,120,240,64285.71429,,40,90,10285.71429,,120,240,14285.71429,,120,240,64285.71429,,40,90,,,,,14285.71429,,120,240
,"Ku_D_lk_Kothapalli(b)","Filter Points",7142.857143,,40,90,5142.857143,,120,240,7142.857143,,120,240,7857.142857,,40,90,5142.857143,,120,240,7142.857143,,120,240,7142.857143,,40,90,,,,,7142.857143,,120,240
,"Ku_D_LK_Pagidyala-C","DW",1428.571429,,40,90,857.1428571,,120,240,7142.857143,,120,240,1428.571429,,40,90,857.1428571,,120,240,3571.428571,,120,240,3857.142857,,40,90,,,,,3571.428571,,120,240
,"Ku_D_LK_Pagidyala-C","DW+PS/DCB",5000,,40,90,4285.714286,,120,240,7142.857143,,120,240,3857.142857,,40,90,4285.714286,,120,240,7142.857143,,120,240,7142.857143,,40,90,,,,,7142.857143,,120,240
,"Ku_D_LK_Pagidyala-C","BWs",8571.428571,,40,90,5142.857143,,120,240,7142.857143,,120,240,7142.857143,,40,90,5142.857143,,120,240,7142.857143,,120,240,14285.71429,,40,90,,,,,7142.857143,,120,240
,"Ku_D_LK_Pagidyala-C","STW",22000,,40,90,5142.857143,,120,240,14285.71429,,120,240,22000,,40,90,5142.857143,,120,240,7142.857143,,120,240,22000,,40,90,,,,,7142.857143,,120,240
,"Ku_D_LK_Pagidyala-C","MTW",45000,,40,90,10285.71429,,120,240,3571.428571,,120,240,45000,,40,90,10285.71429,,120,240,7142.857143,,120,240,45000,,40,90,,,,,7142.857143,,120,240
,"Ku_D_LK_Pagidyala-C","Deep TW",64285.71429,,40,90,10285.71429,,120,240,7142.857143,,120,240,64285.71429,,40,90,10285.71429,,120,240,14285.71429,,120,240,64285.71429,,40,90,,,,,14285.71429,,120,240
,"Ku_D_LK_Pagidyala-C","Filter Points",7142.857143,,40,90,5142.857143,,120,240,7142.857143,,120,240,7857.142857,,40,90,5142.857143,,120,240,7142.857143,,120,240,7142.857143,,40,90,,,,,7142.857143,,120,240
,"KU_D_TB_ADONI(A)","DW",1428.571429,,40,90,857.1428571,,120,240,7142.857143,,120,240,1428.571429,,40,90,857.1428571,,120,240,1428.571429,,120,240,3857.142857,,40,90,,,,,3571.428571,,120,240
,"KU_D_TB_ADONI(A)","DW+PS/DCB",5000,,40,90,4285.714286,,120,240,7142.857143,,120,240,5000,,40,90,4285.714286,,120,240,5000,,120,240,7142.857143,,40,90,,,,,7142.857143,,120,240
,"KU_D_TB_ADONI(A)","BWs",8571.428571,,40,90,5142.857143,,120,240,14285.71429,,120,240,8571.428571,,40,90,5142.857143,,120,240,8571.428571,,120,240,14285.71429,,40,90,,,,,7142.857143,,120,240
,"KU_D_TB_ADONI(A)","STW",22000,,40,90,5142.857143,,120,240,3571.428571,,120,240,22000,,40,90,5142.857143,,120,240,7142.857143,,120,240,22000,,40,90,,,,,7142.857143,,120,240
,"KU_D_TB_ADONI(A)","MTW",45000,,40,90,10285.71429,,120,240,7142.857143,,120,240,45000,,40,90,10285.71429,,120,240,7142.857143,,120,240,45000,,40,90,,,,,7142.857143,,120,240
,"KU_D_TB_ADONI(A)","Deep TW",64285.71429,,40,90,10285.71429,,120,240,7142.857143,,120,240,64285.71429,,40,90,10285.71429,,120,240,14285.71429,,120,240,64285.71429,,40,90,,,,,14285.71429,,120,240
,"KU_D_TB_ADONI(A)","Filter Points",7142.857143,,40,90,5142.857143,,120,240,7142.857143,,120,240,7857.142857,,40,90,5142.857143,,120,240,7142.857143,,120,240,7142.857143,,40,90,,,,,7142.857143,,120,240
,"KU_D_TB_ADONI_C","DW",1428.571429,,40,90,857.1428571,,120,240,7142.857143,,120,240,1428.571429,,40,90,857.1428571,,120,240,3571.428571,,120,240,3857.142857,,40,90,,,,,3571.428571,,120,240
,"KU_D_TB_ADONI_C","DW+PS/DCB",4285.714286,,40,90,4285.714286,,120,240,14285.71429,,120,240,4285.714286,,40,90,4285.714286,,120,240,7142.857143,,120,240,7142.857143,,40,90,,,,,7142.857143,,120,240
,"KU_D_TB_ADONI_C","BWs",7142.857143,,40,90,5142.857143,,120,240,3571.428571,,120,240,7142.857143,,40,90,5142.857143,,120,240,7142.857143,,120,240,14285.71429,,40,90,,,,,7142.857143,,120,240
,"KU_D_TB_ADONI_C","STW",0,,40,90,5142.857143,,120,240,7142.857143,,120,240,22000,,40,90,5142.857143,,120,240,7142.857143,,120,240,22000,,40,90,,,,,7142.857143,,120,240
,"KU_D_TB_ADONI_C","MTW",0,,40,90,10285.71429,,120,240,7142.857143,,120,240,45000,,40,90,10285.71429,,120,240,7142.857143,,120,240,45000,,40,90,,,,,7142.857143,,120,240
,"KU_D_TB_ADONI_C","Deep TW",0,,40,90,10285.71429,,120,240,7142.857143,,120,240,64285.71429,,40,90,10285.71429,,120,240,14285.71429,,120,240,64285.71429,,40,90,,,,,14285.71429,,120,240
,"KU_D_TB_ADONI_C","Filter Points",7142.857143,,40,90,5142.857143,,120,240,7142.857143,,120,240,7857.142857,,40,90,5142.857143,,120,240,7142.857143,,120,240,7142.857143,,40,90,,,,,7142.857143,,120,240
,"Ku_D_Tb_Kodumuru(a)","DW",1428.571429,,40,90,857.1428571,,120,240,14285.71429,,120,240,1428.571429,,40,90,857.1428571,,120,240,3571.428571,,120,240,3857.142857,,40,90,,,,,3571.428571,,120,240
,"Ku_D_Tb_Kodumuru(a)","DW+PS/DCB",5000,,40,90,4285.714286,,120,240,3571.428571,,120,240,5000,,40,90,4285.714286,,120,240,7142.857143,,120,240,7142.857143,,40,90,,,,,7142.857143,,120,240
,"Ku_D_Tb_Kodumuru(a)","BWs",8571.428571,,40,90,5142.857143,,120,240,7142.857143,,120,240,7857.142857,,40,90,5142.857143,,120,240,7142.857143,,120,240,14285.71429,,40,90,,,,,7142.857143,,120,240
,"Ku_D_Tb_Kodumuru(a)","STW",22000,,40,90,5142.857143,,120,240,7142.857143,,120,240,22000,,40,90,5142.857143,,120,240,7142.857143,,120,240,22000,,40,90,,,,,7142.857143,,120,240
,"Ku_D_Tb_Kodumuru(a)","MTW",45000,,40,90,10285.71429,,120,240,7142.857143,,120,240,45000,,40,90,10285.71429,,120,240,7142.857143,,120,240,45000,,40,90,,,,,7142.857143,,120,240
,"Ku_D_Tb_Kodumuru(a)","Deep TW",64285.71429,,40,90,10285.71429,,120,240,7142.857143,,120,240,64285.71429,,40,90,10285.71429,,120,240,14285.71429,,120,240,64285.71429,,40,90,,,,,14285.71429,,120,240
,"Ku_D_Tb_Kodumuru(a)","Filter Points",7142.857143,,40,90,5142.857143,,120,240,14285.71429,,120,240,7857.142857,,40,90,5142.857143,,120,240,7142.857143,,120,240,7142.857143,,40,90,,,,,7142.857143,,120,240
,"KU-D_TB_KOSIGI_C","DW",3857.142857,,40,90,857.1428571,,120,240,3571.428571,,120,240,3857.142857,,40,90,857.1428571,,120,240,3571.428571,,120,240,3857.142857,,40,90,,,,,3571.428571,,120,240
,"KU-D_TB_KOSIGI_C","DW+PS/DCB",7142.857143,,40,90,4285.714286,,120,240,7142.857143,,120,240,5714.285714,,40,90,4285.714286,,120,240,7142.857143,,120,240,7142.857143,,40,90,,,,,7142.857143,,120,240
,"KU-D_TB_KOSIGI_C","BWs",9285.714286,,40,90,5142.857143,,120,240,7142.857143,,120,240,9285.714286,,40,90,5142.857143,,120,240,7142.857143,,120,240,14285.71429,,40,90,,,,,7142.857143,,120,240
,"KU-D_TB_KOSIGI_C","STW",22000,,40,90,5142.857143,,120,240,7142.857143,,120,240,22000,,40,90,5142.857143,,120,240,7142.857143,,120,240,22000,,40,90,,,,,7142.857143,,120,240
,"KU-D_TB_KOSIGI_C","MTW",45000,,40,90,10285.71429,,120,240,7142.857143,,120,240,45000,,40,90,10285.71429,,120,240,7142.857143,,120,240,45000,,40,90,,,,,7142.857143,,120,240
,"KU-D_TB_KOSIGI_C","Deep TW",64285.71429,,40,90,10285.71429,,120,240,14285.71429,,120,240,64285.71429,,40,90,10285.71429,,120,240,14285.71429,,120,240,64285.71429,,40,90,,,,,14285.71429,,120,240
,"KU-D_TB_KOSIGI_C","Filter Points",7142.857143,,40,90,5142.857143,,120,240,3571.428571,,120,240,7857.142857,,40,90,5142.857143,,120,240,7142.857143,,120,240,7142.857143,,40,90,,,,,7142.857143,,120,240
,"KU_D_V V _Chippagiri -c-(b)","DW",1428.571429,,40,90,857.1428571,,120,240,7142.857143,,120,240,1428.571429,,40,90,857.1428571,,120,240,3571.428571,,120,240,3857.142857,,40,90,,,,,3571.428571,,120,240
,"KU_D_V V _Chippagiri -c-(b)","DW+PS/DCB",5000,,40,90,4285.714286,,120,240,7142.857143,,120,240,5000,,40,90,4285.714286,,120,240,7142.857143,,120,240,7142.857143,,40,90,,,,,7142.857143,,120,240
,"KU_D_V V _Chippagiri -c-(b)","BWs",8571.428571,,40,90,5142.857143,,120,240,7142.857143,,120,240,8571.428571,,40,90,5142.857143,,120,240,7142.857143,,120,240,14285.71429,,40,90,,,,,7142.857143,,120,240
,"KU_D_V V _Chippagiri -c-(b)","STW",22000,,40,90,5142.857143,,120,240,7142.857143,,120,240,22000,,40,90,5142.857143,,120,240,7142.857143,,120,240,22000,,40,90,,,,,7142.857143,,120,240
,"KU_D_V V _Chippagiri -c-(b)","MTW",45000,,40,90,10285.71429,,120,240,14285.71429,,120,240,45000,,40,90,10285.71429,,120,240,7142.857143,,120,240,45000,,40,90,,,,,7142.857143,,120,240
,"KU_D_V V _Chippagiri -c-(b)","Deep TW",64285.71429,,40,90,10285.71429,,120,240,3571.428571,,120,240,64285.71429,,40,90,10285.71429,,120,240,14285.71429,,120,240,64285.71429,,40,90,,,,,14285.71429,,120,240
,"KU_D_V V _Chippagiri -c-(b)","Filter Points",7142.857143,,40,90,5142.857143,,120,240,7142.857143,,120,240,7857.142857,,40,90,5142.857143,,120,240,7142.857143,,120,240,7142.857143,,40,90,,,,,7142.857143,,120,240
,"KU_D_V V_ halaharvi(a)","DW",1428.571429,,40,90,857.1428571,,120,240,7142.857143,,120,240,1428.571429,,40,90,857.1428571,,120,240,3571.428571,,120,240,3857.142857,,40,90,,,,,3571.428571,,120,240
,"KU_D_V V_ halaharvi(a)","DW+PS/DCB",5000,,40,90,4285.714286,,120,240,7142.857143,,120,240,5000,,40,90,4285.714286,,120,240,7142.857143,,120,240,7142.857143,,40,90,,,,,7142.857143,,120,240
,"KU_D_V V_ halaharvi(a)","BWs",9285.714286,,40,90,5142.857143,,120,240,7142.857143,,120,240,9285.714286,,40,90,5142.857143,,120,240,7142.857143,,120,240,14285.71429,,40,90,,,,,7142.857143,,120,240
,"KU_D_V V_ halaharvi(a)","STW",22000,,40,90,5142.857143,,120,240,14285.71429,,120,240,22000,,40,90,5142.857143,,120,240,7142.857143,,120,240,22000,,40,90,,,,,7142.857143,,120,240
,"KU_D_V V_ halaharvi(a)","MTW",45000,,40,90,10285.71429,,120,240,3571.428571,,120,240,45000,,40,90,10285.71429,,120,240,7142.857143,,120,240,45000,,40,90,,,,,7142.857143,,120,240
,"KU_D_V V_ halaharvi(a)","Deep TW",64285.71429,,40,90,10285.71429,,120,240,7142.857143,,120,240,64285.71429,,40,90,10285.71429,,120,240,14285.71429,,120,240,64285.71429,,40,90,,,,,14285.71429,,120,240
,"KU_D_V V_ halaharvi(a)","Filter Points",7142.857143,,40,90,5142.857143,,120,240,7142.857143,,120,240,7857.142857,,40,90,5142.857143,,120,240,7142.857143,,120,240,7142.857143,,40,90,,,,,7142.857143,,120,240
,"KU_C_KD_ALLAGADDA","DW",3857.142857,,40,90,857.1428571,,120,240,7142.857143,,120,240,3857.142857,,40,90,857.1428571,,120,240,3571.428571,,120,240,3857.142857,,40,90,,,,,3571.428571,,120,240
,"KU_C_KD_ALLAGADDA","DW+PS/DCB",5714.285714,,40,90,4285.714286,,120,240,7142.857143,,120,240,5714.285714,,40,90,4285.714286,,120,240,7142.857143,,120,240,7142.857143,,40,90,,,,,7142.857143,,120,240
,"KU_C_KD_ALLAGADDA","BWs",7142.857143,,40,90,5142.857143,,120,240,14285.71429,,120,240,7142.857143,,40,90,5142.857143,,120,240,7142.857143,,120,240,14285.71429,,40,90,,,,,7142.857143,,120,240
,"KU_C_KD_ALLAGADDA","STW",22000,,40,90,5142.857143,,120,240,3571.428571,,120,240,22000,,40,90,5142.857143,,120,240,7142.857143,,120,240,22000,,40,90,,,,,7142.857143,,120,240
,"KU_C_KD_ALLAGADDA","MTW",45000,,40,90,10285.71429,,120,240,7142.857143,,120,240,45000,,40,90,10285.71429,,120,240,7142.857143,,120,240,45000,,40,90,,,,,7142.857143,,120,240
,"KU_C_KD_ALLAGADDA","Deep TW",64285.71429,,40,90,10285.71429,,120,240,7142.857143,,120,240,64285.71429,,40,90,10285.71429,,120,240,14285.71429,,120,240,64285.71429,,40,90,,,,,14285.71429,,120,240
,"KU_C_KD_ALLAGADDA","Filter Points",7142.857143,,40,90,5142.857143,,120,240,7142.857143,,120,240,7857.142857,,40,90,5142.857143,,120,240,7142.857143,,120,240,7142.857143,,40,90,,,,,7142.857143,,120,240
,"Ku_D_LK_Midthuru_C","DW",1428.571429,,40,90,857.1428571,,120,240,7142.857143,,120,240,1428.571429,,40,90,857.1428571,,120,240,3571.428571,,120,240,3857.142857,,40,90,,,,,3571.428571,,120,240
,"Ku_D_LK_Midthuru_C","DW+PS/DCB",5000,,40,90,4285.714286,,120,240,14285.71429,,120,240,4285.714286,,40,90,4285.714286,,120,240,7142.857143,,120,240,7142.857143,,40,90,,,,,7142.857143,,120,240
,"Ku_D_LK_Midthuru_C","BWs",8571.428571,,40,90,5142.857143,,120,240,3571.428571,,120,240,7142.857143,,40,90,5142.857143,,120,240,7142.857143,,120,240,14285.71429,,40,90,,,,,7142.857143,,120,240
,"Ku_D_LK_Midthuru_C","STW",0,,40,90,5142.857143,,120,240,7142.857143,,120,240,0,,40,90,5142.857143,,120,240,7142.857143,,120,240,22000,,40,90,,,,,7142.857143,,120,240
,"Ku_D_LK_Midthuru_C","MTW",0,,40,90,10285.71429,,120,240,7142.857143,,120,240,0,,40,90,10285.71429,,120,240,7142.857143,,120,240,45000,,40,90,,,,,7142.857143,,120,240
,"Ku_D_LK_Midthuru_C","Deep TW",0,,40,90,10285.71429,,120,240,7142.857143,,120,240,0,,40,90,10285.71429,,120,240,14285.71429,,120,240,64285.71429,,40,90,,,,,14285.71429,,120,240
,"Ku_D_LK_Midthuru_C","Filter Points",7142.857143,,40,90,5142.857143,,120,240,7142.857143,,120,240,7857.142857,,40,90,5142.857143,,120,240,7142.857143,,120,240,7142.857143,,40,90,,,,,7142.857143,,120,240
,"KU-D-TB-C.BELAGAL_C","DW",3857.142857,,40,90,857.1428571,,120,240,14285.71429,,120,240,3857.142857,,40,90,857.1428571,,120,240,3571.428571,,120,240,3857.142857,,40,90,,,,,3571.428571,,120,240
,"KU-D-TB-C.BELAGAL_C","DW+PS/DCB",5000,,40,90,3571.428571,,120,240,3571.428571,,120,240,5714.285714,,40,90,4285.714286,,120,240,7142.857143,,120,240,7142.857143,,40,90,,,,,7142.857143,,120,240
,"KU-D-TB-C.BELAGAL_C","BWs",8571.428571,,40,90,8571.428571,,120,240,7142.857143,,120,240,9285.714286,,40,90,5142.857143,,120,240,7142.857143,,120,240,14285.71429,,40,90,,,,,7142.857143,,120,240
,"KU-D-TB-C.BELAGAL_C","STW",22000,,40,90,5142.857143,,120,240,7142.857143,,120,240,22000,,40,90,5142.857143,,120,240,7142.857143,,120,240,22000,,40,90,,,,,7142.857143,,120,240
,"KU-D-TB-C.BELAGAL_C","MTW",45000,,40,90,10285.71429,,120,240,7142.857143,,120,240,45000,,40,90,10285.71429,,120,240,7142.857143,,120,240,45000,,40,90,,,,,7142.857143,,120,240
,"KU-D-TB-C.BELAGAL_C","Deep TW",64285.71429,,40,90,10285.71429,,120,240,7142.857143,,120,240,64285.71429,,40,90,10285.71429,,120,240,14285.71429,,120,240,64285.71429,,40,90,,,,,14285.71429,,120,240
,"KU-D-TB-C.BELAGAL_C","Filter Points",7142.857143,,40,90,5142.857143,,120,240,14285.71429,,120,240,7857.142857,,40,90,5142.857143,,120,240,7142.857143,,120,240,7142.857143,,40,90,,,,,7142.857143,,120,240
,"KU_D_TB_GUDURU_C","DW",3857.142857,,40,90,857.1428571,,120,240,3571.428571,,120,240,3857.142857,,40,90,857.1428571,,120,240,3571.428571,,120,240,3857.142857,,40,90,,,,,3571.428571,,120,240
,"KU_D_TB_GUDURU_C","DW+PS/DCB",5000,,40,90,4285.714286,,120,240,7142.857143,,120,240,5000,,40,90,4285.714286,,120,240,7142.857143,,120,240,5000,,40,90,,,,,7142.857143,,120,240
,"KU_D_TB_GUDURU_C","BWs",8571.428571,,40,90,5142.857143,,120,240,7142.857143,,120,240,7857.142857,,40,90,5142.857143,,120,240,7142.857143,,120,240,7142.857143,,40,90,,,,,7142.857143,,120,240
,"KU_D_TB_GUDURU_C","STW",22000,,40,90,5142.857143,,120,240,7142.857143,,120,240,22000,,40,90,5142.857143,,120,240,7142.857143,,120,240,22000,,40,90,,,,,7142.857143,,120,240
,"KU_D_TB_GUDURU_C","MTW",45000,,40,90,10285.71429,,120,240,7142.857143,,120,240,45000,,40,90,10285.71429,,120,240,7142.857143,,120,240,45000,,40,90,,,,,7142.857143,,120,240
,"KU_D_TB_GUDURU_C","Deep TW",64285.71429,,40,90,10285.71429,,120,240,14285.71429,,120,240,64285.71429,,40,90,10285.71429,,120,240,14285.71429,,120,240,64285.71429,,40,90,,,,,14285.71429,,120,240
,"KU_D_TB_GUDURU_C","Filter Points",7142.857143,,40,90,5142.857143,,120,240,3571.428571,,120,240,7857.142857,,40,90,5142.857143,,120,240,7142.857143,,120,240,7142.857143,,40,90,,,,,7142.857143,,120,240
,"KU_D_TB_HOLAGUNDA_C","DW",3857.142857,,40,90,857.1428571,,120,240,7142.857143,,120,240,3857.142857,,40,90,857.1428571,,120,240,3571.428571,,120,240,3857.142857,,40,90,,,,,3571.428571,,120,240
,"KU_D_TB_HOLAGUNDA_C","DW+PS/DCB",5714.285714,,40,90,4285.714286,,120,240,7142.857143,,120,240,5000,,40,90,4285.714286,,120,240,7142.857143,,120,240,7142.857143,,40,90,,,,,7142.857143,,120,240
,"KU_D_TB_HOLAGUNDA_C","BWs",10000,,40,90,5142.857143,,120,240,7142.857143,,120,240,7857.142857,,40,90,5142.857143,,120,240,7142.857143,,120,240,14285.71429,,40,90,,,,,7142.857143,,120,240
,"KU_D_TB_HOLAGUNDA_C","STW",22000,,40,90,5142.857143,,120,240,7142.857143,,120,240,22000,,40,90,5142.857143,,120,240,7142.857143,,120,240,22000,,40,90,,,,,7142.857143,,120,240
,"KU_D_TB_HOLAGUNDA_C","MTW",45000,,40,90,10285.71429,,120,240,14285.71429,,120,240,45000,,40,90,10285.71429,,120,240,7142.857143,,120,240,45000,,40,90,,,,,7142.857143,,120,240
,"KU_D_TB_HOLAGUNDA_C","Deep TW",64285.71429,,40,90,10285.71429,,120,240,3571.428571,,120,240,64285.71429,,40,90,10285.71429,,120,240,14285.71429,,120,240,64285.71429,,40,90,,,,,14285.71429,,120,240
,"KU_D_TB_HOLAGUNDA_C","Filter Points",7142.857143,,40,90,5142.857143,,120,240,7142.857143,,120,240,7857.142857,,40,90,5142.857143,,120,240,7142.857143,,120,240,7142.857143,,40,90,,,,,7142.857143,,120,240
,"KU-D-TB-KALLURU(A)","DW",3857.142857,,40,90,857.1428571,,120,240,7142.857143,,120,240,3857.142857,,40,90,857.1428571,,120,240,3571.428571,,120,240,3857.142857,,40,90,,,,,3571.428571,,120,240
,"KU-D-TB-KALLURU(A)","DW+PS/DCB",5000,,40,90,4285.714286,,120,240,7142.857143,,120,240,5000,,40,90,4285.714286,,120,240,7142.857143,,120,240,7142.857143,,40,90,,,,,7142.857143,,120,240
,"KU-D-TB-KALLURU(A)","BWs",8571.428571,,40,90,5142.857143,,120,240,7142.857143,,120,240,7857.142857,,40,90,5142.857143,,120,240,7142.857143,,120,240,14285.71429,,40,90,,,,,7142.857143,,120,240
,"KU-D-TB-KALLURU(A)","STW",22000,,40,90,5142.857143,,120,240,14285.71429,,120,240,22000,,40,90,5142.857143,,120,240,7142.857143,,120,240,22000,,40,90,,,,,7142.857143,,120,240
,"KU-D-TB-KALLURU(A)","MTW",45000,,40,90,10285.71429,,120,240,3571.428571,,120,240,45000,,40,90,10285.71429,,120,240,7142.857143,,120,240,45000,,40,90,,,,,7142.857143,,120,240
,"KU-D-TB-KALLURU(A)","Deep TW",64285.71429,,40,90,10285.71429,,120,240,7142.857143,,120,240,64285.71429,,40,90,10285.71429,,120,240,14285.71429,,120,240,64285.71429,,40,90,,,,,14285.71429,,120,240
,"KU-D-TB-KALLURU(A)","Filter Points",7142.857143,,40,90,5142.857143,,120,240,7142.857143,,120,240,7857.142857,,40,90,5142.857143,,120,240,7142.857143,,120,240,7142.857143,,40,90,,,,,7142.857143,,120,240
,"KU_D_TB_KALLURU(B)","DW",1428.571429,,40,90,857.1428571,,120,240,7142.857143,,120,240,1428.571429,,40,90,857.1428571,,120,240,3571.428571,,120,240,3857.142857,,40,90,,,,,3571.428571,,120,240
,"KU_D_TB_KALLURU(B)","DW+PS/DCB",5000,,40,90,4285.714286,,120,240,7142.857143,,120,240,5000,,40,90,4285.714286,,120,240,7142.857143,,120,240,7142.857143,,40,90,,,,,7142.857143,,120,240
,"KU_D_TB_KALLURU(B)","BWs",7857.142857,,40,90,5142.857143,,120,240,14285.71429,,120,240,7142.857143,,40,90,5142.857143,,120,240,7142.857143,,120,240,14285.71429,,40,90,,,,,7142.857143,,120,240
,"KU_D_TB_KALLURU(B)","STW",22000,,40,90,5142.857143,,120,240,3571.428571,,120,240,22000,,40,90,5142.857143,,120,240,7142.857143,,120,240,22000,,40,90,,,,,7142.857143,,120,240
,"KU_D_TB_KALLURU(B)","MTW",45000,,40,90,10285.71429,,120,240,7142.857143,,120,240,45000,,40,90,10285.71429,,120,240,7142.857143,,120,240,45000,,40,90,,,,,7142.857143,,120,240
,"KU_D_TB_KALLURU(B)","Deep TW",64285.71429,,40,90,10285.71429,,120,240,7142.857143,,120,240,64285.71429,,40,90,10285.71429,,120,240,14285.71429,,120,240,64285.71429,,40,90,,,,,14285.71429,,120,240
,"KU_D_TB_KALLURU(B)","Filter Points",7142.857143,,40,90,5142.857143,,120,240,7142.857143,,120,240,7857.142857,,40,90,5142.857143,,120,240,7142.857143,,120,240,7142.857143,,40,90,,,,,7142.857143,,120,240
,"KU_D_TB_KOWTHALAM(A)_C","DW",1428.571429,,40,90,857.1428571,,120,240,7142.857143,,120,240,1428.571429,,40,90,857.1428571,,120,240,3571.428571,,120,240,3857.142857,,40,90,,,,,3571.428571,,120,240
,"KU_D_TB_KOWTHALAM(A)_C","DW+PS/DCB",5000,,40,90,4285.714286,,120,240,14285.71429,,120,240,5000,,40,90,4285.714286,,120,240,7142.857143,,120,240,7142.857143,,40,90,,,,,7142.857143,,120,240
,"KU_D_TB_KOWTHALAM(A)_C","BWs",9285.714286,,40,90,5142.857143,,120,240,3571.428571,,120,240,9285.714286,,40,90,5142.857143,,120,240,7142.857143,,120,240,14285.71429,,40,90,,,,,7142.857143,,120,240
,"KU_D_TB_KOWTHALAM(A)_C","STW",22000,,40,90,5142.857143,,120,240,7142.857143,,120,240,0,,40,90,5142.857143,,120,240,7142.857143,,120,240,22000,,40,90,,,,,7142.857143,,120,240
,"KU_D_TB_KOWTHALAM(A)_C","MTW",45000,,40,90,10285.71429,,120,240,7142.857143,,120,240,0,,40,90,10285.71429,,120,240,7142.857143,,120,240,45000,,40,90,,,,,7142.857143,,120,240
,"KU_D_TB_KOWTHALAM(A)_C","Deep TW",64285.71429,,40,90,10285.71429,,120,240,7142.857143,,120,240,0,,40,90,10285.71429,,120,240,14285.71429,,120,240,64285.71429,,40,90,,,,,14285.71429,,120,240
,"KU_D_TB_KOWTHALAM(A)_C","Filter Points",7142.857143,,40,90,5142.857143,,120,240,7142.857143,,120,240,7857.142857,,40,90,5142.857143,,120,240,7142.857143,,120,240,7142.857143,,40,90,,,,,7142.857143,,120,240
,"KU_D_TB_KOWTHALAM","DW",1428.571429,,40,90,857.1428571,,120,240,14285.71429,,120,240,1428.571429,,40,90,857.1428571,,120,240,3571.428571,,120,240,3857.142857,,40,90,,,,,3571.428571,,120,240
,"KU_D_TB_KOWTHALAM","DW+PS/DCB",5000,,40,90,4285.714286,,120,240,3571.428571,,120,240,5000,,40,90,4285.714286,,120,240,7142.857143,,120,240,7142.857143,,40,90,,,,,7142.857143,,120,240
,"KU_D_TB_KOWTHALAM","BWs",8571.428571,,40,90,5142.857143,,120,240,7142.857143,,120,240,8571.428571,,40,90,5142.857143,,120,240,7142.857143,,120,240,14285.71429,,40,90,,,,,7142.857143,,120,240
,"KU_D_TB_KOWTHALAM","STW",0,,40,90,5142.857143,,120,240,7142.857143,,120,240,0,,40,90,5142.857143,,120,240,7142.857143,,120,240,22000,,40,90,,,,,7142.857143,,120,240
,"KU_D_TB_KOWTHALAM","MTW",0,,40,90,10285.71429,,120,240,7142.857143,,120,240,0,,40,90,10285.71429,,120,240,7142.857143,,120,240,45000,,40,90,,,,,7142.857143,,120,240
,"KU_D_TB_KOWTHALAM","Deep TW",0,,40,90,10285.71429,,120,240,7142.857143,,120,240,0,,40,90,10285.71429,,120,240,14285.71429,,120,240,64285.71429,,40,90,,,,,14285.71429,,120,240
,"KU_D_TB_KOWTHALAM","Filter Points",7142.857143,,40,90,5142.857143,,120,240,14285.71429,,120,240,7857.142857,,40,90,5142.857143,,120,240,7142.857143,,120,240,7142.857143,,40,90,,,,,7142.857143,,120,240
,"KU_D_TB_KURNOOL","DW",3857.142857,,40,90,857.1428571,,120,240,3571.428571,,120,240,3857.142857,,40,90,857.1428571,,120,240,3571.428571,,120,240,3857.142857,,40,90,,,,,3571.428571,,120,240
,"KU_D_TB_KURNOOL","DW+PS/DCB",7142.857143,,40,90,4285.714286,,120,240,7142.857143,,120,240,7142.857143,,40,90,4285.714286,,120,240,7142.857143,,120,240,7142.857143,,40,90,,,,,7142.857143,,120,240
,"KU_D_TB_KURNOOL","BWs",7142.857143,,40,90,5142.857143,,120,240,7142.857143,,120,240,7142.857143,,40,90,5142.857143,,120,240,7142.857143,,120,240,14285.71429,,40,90,,,,,7142.857143,,120,240
,"KU_D_TB_KURNOOL","STW",22000,,40,90,5142.857143,,120,240,7142.857143,,120,240,22000,,40,90,5142.857143,,120,240,7142.857143,,120,240,22000,,40,90,,,,,7142.857143,,120,240
,"KU_D_TB_KURNOOL","MTW",45000,,40,90,10285.71429,,120,240,7142.857143,,120,240,45000,,40,90,10285.71429,,120,240,7142.857143,,120,240,45000,,40,90,,,,,7142.857143,,120,240
,"KU_D_TB_KURNOOL","Deep TW",64285.71429,,40,90,10285.71429,,120,240,14285.71429,,120,240,64285.71429,,40,90,10285.71429,,120,240,14285.71429,,120,240,64285.71429,,40,90,,,,,14285.71429,,120,240
,"KU_D_TB_KURNOOL","Filter Points",7142.857143,,40,90,5142.857143,,120,240,3571.428571,,120,240,7857.142857,,40,90,5142.857143,,120,240,7142.857143,,120,240,7142.857143,,40,90,,,,,7142.857143,,120,240
,"KU_D_TB_NANDAVARAM_C","DW",3857.142857,,40,90,857.1428571,,120,240,7142.857143,,120,240,3857.142857,,40,60,857.1428571,,120,240,3571.428571,,120,240,3857.142857,,40,90,,,,,3571.428571,,120,240
,"KU_D_TB_NANDAVARAM_C","DW+PS/DCB",5714.285714,,40,90,4285.714286,,120,240,7142.857143,,120,240,5000,,40,60,4285.714286,,120,240,7142.857143,,120,240,7142.857143,,40,90,,,,,7142.857143,,120,240
,"KU_D_TB_NANDAVARAM_C","BWs",9285.714286,,40,90,5142.857143,,120,240,7142.857143,,120,240,7142.857143,,40,60,5142.857143,,120,240,7142.857143,,120,240,14285.71429,,40,90,,,,,7142.857143,,120,240
,"KU_D_TB_NANDAVARAM_C","STW",22000,,40,90,5142.857143,,120,240,7142.857143,,120,240,22000,,40,60,5142.857143,,120,240,7142.857143,,120,240,22000,,40,90,,,,,7142.857143,,120,240
,"KU_D_TB_NANDAVARAM_C","MTW",45000,,40,90,10285.71429,,120,240,14285.71429,,120,240,45000,,40,90,10285.71429,,120,240,7142.857143,,120,240,45000,,40,90,,,,,7142.857143,,120,240
,"KU_D_TB_NANDAVARAM_C","Deep TW",64285.71429,,40,90,10285.71429,,120,240,3571.428571,,120,240,64285.71429,,40,90,10285.71429,,120,240,14285.71429,,120,240,64285.71429,,40,90,,,,,14285.71429,,120,240
,"KU_D_TB_NANDAVARAM_C","Filter Points",7142.857143,,40,90,5142.857143,,120,240,7142.857143,,120,240,7857.142857,,40,90,5142.857143,,120,240,7142.857143,,120,240,7142.857143,,40,90,,,,,7142.857143,,120,240
,"Ku_D_TB_Nandikotkuru_C","DW",1428.571429,,40,90,857.1428571,,120,240,7142.857143,,120,240,1428.571429,,40,90,857.1428571,,120,240,3571.428571,,120,240,3857.142857,,40,90,,,,,3571.428571,,120,240
,"Ku_D_TB_Nandikotkuru_C","DW+PS/DCB",4285.714286,,40,90,4285.714286,,120,240,7142.857143,,120,240,4285.714286,,40,90,4285.714286,,120,240,7142.857143,,120,240,7142.857143,,40,90,,,,,7142.857143,,120,240
,"Ku_D_TB_Nandikotkuru_C","BWs",9285.714286,,40,90,5142.857143,,120,240,7142.857143,,120,240,9285.714286,,40,90,5142.857143,,120,240,7142.857143,,120,240,14285.71429,,40,90,,,,,7142.857143,,120,240
,"Ku_D_TB_Nandikotkuru_C","STW",22000,,40,90,5142.857143,,120,240,14285.71429,,120,240,22000,,40,90,5142.857143,,120,240,7142.857143,,120,240,22000,,40,90,,,,,7142.857143,,120,240
,"Ku_D_TB_Nandikotkuru_C","MTW",45000,,40,90,10285.71429,,120,240,3571.428571,,120,240,45000,,40,90,10285.71429,,120,240,7142.857143,,120,240,45000,,40,90,,,,,7142.857143,,120,240
,"Ku_D_TB_Nandikotkuru_C","Deep TW",64285.71429,,40,90,10285.71429,,120,240,7142.857143,,120,240,64285.71429,,40,90,10285.71429,,120,240,14285.71429,,120,240,64285.71429,,40,90,,,,,14285.71429,,120,240
,"Ku_D_TB_Nandikotkuru_C","Filter Points",7142.857143,,40,90,5142.857143,,120,240,7142.857143,,120,240,7857.142857,,40,90,5142.857143,,120,240,7142.857143,,120,240,7142.857143,,40,90,,,,,7142.857143,,120,240
,"KU_D_TB_PEDDAKADABUR_C","DW",1428.571429,,40,90,857.1428571,,120,240,7142.857143,,120,240,1428.571429,,40,90,857.1428571,,120,240,3571.428571,,120,240,1428.571429,,40,90,,,,,3571.428571,,120,240
,"KU_D_TB_PEDDAKADABUR_C","DW+PS/DCB",5000,,40,90,4285.714286,,120,240,7142.857143,,120,240,5000,,40,90,4285.714286,,120,240,7142.857143,,120,240,5000,,40,90,,,,,7142.857143,,120,240
,"KU_D_TB_PEDDAKADABUR_C","BWs",9285.714286,,40,90,5142.857143,,120,240,14285.71429,,120,240,8571.428571,,40,90,5142.857143,,120,240,7142.857143,,120,240,8571.428571,,40,90,,,,,7142.857143,,120,240
,"KU_D_TB_PEDDAKADABUR_C","STW",22000,,40,90,5142.857143,,120,240,3571.428571,,120,240,22000,,40,90,5142.857143,,120,240,7142.857143,,120,240,22000,,40,90,,,,,7142.857143,,120,240
,"KU_D_TB_PEDDAKADABUR_C","MTW",45000,,40,90,10285.71429,,120,240,7142.857143,,120,240,45000,,40,90,10285.71429,,120,240,7142.857143,,120,240,45000,,40,90,,,,,7142.857143,,120,240
,"KU_D_TB_PEDDAKADABUR_C","Deep TW",64285.71429,,40,90,10285.71429,,120,240,7142.857143,,120,240,64285.71429,,40,90,10285.71429,,120,240,14285.71429,,120,240,64285.71429,,40,90,,,,,14285.71429,,120,240
,"KU_D_TB_PEDDAKADABUR_C","Filter Points",7142.857143,,40,90,5142.857143,,120,240,7142.857143,,120,240,7857.142857,,40,90,5142.857143,,120,240,7142.857143,,120,240,7142.857143,,40,90,,,,,7142.857143,,120,240
,"KU_D_TB_YEMMIGANUR-B_C","DW",3857.142857,,40,90,857.1428571,,120,240,7142.857143,,120,240,3857.142857,,40,90,857.1428571,,120,240,3571.428571,,120,240,3857.142857,,40,90,,,,,3571.428571,,120,240
,"KU_D_TB_YEMMIGANUR-B_C","DW+PS/DCB",5000,,40,90,3571.428571,,120,240,14285.71429,,120,240,5000,,40,90,4285.714286,,120,240,7142.857143,,120,240,7142.857143,,40,90,,,,,7142.857143,,120,240
,"KU_D_TB_YEMMIGANUR-B_C","BWs",8571.428571,,40,90,8571.428571,,120,240,3571.428571,,120,240,8571.428571,,40,90,5142.857143,,120,240,7142.857143,,120,240,14285.71429,,40,90,,,,,7142.857143,,120,240
,"KU_D_TB_YEMMIGANUR-B_C","STW",22000,,40,90,5142.857143,,120,240,7142.857143,,120,240,22000,,40,90,5142.857143,,120,240,7142.857143,,120,240,22000,,40,90,,,,,7142.857143,,120,240
,"KU_D_TB_YEMMIGANUR-B_C","MTW",45000,,40,90,10285.71429,,120,240,7142.857143,,120,240,45000,,40,90,10285.71429,,120,240,7142.857143,,120,240,45000,,40,90,,,,,7142.857143,,120,240
,"KU_D_TB_YEMMIGANUR-B_C","Deep TW",64285.71429,,40,90,10285.71429,,120,240,7142.857143,,120,240,64285.71429,,40,90,10285.71429,,120,240,14285.71429,,120,240,64285.71429,,40,90,,,,,14285.71429,,120,240
,"KU_D_TB_YEMMIGANUR-B_C","Filter Points",7142.857143,,40,90,5142.857143,,120,240,7142.857143,,120,240,7857.142857,,40,90,5142.857143,,120,240,7142.857143,,120,240,7142.857143,,40,90,,,,,7142.857143,,120,240
,"KU_D_TB_YEMMIGANUR_C","DW",3857.142857,,40,90,857.1428571,,120,240,14285.71429,,120,240,3857.142857,,40,90,857.1428571,,120,240,3571.428571,,120,240,3857.142857,,40,90,,,,,3571.428571,,120,240
,"KU_D_TB_YEMMIGANUR_C","DW+PS/DCB",5000,,40,90,4285.714286,,120,240,3571.428571,,120,240,4285.714286,,40,90,4285.714286,,120,240,7142.857143,,120,240,7142.857143,,40,90,,,,,7142.857143,,120,240
,"KU_D_TB_YEMMIGANUR_C","BWs",8571.428571,,40,90,5142.857143,,120,240,7142.857143,,120,240,8571.428571,,40,90,5142.857143,,120,240,7142.857143,,120,240,14285.71429,,40,90,,,,,7142.857143,,120,240
,"KU_D_TB_YEMMIGANUR_C","STW",22000,,40,90,5142.857143,,120,240,7142.857143,,120,240,22000,,40,90,5142.857143,,120,240,7142.857143,,120,240,22000,,40,90,,,,,7142.857143,,120,240
,"KU_D_TB_YEMMIGANUR_C","MTW",45000,,40,90,10285.71429,,120,240,7142.857143,,120,240,45000,,40,90,10285.71429,,120,240,7142.857143,,120,240,45000,,40,90,,,,,7142.857143,,120,240
,"KU_D_TB_YEMMIGANUR_C","Deep TW",64285.71429,,40,90,10285.71429,,120,240,7142.857143,,120,240,64285.71429,,40,90,10285.71429,,120,240,14285.71429,,120,240,64285.71429,,40,90,,,,,14285.71429,,120,240
,"KU_D_TB_YEMMIGANUR_C","Filter Points",7142.857143,,40,90,5142.857143,,120,240,14285.71429,,120,240,7857.142857,,40,90,5142.857143,,120,240,7142.857143,,120,240,7142.857143,,40,90,,,,,7142.857143,,120,240
,"KU_D_VV_CHIPPAGIRI-B_C","DW",3857.142857,,40,90,857.1428571,,120,240,3571.428571,,120,240,3857.142857,,40,90,857.1428571,,120,240,3571.428571,,120,240,3857.142857,,40,90,,,,,3571.428571,,120,240
,"KU_D_VV_CHIPPAGIRI-B_C","DW+PS/DCB",7142.857143,,40,90,4285.714286,,120,240,7142.857143,,120,240,5714.285714,,40,90,4285.714286,,120,240,7142.857143,,120,240,7142.857143,,40,90,,,,,7142.857143,,120,240
,"KU_D_VV_CHIPPAGIRI-B_C","BWs",14285.71429,,40,90,5142.857143,,120,240,7142.857143,,120,240,9285.714286,,40,90,5142.857143,,120,240,7142.857143,,120,240,14285.71429,,40,90,,,,,7142.857143,,120,240
,"KU_D_VV_CHIPPAGIRI-B_C","STW",22000,,40,90,5142.857143,,120,240,7142.857143,,120,240,22000,,40,90,5142.857143,,120,240,7142.857143,,120,240,22000,,40,90,,,,,7142.857143,,120,240
,"KU_D_VV_CHIPPAGIRI-B_C","MTW",45000,,40,90,10285.71429,,120,240,7142.857143,,120,240,45000,,40,90,10285.71429,,120,240,7142.857143,,120,240,45000,,40,90,,,,,7142.857143,,120,240
,"KU_D_VV_CHIPPAGIRI-B_C","Deep TW",64285.71429,,40,90,10285.71429,,120,240,14285.71429,,120,240,64285.71429,,40,90,10285.71429,,120,240,14285.71429,,120,240,64285.71429,,40,90,,,,,14285.71429,,120,240
,"KU_D_VV_CHIPPAGIRI-B_C","Filter Points",7142.857143,,40,90,5142.857143,,120,240,3571.428571,,120,240,7857.142857,,40,90,5142.857143,,120,240,7142.857143,,120,240,7142.857143,,40,90,,,,,7142.857143,,120,240
,"KU_D_VV_HOLAGONDA_C","DW",3857.142857,,40,90,857.1428571,,120,240,7142.857143,,120,240,3857.142857,,40,90,857.1428571,,120,240,3571.428571,,120,240,3857.142857,,40,90,,,,,3571.428571,,120,240
,"KU_D_VV_HOLAGONDA_C","DW+PS/DCB",4285.714286,,40,90,4285.714286,,120,240,7142.857143,,120,240,7142.857143,,40,90,4285.714286,,120,240,7142.857143,,120,240,7142.857143,,40,90,,,,,7142.857143,,120,240
,"KU_D_VV_HOLAGONDA_C","BWs",8571.428571,,40,90,5142.857143,,120,240,7142.857143,,120,240,14285.71429,,40,90,5142.857143,,120,240,7142.857143,,120,240,14285.71429,,40,90,,,,,7142.857143,,120,240
,"KU_D_VV_HOLAGONDA_C","STW",22000,,40,90,5142.857143,,120,240,7142.857143,,120,240,22000,,40,90,5142.857143,,120,240,7142.857143,,120,240,22000,,40,90,,,,,7142.857143,,120,240
,"KU_D_VV_HOLAGONDA_C","MTW",45000,,40,90,10285.71429,,120,240,14285.71429,,120,240,45000,,40,90,10285.71429,,120,240,7142.857143,,120,240,45000,,40,90,,,,,7142.857143,,120,240
,"KU_D_VV_HOLAGONDA_C","Deep TW",64285.71429,,40,90,10285.71429,,120,240,3571.428571,,120,240,64285.71429,,40,90,10285.71429,,120,240,14285.71429,,120,240,64285.71429,,40,90,,,,,14285.71429,,120,240
,"KU_D_VV_HOLAGONDA_C","Filter Points",7142.857143,,40,90,5142.857143,,120,240,7142.857143,,120,240,7857.142857,,40,90,5142.857143,,120,240,7142.857143,,120,240,7142.857143,,40,90,,,,,7142.857143,,120,240
,"KU_P_KD_Owk","DW",3857.142857,,40,90,857.1428571,,120,240,7142.857143,,120,240,3857.142857,,40,90,857.1428571,,120,240,3571.428571,,120,240,3857.142857,,40,90,,,,,3571.428571,,120,240
,"KU_P_KD_Owk","DW+PS/DCB",4285.714286,,40,90,4285.714286,,120,240,7142.857143,,120,240,7142.857143,,40,90,4285.714286,,120,240,7142.857143,,120,240,7142.857143,,40,90,,,,,7142.857143,,120,240
,"KU_P_KD_Owk","BWs",8571.428571,,40,90,5142.857143,,120,240,7142.857143,,120,240,14285.71429,,40,90,5142.857143,,120,240,7142.857143,,120,240,14285.71429,,40,90,,,,,7142.857143,,120,240
,"KU_P_KD_Owk","STW",22000,,40,90,5142.857143,,120,240,14285.71429,,120,240,22000,,40,90,5142.857143,,120,240,7142.857143,,120,240,22000,,40,90,,,,,7142.857143,,120,240
,"KU_P_KD_Owk","MTW",45000,,40,90,10285.71429,,120,240,3571.428571,,120,240,45000,,40,90,10285.71429,,120,240,7142.857143,,120,240,45000,,40,90,,,,,7142.857143,,120,240
,"KU_P_KD_Owk","Deep TW",64285.71429,,40,90,10285.71429,,120,240,7142.857143,,120,240,64285.71429,,40,90,10285.71429,,120,240,14285.71429,,120,240,64285.71429,,40,90,,,,,14285.71429,,120,240
,"KU_P_KD_Owk","Filter Points",7142.857143,,40,90,5142.857143,,120,240,7142.857143,,120,240,7857.142857,,40,90,5142.857143,,120,240,7142.857143,,120,240,7142.857143,,40,90,,,,,7142.857143,,120,240
,"KU_C_KD_KOLIMIGUNDLA","DW",,,,,,,,,,,,,1428.571429,,40,60,571.4285714,,120,240,3571.428571,,120,240,,,,,,,,,,,,
,"KU_C_KD_KOLIMIGUNDLA","DW+PS/DCB",,,,,,,,,,,,,4285.714286,,45,60,2857.142857,,120,240,7142.857143,,120,240,,,,,,,,,,,,
,"KU_C_KD_KOLIMIGUNDLA","BWs",,,,,,,,,,,,,8571.428571,,45,60,2857.142857,,120,240,7142.857143,,120,240,,,,,,,,,,,,
,"KU_C_KD_KOLIMIGUNDLA","STW",,,,,,,,,,,,,14285.71429,,40,60,5142.857143,,120,240,7142.857143,,120,240,,,,,,,,,,,,
,"KU_C_KD_KOLIMIGUNDLA","MTW",,,,,,,,,,,,,14285.71429,,40,60,10285.71429,,120,240,7142.857143,,120,240,,,,,,,,,,,,
,"KU_C_KD_KOLIMIGUNDLA","Deep TW",,,,,,,,,,,,,21428.57143,,40,60,10285.71429,,120,240,14285.71429,,120,240,,,,,,,,,,,,
,"KU_C_KD_KOLIMIGUNDLA","Filter Points",,,,,,,,,,,,,7142.857143,,40,60,5142.857143,,120,240,7142.857143,,120,240,,,,,,,,,,,,
,"KU_C_KD_MAHANANDI(RF)","DW",,,,,,,,,,,,,1428.571429,,40,90,571.4285714,,120,240,3571.428571,,120,240,,,,,,,,,,,,
,"KU_C_KD_MAHANANDI(RF)","DW+PS/DCB",,,,,,,,,,,,,5000,,45,88,4285.714286,,120,240,7142.857143,,120,240,,,,,,,,,,,,
,"KU_C_KD_MAHANANDI(RF)","BWs",,,,,,,,,,,,,8571.428571,,45,90,5142.857143,,120,240,7142.857143,,120,240,,,,,,,,,,,,
,"KU_C_KD_MAHANANDI(RF)","STW",,,,,,,,,,,,,22000,,40,90,5142.857143,,120,240,7142.857143,,120,240,,,,,,,,,,,,
,"KU_C_KD_MAHANANDI(RF)","MTW",,,,,,,,,,,,,45000,,40,90,10285.71429,,120,240,7142.857143,,120,240,,,,,,,,,,,,
,"KU_C_KD_MAHANANDI(RF)","Deep TW",,,,,,,,,,,,,64285.71429,,40,90,10285.71429,,120,240,14285.71429,,120,240,,,,,,,,,,,,
,"KU_C_KD_MAHANANDI(RF)","Filter Points",,,,,,,,,,,,,7142.857143,,40,90,5142.857143,,120,240,7142.857143,,120,240,,,,,,,,,,,,
,"KU_C_KD_Orvakal(a)-Nc","DW",,,,,,,,,,,,,1428.571429,,40,90,571.4285714,,120,240,3571.428571,,120,240,,,,,,,,,,,,
,"KU_C_KD_Orvakal(a)-Nc","DW+PS/DCB",,,,,,,,,,,,,4285.714286,,45,60,2857.142857,,120,240,7142.857143,,120,240,,,,,,,,,,,,
,"KU_C_KD_Orvakal(a)-Nc","BWs",,,,,,,,,,,,,8571.428571,,45,60,4285.714286,,120,240,7142.857143,,120,240,,,,,,,,,,,,
,"KU_C_KD_Orvakal(a)-Nc","STW",,,,,,,,,,,,,17142.85714,,40,90,5142.857143,,120,240,7142.857143,,120,240,,,,,,,,,,,,
,"KU_C_KD_Orvakal(a)-Nc","MTW",,,,,,,,,,,,,45000,,40,90,10285.71429,,120,240,7142.857143,,120,240,,,,,,,,,,,,
,"KU_C_KD_Orvakal(a)-Nc","Deep TW",,,,,,,,,,,,,64285.71429,,40,90,10285.71429,,120,240,14285.71429,,120,240,,,,,,,,,,,,
,"KU_C_KD_Orvakal(a)-Nc","Filter Points",,,,,,,,,,,,,7142.857143,,40,90,5142.857143,,120,240,7142.857143,,120,240,,,,,,,,,,,,
,"KU_C_KD_Orvakal(b)-Nc","DW",,,,,,,,,,,,,1428.571429,,40,90,571.4285714,,120,240,3571.428571,,120,240,,,,,,,,,,,,
,"KU_C_KD_Orvakal(b)-Nc","DW+PS/DCB",,,,,,,,,,,,,4285.714286,,45,88,4285.714286,,120,240,7142.857143,,120,240,,,,,,,,,,,,
,"KU_C_KD_Orvakal(b)-Nc","BWs",,,,,,,,,,,,,8571.428571,,45,90,5142.857143,,120,240,7142.857143,,120,240,,,,,,,,,,,,
,"KU_C_KD_Orvakal(b)-Nc","STW",,,,,,,,,,,,,22000,,40,90,5142.857143,,120,240,7142.857143,,120,240,,,,,,,,,,,,
,"KU_C_KD_Orvakal(b)-Nc","MTW",,,,,,,,,,,,,45000,,40,90,10285.71429,,120,240,7142.857143,,120,240,,,,,,,,,,,,
,"KU_C_KD_Orvakal(b)-Nc","Deep TW",,,,,,,,,,,,,64285.71429,,40,90,10285.71429,,120,240,14285.71429,,120,240,,,,,,,,,,,,
,"KU_C_KD_Orvakal(b)-Nc","Filter Points",,,,,,,,,,,,,7142.857143,,40,90,5142.857143,,120,240,7142.857143,,120,240,,,,,,,,,,,,
,"KU_C_KD_Orvakal(c)-Nc","DW",,,,,,,,,,,,,1428.571429,,40,60,571.4285714,,120,240,3571.428571,,120,240,,,,,,,,,,,,
,"KU_C_KD_Orvakal(c)-Nc","DW+PS/DCB",,,,,,,,,,,,,5714.285714,,45,60,2857.142857,,120,240,7142.857143,,120,240,,,,,,,,,,,,
,"KU_C_KD_Orvakal(c)-Nc","BWs",,,,,,,,,,,,,8571.428571,,45,60,2857.142857,,120,240,7142.857143,,120,240,,,,,,,,,,,,
,"KU_C_KD_Orvakal(c)-Nc","STW",,,,,,,,,,,,,22000,,40,60,5142.857143,,120,240,7142.857143,,120,240,,,,,,,,,,,,
,"KU_C_KD_Orvakal(c)-Nc","MTW",,,,,,,,,,,,,45000,,40,90,10285.71429,,120,240,7142.857143,,120,240,,,,,,,,,,,,
,"KU_C_KD_Orvakal(c)-Nc","Deep TW",,,,,,,,,,,,,64285.71429,,40,90,10285.71429,,120,240,14285.71429,,120,240,,,,,,,,,,,,
,"KU_C_KD_Orvakal(c)-Nc","Filter Points",,,,,,,,,,,,,7142.857143,,40,90,5142.857143,,120,240,7142.857143,,120,240,,,,,,,,,,,,
,"KU_C_KD_PEAPULLY_(A)_NC","DW",,,,,,,,,,,,,1428.571429,,40,90,571.4285714,,120,240,3571.428571,,120,240,,,,,,,,,,,,
,"KU_C_KD_PEAPULLY_(A)_NC","DW+PS/DCB",,,,,,,,,,,,,5000,,45,90,2857.142857,,120,240,7142.857143,,120,240,,,,,,,,,,,,
,"KU_C_KD_PEAPULLY_(A)_NC","BWs",,,,,,,,,,,,,9285.714286,,45,90,3571.428571,,120,240,7142.857143,,120,240,,,,,,,,,,,,
,"KU_C_KD_PEAPULLY_(A)_NC","STW",,,,,,,,,,,,,14285.71429,,40,90,5142.857143,,120,240,7142.857143,,120,240,,,,,,,,,,,,
,"KU_C_KD_PEAPULLY_(A)_NC","MTW",,,,,,,,,,,,,14285.71429,,40,60,10285.71429,,120,240,7142.857143,,120,240,,,,,,,,,,,,
,"KU_C_KD_PEAPULLY_(A)_NC","Deep TW",,,,,,,,,,,,,17142.85714,,40,90,10285.71429,,120,240,14285.71429,,120,240,,,,,,,,,,,,
,"KU_C_KD_PEAPULLY_(A)_NC","Filter Points",,,,,,,,,,,,,7142.857143,,40,90,5142.857143,,120,240,7142.857143,,120,240,,,,,,,,,,,,
,"KU_C_KD_UYYALAWADA(A)","DW",,,,,,,,,,,,,1428.571429,,40,90,571.4285714,,120,240,3571.428571,,120,240,,,,,,,,,,,,
,"KU_C_KD_UYYALAWADA(A)","DW+PS/DCB",,,,,,,,,,,,,5714.285714,,45,88,4285.714286,,120,240,7142.857143,,120,240,,,,,,,,,,,,
,"KU_C_KD_UYYALAWADA(A)","BWs",,,,,,,,,,,,,8571.428571,,45,90,5142.857143,,120,240,7142.857143,,120,240,,,,,,,,,,,,
,"KU_C_KD_UYYALAWADA(A)","STW",,,,,,,,,,,,,22000,,40,90,5142.857143,,120,240,7142.857143,,120,240,,,,,,,,,,,,
,"KU_C_KD_UYYALAWADA(A)","MTW",,,,,,,,,,,,,45000,,40,90,10285.71429,,120,240,7142.857143,,120,240,,,,,,,,,,,,
,"KU_C_KD_UYYALAWADA(A)","Deep TW",,,,,,,,,,,,,64285.71429,,40,90,10285.71429,,120,240,14285.71429,,120,240,,,,,,,,,,,,
,"KU_C_KD_UYYALAWADA(A)","Filter Points",,,,,,,,,,,,,7142.857143,,40,90,5142.857143,,120,240,7142.857143,,120,240,,,,,,,,,,,,
,"KU_C_KD_Banaganapalli(b)","DW",,,,,,,,,,,,,1428.571429,,40,60,571.4285714,,120,240,3571.428571,,120,240,,,,,,,,,,,,
,"KU_C_KD_Banaganapalli(b)","DW+PS/DCB",,,,,,,,,,,,,5714.285714,,45,60,2857.142857,,120,240,7142.857143,,120,240,,,,,,,,,,,,
,"KU_C_KD_Banaganapalli(b)","BWs",,,,,,,,,,,,,8571.428571,,45,60,2857.142857,,120,240,7142.857143,,120,240,,,,,,,,,,,,
,"KU_C_KD_Banaganapalli(b)","STW",,,,,,,,,,,,,22000,,40,60,5142.857143,,120,240,7142.857143,,120,240,,,,,,,,,,,,
,"KU_C_KD_Banaganapalli(b)","MTW",,,,,,,,,,,,,45000,,40,90,10285.71429,,120,240,7142.857143,,120,240,,,,,,,,,,,,
,"KU_C_KD_Banaganapalli(b)","Deep TW",,,,,,,,,,,,,64285.71429,,40,90,10285.71429,,120,240,14285.71429,,120,240,,,,,,,,,,,,
,"KU_C_KD_Banaganapalli(b)","Filter Points",,,,,,,,,,,,,7142.857143,,40,90,5142.857143,,120,240,7142.857143,,120,240,,,,,,,,,,,,
,"KU_C_MP_PEAPULLY(B)","DW",,,,,,,,,,,,,2857.142857,,40,60,571.4285714,,120,240,3571.428571,,120,240,,,,,,,,,,,,
,"KU_C_MP_PEAPULLY(B)","DW+PS/DCB",,,,,,,,,,,,,5714.285714,,45,60,2857.142857,,120,240,7142.857143,,120,240,,,,,,,,,,,,
,"KU_C_MP_PEAPULLY(B)","BWs",,,,,,,,,,,,,10000,,45,60,2857.142857,,120,240,7142.857143,,120,240,,,,,,,,,,,,
,"KU_C_MP_PEAPULLY(B)","STW",,,,,,,,,,,,,14285.71429,,40,60,5142.857143,,120,240,7142.857143,,120,240,,,,,,,,,,,,
,"KU_C_MP_PEAPULLY(B)","MTW",,,,,,,,,,,,,14285.71429,,40,90,10285.71429,,120,240,7142.857143,,120,240,,,,,,,,,,,,
,"KU_C_MP_PEAPULLY(B)","Deep TW",,,,,,,,,,,,,17142.85714,,40,90,10285.71429,,120,240,14285.71429,,120,240,,,,,,,,,,,,
,"KU_C_MP_PEAPULLY(B)","Filter Points",,,,,,,,,,,,,7142.857143,,40,90,5142.857143,,120,240,7142.857143,,120,240,,,,,,,,,,,,
,"Ku_C_MP_Tuggali(a)","DW",,,,,,,,,,,,,1428.571429,,40,90,571.4285714,,120,240,3571.428571,,120,240,,,,,,,,,,,,
,"Ku_C_MP_Tuggali(a)","DW+PS/DCB",,,,,,,,,,,,,5000,,45,88,4285.714286,,120,240,7142.857143,,120,240,,,,,,,,,,,,
,"Ku_C_MP_Tuggali(a)","BWs",,,,,,,,,,,,,8571.428571,,45,90,5142.857143,,120,240,7142.857143,,120,240,,,,,,,,,,,,
,"Ku_C_MP_Tuggali(a)","STW",,,,,,,,,,,,,22000,,40,90,5142.857143,,120,240,7142.857143,,120,240,,,,,,,,,,,,
,"Ku_C_MP_Tuggali(a)","MTW",,,,,,,,,,,,,45000,,40,90,10285.71429,,120,240,7142.857143,,120,240,,,,,,,,,,,,
,"Ku_C_MP_Tuggali(a)","Deep TW",,,,,,,,,,,,,64285.71429,,40,90,10285.71429,,120,240,14285.71429,,120,240,,,,,,,,,,,,
,"Ku_C_MP_Tuggali(a)","Filter Points",,,,,,,,,,,,,7142.857143,,40,90,5142.857143,,120,240,7142.857143,,120,240,,,,,,,,,,,,
,"KU_C_MP_Tuggali(b)","DW",,,,,,,,,,,,,1428.571429,,40,90,571.4285714,,120,240,3571.428571,,120,240,,,,,,,,,,,,
,"KU_C_MP_Tuggali(b)","DW+PS/DCB",,,,,,,,,,,,,5000,,45,88,4285.714286,,120,240,7142.857143,,120,240,,,,,,,,,,,,
,"KU_C_MP_Tuggali(b)","BWs",,,,,,,,,,,,,7857.142857,,45,90,5142.857143,,120,240,7142.857143,,120,240,,,,,,,,,,,,
,"KU_C_MP_Tuggali(b)","STW",,,,,,,,,,,,,22000,,40,90,5142.857143,,120,240,7142.857143,,120,240,,,,,,,,,,,,
,"KU_C_MP_Tuggali(b)","MTW",,,,,,,,,,,,,45000,,40,90,10285.71429,,120,240,7142.857143,,120,240,,,,,,,,,,,,
,"KU_C_MP_Tuggali(b)","Deep TW",,,,,,,,,,,,,64285.71429,,40,90,10285.71429,,120,240,14285.71429,,120,240,,,,,,,,,,,,
,"KU_C_MP_Tuggali(b)","Filter Points",,,,,,,,,,,,,7142.857143,,40,90,5142.857143,,120,240,7142.857143,,120,240,,,,,,,,,,,,
,"KU_D_LK_Atmakuru(a)","DW",,,,,,,,,,,,,1428.571429,,40,80,571.4285714,,180,180,3571.428571,,180,180,,,,,,,,,,,,
,"KU_D_LK_Atmakuru(a)","DW+PS/DCB",,,,,,,,,,,,,5000,,40,80,2857.142857,,180,180,7142.857143,,180,180,,,,,,,,,,,,
,"KU_D_LK_Atmakuru(a)","BWs",,,,,,,,,,,,,7857.142857,,40,80,2857.142857,,180,180,7142.857143,,180,180,,,,,,,,,,,,
,"KU_D_LK_Atmakuru(a)","STW",,,,,,,,,,,,,14285.71429,,40,90,5142.857143,,180,180,7142.857143,,180,180,,,,,,,,,,,,
,"KU_D_LK_Atmakuru(a)","MTW",,,,,,,,,,,,,14285.71429,,40,90,10285.71429,,180,180,7142.857143,,180,180,,,,,,,,,,,,
,"KU_D_LK_Atmakuru(a)","Deep TW",,,,,,,,,,,,,17142.85714,,40,90,10285.71429,,180,180,14285.71429,,180,180,,,,,,,,,,,,
,"KU_D_LK_Atmakuru(a)","Filter Points",,,,,,,,,,,,,7142.857143,,40,90,5142.857143,,180,180,7142.857143,,180,180,,,,,,,,,,,,
,"Ku_D_Lk_Atmakuru(b)","DW",,,,,,,,,,,,,3857.142857,,40,60,571.4285714,,120,240,3571.428571,,120,240,,,,,,,,,,,,
,"Ku_D_Lk_Atmakuru(b)","DW+PS/DCB",,,,,,,,,,,,,4285.714286,,45,60,2857.142857,,120,240,7142.857143,,120,240,,,,,,,,,,,,
,"Ku_D_Lk_Atmakuru(b)","BWs",,,,,,,,,,,,,7857.142857,,45,60,2857.142857,,120,240,7142.857143,,120,240,,,,,,,,,,,,
,"Ku_D_Lk_Atmakuru(b)","STW",,,,,,,,,,,,,14285.71429,,40,60,5142.857143,,120,240,7142.857143,,120,240,,,,,,,,,,,,
,"Ku_D_Lk_Atmakuru(b)","MTW",,,,,,,,,,,,,14285.71429,,40,90,10285.71429,,120,240,7142.857143,,120,240,,,,,,,,,,,,
,"Ku_D_Lk_Atmakuru(b)","Deep TW",,,,,,,,,,,,,17142.85714,,40,90,10285.71429,,120,240,14285.71429,,120,240,,,,,,,,,,,,
,"Ku_D_Lk_Atmakuru(b)","Filter Points",,,,,,,,,,,,,7142.857143,,40,90,5142.857143,,120,240,7142.857143,,120,240,,,,,,,,,,,,
,"KU_D_TB_Dhone(a)","DW",,,,,,,,,,,,,1428.571429,,40,90,571.4285714,,180,180,3571.428571,,180,180,,,,,,,,,,,,
,"KU_D_TB_Dhone(a)","DW+PS/DCB",,,,,,,,,,,,,5000,,40,90,4285.714286,,180,180,7142.857143,,180,180,,,,,,,,,,,,
,"KU_D_TB_Dhone(a)","BWs",,,,,,,,,,,,,8571.428571,,40,90,5142.857143,,180,180,7142.857143,,180,180,,,,,,,,,,,,
,"KU_D_TB_Dhone(a)","STW",,,,,,,,,,,,,22000,,40,90,5142.857143,,180,180,7142.857143,,180,180,,,,,,,,,,,,
,"KU_D_TB_Dhone(a)","MTW",,,,,,,,,,,,,45000,,40,90,10285.71429,,180,180,7142.857143,,180,180,,,,,,,,,,,,
,"KU_D_TB_Dhone(a)","Deep TW",,,,,,,,,,,,,64285.71429,,40,90,10285.71429,,180,180,14285.71429,,180,180,,,,,,,,,,,,
,"KU_D_TB_Dhone(a)","Filter Points",,,,,,,,,,,,,7142.857143,,40,90,5142.857143,,180,180,7142.857143,,180,180,,,,,,,,,,,,
,"KU_D_TB_Dhone (b)","DW",,,,,,,,,,,,,1428.571429,,40,90,571.4285714,,180,180,3571.428571,,180,180,,,,,,,,,,,,
,"KU_D_TB_Dhone (b)","DW+PS/DCB",,,,,,,,,,,,,5000,,40,90,4285.714286,,180,180,7142.857143,,180,180,,,,,,,,,,,,
,"KU_D_TB_Dhone (b)","BWs",,,,,,,,,,,,,8571.428571,,40,90,5142.857143,,180,180,7142.857143,,180,180,,,,,,,,,,,,
,"KU_D_TB_Dhone (b)","STW",,,,,,,,,,,,,22000,,40,90,5142.857143,,180,180,7142.857143,,180,180,,,,,,,,,,,,
,"KU_D_TB_Dhone (b)","MTW",,,,,,,,,,,,,45000,,40,90,10285.71429,,180,180,7142.857143,,180,180,,,,,,,,,,,,
,"KU_D_TB_Dhone (b)","Deep TW",,,,,,,,,,,,,64285.71429,,40,90,10285.71429,,180,180,14285.71429,,180,180,,,,,,,,,,,,
,"KU_D_TB_Dhone (b)","Filter Points",,,,,,,,,,,,,7142.857143,,40,90,5142.857143,,180,180,7142.857143,,180,180,,,,,,,,,,,,
,"Ku_D_TB_Kalluru(a)","DW",,,,,,,,,,,,,3857.142857,,40,60,571.4285714,,120,240,3571.428571,,120,240,,,,,,,,,,,,
,"Ku_D_TB_Kalluru(a)","DW+PS/DCB",,,,,,,,,,,,,3285.714286,,40,60,2857.142857,,120,240,7142.857143,,120,240,,,,,,,,,,,,
,"Ku_D_TB_Kalluru(a)","BWs",,,,,,,,,,,,,7857.142857,,40,60,2857.142857,,120,240,7142.857143,,120,240,,,,,,,,,,,,
,"Ku_D_TB_Kalluru(a)","STW",,,,,,,,,,,,,22000,,40,60,5142.857143,,120,240,7142.857143,,120,240,,,,,,,,,,,,
,"Ku_D_TB_Kalluru(a)","MTW",,,,,,,,,,,,,45000,,40,60,10285.71429,,120,240,7142.857143,,120,240,,,,,,,,,,,,
,"Ku_D_TB_Kalluru(a)","Deep TW",,,,,,,,,,,,,64285.71429,,40,60,10285.71429,,120,240,14285.71429,,120,240,,,,,,,,,,,,
,"Ku_D_TB_Kalluru(a)","Filter Points",,,,,,,,,,,,,7142.857143,,40,60,5142.857143,,120,240,7142.857143,,120,240,,,,,,,,,,,,
,"Ku_D_Lk_Kothapalli (a)","DW",,,,,,,,,,,,,3857.142857,,40,90,571.4285714,,120,240,3571.428571,,120,240,,,,,,,,,,,,
,"Ku_D_Lk_Kothapalli (a)","DW+PS/DCB",,,,,,,,,,,,,3285.714286,,45,88,4285.714286,,120,240,7142.857143,,120,240,,,,,,,,,,,,
,"Ku_D_Lk_Kothapalli (a)","BWs",,,,,,,,,,,,,10714.28571,,45,90,5142.857143,,120,240,7142.857143,,120,240,,,,,,,,,,,,
,"Ku_D_Lk_Kothapalli (a)","STW",,,,,,,,,,,,,22000,,40,90,5142.857143,,120,240,7142.857143,,120,240,,,,,,,,,,,,
,"Ku_D_Lk_Kothapalli (a)","MTW",,,,,,,,,,,,,45000,,40,90,10285.71429,,120,240,7142.857143,,120,240,,,,,,,,,,,,
,"Ku_D_Lk_Kothapalli (a)","Deep TW",,,,,,,,,,,,,64285.71429,,40,90,10285.71429,,120,240,14285.71429,,120,240,,,,,,,,,,,,
,"Ku_D_Lk_Kothapalli (a)","Filter Points",,,,,,,,,,,,,7142.857143,,40,90,5142.857143,,120,240,7142.857143,,120,240,,,,,,,,,,,,
,"Ku_D_Lk_Kothapalli (c)","DW",,,,,,,,,,,,,3857.142857,,40,60,571.4285714,,120,240,3571.428571,,120,240,,,,,,,,,,,,
,"Ku_D_Lk_Kothapalli (c)","DW+PS/DCB",,,,,,,,,,,,,5000,,45,60,4285.714286,,120,240,7142.857143,,120,240,,,,,,,,,,,,
,"Ku_D_Lk_Kothapalli (c)","BWs",,,,,,,,,,,,,8571.428571,,45,60,5142.857143,,120,240,7142.857143,,120,240,,,,,,,,,,,,
,"Ku_D_Lk_Kothapalli (c)","STW",,,,,,,,,,,,,22000,,40,90,5142.857143,,120,240,7142.857143,,120,240,,,,,,,,,,,,
,"Ku_D_Lk_Kothapalli (c)","MTW",,,,,,,,,,,,,45000,,40,90,10285.71429,,120,240,7142.857143,,120,240,,,,,,,,,,,,
,"Ku_D_Lk_Kothapalli (c)","Deep TW",,,,,,,,,,,,,64285.71429,,40,90,10285.71429,,120,240,14285.71429,,120,240,,,,,,,,,,,,
,"Ku_D_Lk_Kothapalli (c)","Filter Points",,,,,,,,,,,,,7142.857143,,40,90,5142.857143,,120,240,7142.857143,,120,240,,,,,,,,,,,,
,"Ku_D-Lk_Kothapalli(d)","DW",,,,,,,,,,,,,1428.571429,,40,60,571.4285714,,180,180,3571.428571,,180,180,,,,,,,,,,,,
,"Ku_D-Lk_Kothapalli(d)","DW+PS/DCB",,,,,,,,,,,,,5000,,40,60,2857.142857,,180,180,7142.857143,,180,180,,,,,,,,,,,,
,"Ku_D-Lk_Kothapalli(d)","BWs",,,,,,,,,,,,,8571.428571,,40,60,2857.142857,,180,180,7142.857143,,180,180,,,,,,,,,,,,
,"Ku_D-Lk_Kothapalli(d)","STW",,,,,,,,,,,,,22000,,40,90,5142.857143,,180,180,7142.857143,,180,180,,,,,,,,,,,,
,"Ku_D-Lk_Kothapalli(d)","MTW",,,,,,,,,,,,,45000,,40,90,10285.71429,,180,180,7142.857143,,180,180,,,,,,,,,,,,
,"Ku_D-Lk_Kothapalli(d)","Deep TW",,,,,,,,,,,,,64285.71429,,40,90,10285.71429,,180,180,14285.71429,,180,180,,,,,,,,,,,,
,"Ku_D-Lk_Kothapalli(d)","Filter Points",,,,,,,,,,,,,7142.857143,,40,90,5142.857143,,180,180,7142.857143,,180,180,,,,,,,,,,,,
,"KU_D_TB_Krishnagiri(a)","DW",,,,,,,,,,,,,3857.142857,,40,90,571.4285714,,120,240,3571.428571,,120,240,,,,,,,,,,,,
,"KU_D_TB_Krishnagiri(a)","DW+PS/DCB",,,,,,,,,,,,,5714.285714,,45,88,4285.714286,,120,240,7142.857143,,120,240,,,,,,,,,,,,
,"KU_D_TB_Krishnagiri(a)","BWs",,,,,,,,,,,,,10000,,45,90,5142.857143,,120,240,7142.857143,,120,240,,,,,,,,,,,,
,"KU_D_TB_Krishnagiri(a)","STW",,,,,,,,,,,,,22000,,40,90,5142.857143,,120,240,7142.857143,,120,240,,,,,,,,,,,,
,"KU_D_TB_Krishnagiri(a)","MTW",,,,,,,,,,,,,45000,,40,90,10285.71429,,120,240,7142.857143,,120,240,,,,,,,,,,,,
,"KU_D_TB_Krishnagiri(a)","Deep TW",,,,,,,,,,,,,64285.71429,,40,90,10285.71429,,120,240,14285.71429,,120,240,,,,,,,,,,,,
,"KU_D_TB_Krishnagiri(a)","Filter Points",,,,,,,,,,,,,7142.857143,,40,90,5142.857143,,120,240,7142.857143,,120,240,,,,,,,,,,,,
,"Ku_D_Tb_Krishnagiri(b)","DW",,,,,,,,,,,,,3857.142857,,40,60,571.4285714,,120,240,3571.428571,,120,240,,,,,,,,,,,,
,"Ku_D_Tb_Krishnagiri(b)","DW+PS/DCB",,,,,,,,,,,,,5000,,45,60,2857.142857,,120,240,7142.857143,,120,240,,,,,,,,,,,,
,"Ku_D_Tb_Krishnagiri(b)","BWs",,,,,,,,,,,,,8571.428571,,45,60,2857.142857,,120,240,7142.857143,,120,240,,,,,,,,,,,,
,"Ku_D_Tb_Krishnagiri(b)","STW",,,,,,,,,,,,,22000,,40,60,5142.857143,,120,240,7142.857143,,120,240,,,,,,,,,,,,
,"Ku_D_Tb_Krishnagiri(b)","MTW",,,,,,,,,,,,,45000,,40,90,10285.71429,,120,240,7142.857143,,120,240,,,,,,,,,,,,
,"Ku_D_Tb_Krishnagiri(b)","Deep TW",,,,,,,,,,,,,64285.71429,,40,90,10285.71429,,120,240,14285.71429,,120,240,,,,,,,,,,,,
,"Ku_D_Tb_Krishnagiri(b)","Filter Points",,,,,,,,,,,,,7142.857143,,40,90,5142.857143,,120,240,7142.857143,,120,240,,,,,,,,,,,,
,"KU_D_LK_SRISAILAM (a)","DW",,,,,,,,,,,,,3857.142857,,40,90,571.4285714,,180,180,3571.428571,,180,180,,,,,,,,,,,,
,"KU_D_LK_SRISAILAM (a)","DW+PS/DCB",,,,,,,,,,,,,7142.857143,,40,90,4285.714286,,180,180,7142.857143,,180,180,,,,,,,,,,,,
,"KU_D_LK_SRISAILAM (a)","BWs",,,,,,,,,,,,,14285.71429,,40,90,5142.857143,,180,180,7142.857143,,180,180,,,,,,,,,,,,
,"KU_D_LK_SRISAILAM (a)","STW",,,,,,,,,,,,,22000,,40,90,5142.857143,,180,180,7142.857143,,180,180,,,,,,,,,,,,
,"KU_D_LK_SRISAILAM (a)","MTW",,,,,,,,,,,,,45000,,40,90,10285.71429,,180,180,7142.857143,,180,180,,,,,,,,,,,,
,"KU_D_LK_SRISAILAM (a)","Deep TW",,,,,,,,,,,,,64285.71429,,40,90,10285.71429,,180,180,14285.71429,,180,180,,,,,,,,,,,,
,"KU_D_LK_SRISAILAM (a)","Filter Points",,,,,,,,,,,,,7142.857143,,40,90,5142.857143,,180,180,7142.857143,,180,180,,,,,,,,,,,,
,"KU_D_LK_SRISAILAM(b)","DW",,,,,,,,,,,,,1428.571429,,40,90,571.4285714,,180,180,3571.428571,,180,180,,,,,,,,,,,,
,"KU_D_LK_SRISAILAM(b)","DW+PS/DCB",,,,,,,,,,,,,5000,,40,90,4285.714286,,180,180,7142.857143,,180,180,,,,,,,,,,,,
,"KU_D_LK_SRISAILAM(b)","BWs",,,,,,,,,,,,,8571.428571,,40,90,5142.857143,,180,180,7142.857143,,180,180,,,,,,,,,,,,
,"KU_D_LK_SRISAILAM(b)","STW",,,,,,,,,,,,,22000,,40,90,5142.857143,,180,180,7142.857143,,180,180,,,,,,,,,,,,
,"KU_D_LK_SRISAILAM(b)","MTW",,,,,,,,,,,,,45000,,40,90,10285.71429,,180,180,7142.857143,,180,180,,,,,,,,,,,,
,"KU_D_LK_SRISAILAM(b)","Deep TW",,,,,,,,,,,,,64285.71429,,40,90,10285.71429,,180,180,14285.71429,,180,180,,,,,,,,,,,,
,"KU_D_LK_SRISAILAM(b)","Filter Points",,,,,,,,,,,,,7142.857143,,40,90,5142.857143,,180,180,7142.857143,,180,180,,,,,,,,,,,,
,"KU_D_TB_ALURU","DW",,,,,,,,,,,,,3857.142857,,40,90,571.4285714,,120,240,3571.428571,,120,240,,,,,,,,,,,,
,"KU_D_TB_ALURU","DW+PS/DCB",,,,,,,,,,,,,7142.857143,,45,88,4285.714286,,120,240,7142.857143,,120,240,,,,,,,,,,,,
,"KU_D_TB_ALURU","BWs",,,,,,,,,,,,,14285.71429,,45,90,5142.857143,,120,240,7142.857143,,120,240,,,,,,,,,,,,
,"KU_D_TB_ALURU","STW",,,,,,,,,,,,,22000,,40,90,5142.857143,,120,240,7142.857143,,120,240,,,,,,,,,,,,
,"KU_D_TB_ALURU","MTW",,,,,,,,,,,,,45000,,40,90,10285.71429,,120,240,7142.857143,,120,240,,,,,,,,,,,,
,"KU_D_TB_ALURU","Deep TW",,,,,,,,,,,,,64285.71429,,40,90,10285.71429,,120,240,14285.71429,,120,240,,,,,,,,,,,,
,"KU_D_TB_ALURU","Filter Points",,,,,,,,,,,,,7142.857143,,40,90,5142.857143,,120,240,7142.857143,,120,240,,,,,,,,,,,,
,"KU_D_TB_ALUR_C","DW",,,,,,,,,,,,,3857.142857,,40,60,571.4285714,,120,240,3571.428571,,120,240,,,,,,,,,,,,
,"KU_D_TB_ALUR_C","DW+PS/DCB",,,,,,,,,,,,,5000,,45,60,2857.142857,,120,240,5000,,120,240,,,,,,,,,,,,
,"KU_D_TB_ALUR_C","BWs",,,,,,,,,,,,,8571.428571,,45,60,2857.142857,,120,240,7142.857143,,120,240,,,,,,,,,,,,
,"KU_D_TB_ALUR_C","STW",,,,,,,,,,,,,22000,,40,60,5142.857143,,120,240,7142.857143,,120,240,,,,,,,,,,,,
,"KU_D_TB_ALUR_C","MTW",,,,,,,,,,,,,45000,,40,90,10285.71429,,120,240,7142.857143,,120,240,,,,,,,,,,,,
,"KU_D_TB_ALUR_C","Deep TW",,,,,,,,,,,,,64285.71429,,40,90,10285.71429,,120,240,14285.71429,,120,240,,,,,,,,,,,,
,"KU_D_TB_ALUR_C","Filter Points",,,,,,,,,,,,,7142.857143,,40,90,5142.857143,,120,240,7142.857143,,120,240,,,,,,,,,,,,
,"Ku_D-TB_Aspari(a)","DW",,,,,,,,,,,,,3857.142857,,40,90,571.4285714,,120,240,3571.428571,,120,240,,,,,,,,,,,,
,"Ku_D-TB_Aspari(a)","DW+PS/DCB",,,,,,,,,,,,,5000,,45,88,4285.714286,,120,240,7142.857143,,120,240,,,,,,,,,,,,
,"Ku_D-TB_Aspari(a)","BWs",,,,,,,,,,,,,7857.142857,,45,90,5142.857143,,120,240,7142.857143,,120,240,,,,,,,,,,,,
,"Ku_D-TB_Aspari(a)","STW",,,,,,,,,,,,,22000,,40,90,5142.857143,,120,240,7142.857143,,120,240,,,,,,,,,,,,
,"Ku_D-TB_Aspari(a)","MTW",,,,,,,,,,,,,45000,,40,90,10285.71429,,120,240,7142.857143,,120,240,,,,,,,,,,,,
,"Ku_D-TB_Aspari(a)","Deep TW",,,,,,,,,,,,,64285.71429,,40,90,10285.71429,,120,240,14285.71429,,120,240,,,,,,,,,,,,
,"Ku_D-TB_Aspari(a)","Filter Points",,,,,,,,,,,,,7142.857143,,40,90,5142.857143,,120,240,7142.857143,,120,240,,,,,,,,,,,,
,"KU_D_TB_ASPARI","DW",,,,,,,,,,,,,3857.142857,,40,60,571.4285714,,120,240,3571.428571,,120,240,,,,,,,,,,,,
,"KU_D_TB_ASPARI","DW+PS/DCB",,,,,,,,,,,,,5000,,45,60,2857.142857,,120,240,7142.857143,,120,240,,,,,,,,,,,,
,"KU_D_TB_ASPARI","BWs",,,,,,,,,,,,,7142.857143,,45,60,2857.142857,,120,240,7142.857143,,120,240,,,,,,,,,,,,
,"KU_D_TB_ASPARI","STW",,,,,,,,,,,,,22000,,40,30,5142.857143,,120,240,7142.857143,,120,240,,,,,,,,,,,,
,"KU_D_TB_ASPARI","MTW",,,,,,,,,,,,,45000,,40,90,10285.71429,,120,240,7142.857143,,120,240,,,,,,,,,,,,
,"KU_D_TB_ASPARI","Deep TW",,,,,,,,,,,,,64285.71429,,40,90,10285.71429,,120,240,14285.71429,,120,240,,,,,,,,,,,,
,"KU_D_TB_ASPARI","Filter Points",,,,,,,,,,,,,7142.857143,,40,90,5142.857143,,120,240,7142.857143,,120,240,,,,,,,,,,,,
,"KU_D_TB_Devanakonda(a)","DW",,,,,,,,,,,,,3857.142857,,40,60,571.4285714,,120,240,3571.428571,,120,240,,,,,,,,,,,,
,"KU_D_TB_Devanakonda(a)","DW+PS/DCB",,,,,,,,,,,,,5000,,45,60,2857.142857,,120,240,7142.857143,,120,240,,,,,,,,,,,,
,"KU_D_TB_Devanakonda(a)","BWs",,,,,,,,,,,,,7142.857143,,45,60,2857.142857,,120,240,7142.857143,,120,240,,,,,,,,,,,,
,"KU_D_TB_Devanakonda(a)","STW",,,,,,,,,,,,,22000,,40,60,5142.857143,,120,240,7142.857143,,120,240,,,,,,,,,,,,
,"KU_D_TB_Devanakonda(a)","MTW",,,,,,,,,,,,,45000,,40,60,10285.71429,,120,240,7142.857143,,120,240,,,,,,,,,,,,
,"KU_D_TB_Devanakonda(a)","Deep TW",,,,,,,,,,,,,64285.71429,,40,60,10285.71429,,120,240,14285.71429,,120,240,,,,,,,,,,,,
,"KU_D_TB_Devanakonda(a)","Filter Points",,,,,,,,,,,,,7142.857143,,40,60,5142.857143,,120,240,7142.857143,,120,240,,,,,,,,,,,,
,"KU_D-TB_GONEGANDLA","DW",,,,,,,,,,,,,3857.142857,,40,60,571.4285714,,120,240,3571.428571,,120,240,,,,,,,,,,,,
,"KU_D-TB_GONEGANDLA","DW+PS/DCB",,,,,,,,,,,,,5000,,45,60,2857.142857,,120,240,7142.857143,,120,240,,,,,,,,,,,,
,"KU_D-TB_GONEGANDLA","BWs",,,,,,,,,,,,,7857.142857,,45,60,2857.142857,,120,240,7142.857143,,120,240,,,,,,,,,,,,
,"KU_D-TB_GONEGANDLA","STW",,,,,,,,,,,,,5000,,40,60,5142.857143,,120,240,7142.857143,,120,240,,,,,,,,,,,,
,"KU_D-TB_GONEGANDLA","MTW",,,,,,,,,,,,,14285.71429,,40,90,10285.71429,,120,240,7142.857143,,120,240,,,,,,,,,,,,
,"KU_D-TB_GONEGANDLA","Deep TW",,,,,,,,,,,,,14285.71429,,40,90,10285.71429,,120,240,14285.71429,,120,240,,,,,,,,,,,,
,"KU_D-TB_GONEGANDLA","Filter Points",,,,,,,,,,,,,7142.857143,,40,90,5142.857143,,120,240,7142.857143,,120,240,,,,,,,,,,,,
,"Ku_D_TB_Kurnool (A)_NC","DW",,,,,,,,,,,,,3857.142857,,40,60,571.4285714,,120,240,3571.428571,,120,240,,,,,,,,,,,,
,"Ku_D_TB_Kurnool (A)_NC","DW+PS/DCB",,,,,,,,,,,,,3571.428571,,45,60,2857.142857,,120,240,7142.857143,,120,240,,,,,,,,,,,,
,"Ku_D_TB_Kurnool (A)_NC","BWs",,,,,,,,,,,,,7142.857143,,45,60,2857.142857,,120,240,7142.857143,,120,240,,,,,,,,,,,,
,"Ku_D_TB_Kurnool (A)_NC","STW",,,,,,,,,,,,,14285.71429,,40,60,5142.857143,,120,240,7142.857143,,120,240,,,,,,,,,,,,
,"Ku_D_TB_Kurnool (A)_NC","MTW",,,,,,,,,,,,,14285.71429,,40,90,10285.71429,,120,240,7142.857143,,120,240,,,,,,,,,,,,
,"Ku_D_TB_Kurnool (A)_NC","Deep TW",,,,,,,,,,,,,17142.85714,,40,90,10285.71429,,120,240,14285.71429,,120,240,,,,,,,,,,,,
,"Ku_D_TB_Kurnool (A)_NC","Filter Points",,,,,,,,,,,,,7142.857143,,40,90,5142.857143,,120,240,7142.857143,,120,240,,,,,,,,,,,,
,"Ku_D_TB_Kurnool (c)_NC","DW",,,,,,,,,,,,,3857.142857,,40,60,571.4285714,,120,240,3571.428571,,120,240,,,,,,,,,,,,
,"Ku_D_TB_Kurnool (c)_NC","DW+PS/DCB",,,,,,,,,,,,,3571.428571,,45,60,2857.142857,,120,240,7142.857143,,120,240,,,,,,,,,,,,
,"Ku_D_TB_Kurnool (c)_NC","BWs",,,,,,,,,,,,,7142.857143,,45,60,2857.142857,,120,240,7142.857143,,120,240,,,,,,,,,,,,
,"Ku_D_TB_Kurnool (c)_NC","STW",,,,,,,,,,,,,22000,,40,60,5142.857143,,120,240,7142.857143,,120,240,,,,,,,,,,,,
,"Ku_D_TB_Kurnool (c)_NC","MTW",,,,,,,,,,,,,45000,,40,90,10285.71429,,120,240,7142.857143,,120,240,,,,,,,,,,,,
,"Ku_D_TB_Kurnool (c)_NC","Deep TW",,,,,,,,,,,,,64285.71429,,40,90,10285.71429,,120,240,14285.71429,,120,240,,,,,,,,,,,,
,"Ku_D_TB_Kurnool (c)_NC","Filter Points",,,,,,,,,,,,,7142.857143,,40,90,5142.857143,,120,240,7142.857143,,120,240,,,,,,,,,,,,
,"Ku-d-tb_Pathikonda(a)","DW",,,,,,,,,,,,,3857.142857,,40,90,571.4285714,,120,240,3571.428571,,120,240,,,,,,,,,,,,
,"Ku-d-tb_Pathikonda(a)","DW+PS/DCB",,,,,,,,,,,,,4285.714286,,45,88,4285.714286,,120,240,7142.857143,,120,240,,,,,,,,,,,,
,"Ku-d-tb_Pathikonda(a)","BWs",,,,,,,,,,,,,8571.428571,,45,90,5142.857143,,120,240,7142.857143,,120,240,,,,,,,,,,,,
,"Ku-d-tb_Pathikonda(a)","STW",,,,,,,,,,,,,22000,,40,90,5142.857143,,120,240,7142.857143,,120,240,,,,,,,,,,,,
,"Ku-d-tb_Pathikonda(a)","MTW",,,,,,,,,,,,,45000,,40,90,10285.71429,,120,240,7142.857143,,120,240,,,,,,,,,,,,
,"Ku-d-tb_Pathikonda(a)","Deep TW",,,,,,,,,,,,,64285.71429,,40,90,10285.71429,,120,240,14285.71429,,120,240,,,,,,,,,,,,
,"Ku-d-tb_Pathikonda(a)","Filter Points",,,,,,,,,,,,,7142.857143,,40,90,5142.857143,,120,240,7142.857143,,120,240,,,,,,,,,,,,
,"Ku_D_Tb_Pathikonda(b)","DW",,,,,,,,,,,,,3857.142857,,40,90,571.4285714,,120,240,3571.428571,,120,240,,,,,,,,,,,,
,"Ku_D_Tb_Pathikonda(b)","DW+PS/DCB",,,,,,,,,,,,,4285.714286,,45,88,4285.714286,,120,240,7142.857143,,120,240,,,,,,,,,,,,
,"Ku_D_Tb_Pathikonda(b)","BWs",,,,,,,,,,,,,8571.428571,,45,90,5142.857143,,120,240,7142.857143,,120,240,,,,,,,,,,,,
,"Ku_D_Tb_Pathikonda(b)","STW",,,,,,,,,,,,,22000,,40,90,5142.857143,,120,240,7142.857143,,120,240,,,,,,,,,,,,
,"Ku_D_Tb_Pathikonda(b)","MTW",,,,,,,,,,,,,45000,,40,90,10285.71429,,120,240,7142.857143,,120,240,,,,,,,,,,,,
,"Ku_D_Tb_Pathikonda(b)","Deep TW",,,,,,,,,,,,,64285.71429,,40,90,10285.71429,,120,240,14285.71429,,120,240,,,,,,,,,,,,
,"Ku_D_Tb_Pathikonda(b)","Filter Points",,,,,,,,,,,,,7142.857143,,40,90,5142.857143,,120,240,7142.857143,,120,240,,,,,,,,,,,,
,"Ku_d_tb_Veldurthi","DW",,,,,,,,,,,,,3857.142857,,40,90,571.4285714,,120,240,3571.428571,,120,240,,,,,,,,,,,,
,"Ku_d_tb_Veldurthi","DW+PS/DCB",,,,,,,,,,,,,4285.714286,,45,88,4285.714286,,120,240,7142.857143,,120,240,,,,,,,,,,,,
,"Ku_d_tb_Veldurthi","BWs",,,,,,,,,,,,,8571.428571,,45,90,5142.857143,,120,240,7142.857143,,120,240,,,,,,,,,,,,
,"Ku_d_tb_Veldurthi","STW",,,,,,,,,,,,,22000,,40,90,5142.857143,,120,240,7142.857143,,120,240,,,,,,,,,,,,
,"Ku_d_tb_Veldurthi","MTW",,,,,,,,,,,,,45000,,40,90,10285.71429,,120,240,7142.857143,,120,240,,,,,,,,,,,,
,"Ku_d_tb_Veldurthi","Deep TW",,,,,,,,,,,,,64285.71429,,40,90,10285.71429,,120,240,14285.71429,,120,240,,,,,,,,,,,,
,"Ku_d_tb_Veldurthi","Filter Points",,,,,,,,,,,,,7142.857143,,40,90,5142.857143,,120,240,7142.857143,,120,240,,,,,,,,,,,,
,"Ku_c_Gkd_Velugodu","DW",,,,,,,,,,,,,3857.142857,,40,90,571.4285714,,120,240,3571.428571,,120,240,,,,,,,,,,,,
,"Ku_c_Gkd_Velugodu","DW+PS/DCB",,,,,,,,,,,,,7142.857143,,45,88,4285.714286,,120,240,7142.857143,,120,240,,,,,,,,,,,,
,"Ku_c_Gkd_Velugodu","BWs",,,,,,,,,,,,,14285.71429,,45,90,5142.857143,,120,240,7142.857143,,120,240,,,,,,,,,,,,
,"Ku_c_Gkd_Velugodu","STW",,,,,,,,,,,,,22000,,40,90,5142.857143,,120,240,7142.857143,,120,240,,,,,,,,,,,,
,"Ku_c_Gkd_Velugodu","MTW",,,,,,,,,,,,,45000,,40,90,10285.71429,,120,240,7142.857143,,120,240,,,,,,,,,,,,
,"Ku_c_Gkd_Velugodu","Deep TW",,,,,,,,,,,,,64285.71429,,40,90,10285.71429,,120,240,14285.71429,,120,240,,,,,,,,,,,,
,"Ku_c_Gkd_Velugodu","Filter Points",,,,,,,,,,,,,7142.857143,,40,90,5142.857143,,120,240,7142.857143,,120,240,,,,,,,,,,,,
